Case,Layer,Latent_ID,AUC,InterPro ID,InterPro Name,A_in,A_out,Delta_In_Out,L2FC,Bonferroni adj. p-value
2pkea,4,1509,0.9605929851531982,IPR008880,"Trigger factor, C-terminal",8.500542640686035,7.3494977951049805,1.1510448455810547,0.20990724861621857,0.001958525041118264
2pkea,4,1509,0.9605929851531982,IPR008881,"Trigger factor, ribosome-binding, bacterial",8.500542640686035,7.3494977951049805,1.1510448455810547,0.20990724861621857,0.001958525041118264
2pkea,4,1509,0.9605929851531982,IPR005215,Trigger factor,8.500542640686035,7.3494977951049805,1.1510448455810547,0.20990724861621857,0.001958525041118264
2pkea,4,1509,0.9605929851531982,IPR036611,Trigger factor ribosome-binding domain superfamily,8.500542640686035,7.3494977951049805,1.1510448455810547,0.20990724861621857,0.001958525041118264
2pkea,4,1509,0.9605929851531982,IPR037041,"Trigger factor, C-terminal domain superfamily",8.500542640686035,7.3494977951049805,1.1510448455810547,0.20990724861621857,0.001958525041118264
2pkea,4,2487,0.9681223034858704,IPR009081,Phosphopantetheine binding ACP domain,7.112132549285889,5.018738269805908,2.0933942794799805,0.5029546022415161,0.003456865670159459
2pkea,4,2487,0.9681223034858704,IPR003231,Acyl carrier protein,7.112132549285889,5.018738269805908,2.0933942794799805,0.5029546022415161,0.003456865670159459
2pkea,4,2487,0.9681223034858704,IPR036736,ACP-like superfamily,7.112132549285889,5.018738269805908,2.0933942794799805,0.5029546022415161,0.003456865670159459
2pkea,4,3501,0.9527429938316345,IPR024567,Ribonuclease HII/HIII domain,4.100878715515137,3.3028337955474854,0.7980449199676514,0.3122243285179138,0.00035376028972677886
2pkea,4,3501,0.9527429938316345,IPR001352,Ribonuclease HII/HIII,4.100878715515137,3.3028337955474854,0.7980449199676514,0.3122243285179138,0.00035376028972677886
2pkea,8,136,0.9699983596801758,IPR018370,"Chaperonin Cpn60, conserved site",9.608540534973145,7.846593379974365,1.7619471549987793,0.29224902391433716,0.04291097819805145
2pkea,8,136,0.9726089239120483,IPR013842,"GTP-binding protein LepA, C-terminal",9.69080924987793,7.846469879150391,1.844339370727539,0.30457162857055664,0.03421703726053238
2pkea,8,136,0.9726089239120483,IPR035654,"Elongation factor 4, domain IV",9.69080924987793,7.846469879150391,1.844339370727539,0.30457162857055664,0.03421703726053238
2pkea,8,136,0.9704495668411255,IPR001844,Chaperonin Cpn60/GroEL,9.612011909484863,7.846411228179932,1.7656006813049316,0.29280364513397217,0.010650118812918663
2pkea,8,136,0.9564699530601501,IPR002423,Chaperonin Cpn60/GroEL/TCP-1 family,9.51661205291748,7.846062183380127,1.6705498695373535,0.27847737073898315,0.000832748890388757
2pkea,8,136,0.9726089239120483,IPR006297,Elongation factor 4,9.69080924987793,7.846469879150391,1.844339370727539,0.30457162857055664,0.03421703726053238
2pkea,8,136,0.9564699530601501,IPR027409,GroEL-like apical domain superfamily,9.51661205291748,7.846062183380127,1.6705498695373535,0.27847737073898315,0.000832748890388757
2pkea,8,136,0.9564699530601501,IPR027410,TCP-1-like chaperonin intermediate domain superfamily,9.51661205291748,7.846062183380127,1.6705498695373535,0.27847737073898315,0.000832748890388757
2pkea,8,136,0.9564699530601501,IPR027413,GroEL-like equatorial domain superfamily,9.51661205291748,7.846062183380127,1.6705498695373535,0.27847737073898315,0.000832748890388757
2pkea,8,136,0.9726089239120483,IPR038363,"LepA, C-terminal domain superfamily",9.69080924987793,7.846469879150391,1.844339370727539,0.30457162857055664,0.03421703726053238
2pkea,12,264,0.9753080010414124,IPR016066,"Alpha-D-phosphohexomutase, conserved site",4.8780622482299805,1.2018342018127441,3.6762280464172363,2.0210583209991455,0.0012729386799037457
2pkea,12,264,0.9845045208930969,IPR018102,"Small ribosomal subunit protein uS11, conserved site",6.827947616577148,1.195692777633667,5.632254600524902,2.5135931968688965,3.657724505501392e-07
2pkea,12,264,0.980177640914917,IPR018171,"Peptidyl-tRNA hydrolase, conserved site",5.7147216796875,1.2008615732192993,4.51386022567749,2.250601291656494,0.0032443846575915813
2pkea,12,264,0.9977667331695557,IPR018181,"Heat shock protein 70, conserved site",15.768254280090332,1.1774431467056274,14.590810775756836,3.743281364440918,2.8710755373140273e-07
2pkea,12,264,0.9658287167549133,IPR018223,"Argininosuccinate synthase, conserved site",4.216797351837158,1.203563928604126,3.0132334232330322,1.8088228702545166,0.0478503443300724
2pkea,12,264,0.9566608667373657,IPR018260,"Large ribosomal subunit protein uL22, conserved site",3.8269314765930176,1.2033613920211792,2.623569965362549,1.669106125831604,0.0021849614568054676
2pkea,12,264,0.9919458627700806,IPR023865,"Aliphatic acid kinase, short-chain, conserved site",12.290061950683594,1.19254732131958,11.097515106201172,3.3653616905212402,0.02088186703622341
2pkea,12,264,0.9529768228530884,IPR001048,Aspartate/glutamate/uridylate kinase,3.737032651901245,1.1992013454437256,2.5378313064575195,1.6398072242736816,1.6157206865832774e-12
2pkea,12,264,0.9759266972541809,IPR005843,"Alpha-D-phosphohexomutase, C-terminal",4.919094562530518,1.2017643451690674,3.71733021736145,2.033226728439331,0.0011965060839429498
2pkea,12,264,0.9753194451332092,IPR005844,"Alpha-D-phosphohexomutase, alpha/beta/alpha domain I",4.875260353088379,1.2014710903167725,3.6737892627716064,2.020665407180786,0.00031509576365351677
2pkea,12,264,0.9754576086997986,IPR005845,"Alpha-D-phosphohexomutase, alpha/beta/alpha domain II",4.89404296875,1.2021769285202026,3.691865921020508,2.0253655910491943,0.005073857493698597
2pkea,12,264,0.9754576086997986,IPR005846,"Alpha-D-phosphohexomutase, alpha/beta/alpha domain III",4.89404296875,1.2021769285202026,3.691865921020508,2.0253655910491943,0.005073857493698597
2pkea,12,264,0.9720795750617981,IPR011761,ATP-grasp fold,4.636429786682129,1.1977678537368774,3.438662052154541,1.9526538848876953,3.2966050028671035e-11
2pkea,12,264,0.9936932921409607,IPR018484,"Carbohydrate kinase FGGY, N-terminal",12.732030868530273,1.18614661693573,11.545884132385254,3.42409610748291,9.697489986137953e-06
2pkea,12,264,0.9936773777008057,IPR018485,"Carbohydrate kinase FGGY, C-terminal",12.692675590515137,1.1850686073303223,11.507606506347656,3.4209415912628174,2.168919309042394e-06
2pkea,12,264,0.9581663608551025,IPR022310,NAD/GMP synthase,3.9046406745910645,1.2032212018966675,2.7014193534851074,1.6982759237289429,0.0018740774830803275
2pkea,12,264,0.9799624085426331,IPR024567,Ribonuclease HII/HIII domain,5.561458110809326,1.199359655380249,4.362098693847656,2.213186740875244,1.125225935538765e-05
2pkea,12,264,0.9658287167549133,IPR048267,"Arginosuccinate synthase-like, N-terminal domain",4.216797351837158,1.203563928604126,3.0132334232330322,1.8088228702545166,0.0478503443300724
2pkea,12,264,0.9658287167549133,IPR048268,Arginosuccinate synthase C-terminal domain,4.216797351837158,1.203563928604126,3.0132334232330322,1.8088228702545166,0.0478503443300724
2pkea,12,264,0.9935569763183594,IPR000577,"Carbohydrate kinase, FGGY",12.74901008605957,1.1907464265823364,11.558263778686523,3.4204349517822266,0.004024693742394447
2pkea,12,264,0.9573184251785278,IPR001063,Large ribosomal subunit protein uL22,3.8427734375,1.2017452716827393,2.6410281658172607,1.6770048141479492,8.98742939625663e-07
2pkea,12,264,0.980177640914917,IPR001328,Peptidyl-tRNA hydrolase,5.7147216796875,1.2008615732192993,4.51386022567749,2.250601291656494,0.0032443846575915813
2pkea,12,264,0.9799624085426331,IPR001352,Ribonuclease HII/HIII,5.561458110809326,1.199359655380249,4.362098693847656,2.213186740875244,1.125225935538765e-05
2pkea,12,264,0.9658287167549133,IPR001518,Argininosuccinate synthase,4.216797351837158,1.203563928604126,3.0132334232330322,1.8088228702545166,0.0478503443300724
2pkea,12,264,0.984711229801178,IPR001971,Small ribosomal subunit protein uS11,6.84521484375,1.1945221424102783,5.650692939758301,2.5186500549316406,1.991487685870652e-08
2pkea,12,264,0.9570415616035461,IPR005727,"Large ribosomal subunit protein uL22, bacterial/chloroplast-type",3.835644483566284,1.2028181552886963,2.632826328277588,1.6730384826660156,0.00015946802159305662
2pkea,12,264,0.9754576086997986,IPR005841,Alpha-D-phosphohexomutase superfamily,4.89404296875,1.2021769285202026,3.691865921020508,2.0253655910491943,0.005073857493698597
2pkea,12,264,0.9977905750274658,IPR013126,Heat shock protein 70 family,15.758428573608398,1.1760023832321167,14.582426071166992,3.7441484928131104,6.251882211927295e-08
2pkea,12,264,0.9864829778671265,IPR019981,"Small ribosomal subunit protein uS11, bacterial-type",7.222070217132568,1.1960316896438599,6.026038646697998,2.594144821166992,5.172940291231498e-06
2pkea,12,264,0.9807230830192566,IPR022898,Ribonuclease HII,5.685317039489746,1.200459599494934,4.484857559204102,2.2436418533325195,0.0007384014897979796
2pkea,12,264,0.9658287167549133,IPR023434,"Argininosuccinate synthase, type 1 subfamily",4.216797351837158,1.203563928604126,3.0132334232330322,1.8088228702545166,0.0478503443300724
2pkea,12,264,0.9570415616035461,IPR047867,"Large ribosomal subunit protein uL22, bacterial/organelle-type",3.835644483566284,1.2028181552886963,2.632826328277588,1.6730384826660156,0.00015946802159305662
2pkea,12,264,0.9753194451332092,IPR016055,"Alpha-D-phosphohexomutase, alpha/beta/alpha I/II/III",4.875260353088379,1.2014710903167725,3.6737892627716064,2.020665407180786,0.00031509576365351677
2pkea,12,264,0.9713141918182373,IPR016185,Pre-ATP-grasp domain superfamily,4.6272993087768555,1.2005449533462524,3.4267544746398926,1.9464689493179321,2.0181712443445576e-06
2pkea,12,264,0.9544323086738586,IPR023214,HAD superfamily,4.1102118492126465,1.2011018991470337,2.9091100692749023,1.7748421430587769,1.3258938906801632e-06
2pkea,12,264,0.9658287167549133,IPR024074,"Argininosuccinate synthetase, catalytic/multimerisation domain body",4.216797351837158,1.203563928604126,3.0132334232330322,1.8088228702545166,0.0478503443300724
2pkea,12,264,0.9830741882324219,IPR029001,Inosine triphosphate pyrophosphatase-like,6.467830657958984,1.199126958847046,5.268703460693359,2.4312853813171387,0.0005818397039547563
2pkea,12,264,0.9977667331695557,IPR029047,"Heat shock protein 70kD, peptide-binding domain superfamily",15.768254280090332,1.1774431467056274,14.590810775756836,3.743281364440918,2.8710755373140273e-07
2pkea,12,264,0.9976653456687927,IPR029048,"Heat shock protein 70kD, C-terminal domain superfamily",15.7047119140625,1.179032564163208,14.525679588317871,3.7355096340179443,1.332538772658154e-06
2pkea,12,264,0.9529768228530884,IPR036393,Acetylglutamate kinase-like superfamily,3.737032651901245,1.1992013454437256,2.5378313064575195,1.6398072242736816,1.6157206865832774e-12
2pkea,12,264,0.9573184251785278,IPR036394,Ribosomal protein uL22 superfamily,3.8427734375,1.2017452716827393,2.6410281658172607,1.6770048141479492,8.98742939625663e-07
2pkea,12,264,0.956430196762085,IPR036412,HAD-like superfamily,4.18145227432251,1.201229214668274,2.9802231788635254,1.799480676651001,3.644745220299228e-06
2pkea,12,264,0.980177640914917,IPR036416,Peptidyl-tRNA hydrolase superfamily,5.7147216796875,1.2008615732192993,4.51386022567749,2.250601291656494,0.0032443846575915813
2pkea,12,264,0.9753194451332092,IPR036900,"Alpha-D-phosphohexomutase, C-terminal domain superfamily",4.875260353088379,1.2014710903167725,3.6737892627716064,2.020665407180786,0.00031509576365351677
2pkea,12,264,0.984711229801178,IPR036967,Small ribosomal subunit protein uS11 superfamily,6.84521484375,1.1945221424102783,5.650692939758301,2.5186500549316406,1.991487685870652e-08
2pkea,12,264,0.9977746605873108,IPR043129,"ATPase, nucleotide binding domain",13.121642112731934,1.093819499015808,12.027822494506836,3.5844883918762207,0.0
2pkea,12,387,0.9791527986526489,IPR033128,"Adenylosuccinate synthase, active site",1.8128662109375,0.32599687576293945,1.4868693351745605,2.4752981662750244,2.622411329866736e-06
2pkea,12,387,0.9791527986526489,IPR018220,"Adenylosuccinate synthase, GTP-binding site",1.8128662109375,0.32599687576293945,1.4868693351745605,2.4752981662750244,2.622411329866736e-06
2pkea,12,387,0.9951942563056946,IPR000291,"D-alanine--D-alanine ligase/VANA/B/C, conserved site",2.7770683765411377,0.3255827724933624,2.4514856338500977,3.0924222469329834,0.00408144248649478
2pkea,12,387,0.9991373419761658,IPR020574,"Small ribosomal subunit protein uS9, conserved site",3.73046875,0.3240962624549866,3.406372547149658,3.524818181991577,0.00042038646643050015
2pkea,12,387,0.9752832651138306,IPR020595,"MnmG-related, conserved site",1.7635290622711182,0.32665663957595825,1.4368724822998047,2.4325742721557617,0.004283253103494644
2pkea,12,387,0.985338032245636,IPR049946,"Large ribosomal subunit protein bL20, conserved site",2.0877604484558105,0.3258817791938782,1.7618787288665771,2.6794912815093994,4.417308809934184e-05
2pkea,12,387,0.9735403060913086,IPR001986,Enolpyruvate transferase domain,1.690039038658142,0.3264791965484619,1.3635598421096802,2.3719491958618164,0.00016218391829170287
2pkea,12,387,0.9951942563056946,IPR011095,"D-alanine--D-alanine ligase, C-terminal",2.7770683765411377,0.3255827724933624,2.4514856338500977,3.0924222469329834,0.00408144248649478
2pkea,12,387,0.9952583909034729,IPR011127,"D-alanine--D-alanine ligase, N-terminal domain",2.7969298362731934,0.3258063495159149,2.471123456954956,3.101713180541992,0.026747146621346474
2pkea,12,387,0.991273820400238,IPR011761,ATP-grasp fold,2.4664735794067383,0.3220914304256439,2.1443822383880615,2.9368627071380615,2.5939229265527824e-17
2pkea,12,387,0.9664024710655212,IPR020630,"Tetrahydrofolate dehydrogenase/cyclohydrolase, catalytic domain",1.5747222900390625,0.3265274465084076,1.2481948137283325,2.2697770595550537,6.637415935983881e-05
2pkea,12,387,0.9664024710655212,IPR020631,"Tetrahydrofolate dehydrogenase/cyclohydrolase, NAD(P)-binding domain",1.5747222900390625,0.3265274465084076,1.2481948137283325,2.2697770595550537,6.637415935983881e-05
2pkea,12,387,0.977492094039917,IPR040131,"MnmG, N-terminal domain",1.8334945440292358,0.3261127769947052,1.507381796836853,2.4911088943481445,1.840256118157413e-05
2pkea,12,387,0.9664024710655212,IPR000672,Tetrahydrofolate dehydrogenase/cyclohydrolase,1.5747222900390625,0.3265274465084076,1.2481948137283325,2.2697770595550537,6.637415935983881e-05
2pkea,12,387,0.9991373419761658,IPR000754,Small ribosomal subunit protein uS9,3.73046875,0.3240962624549866,3.406372547149658,3.524818181991577,0.00042038646643050015
2pkea,12,387,0.9793099761009216,IPR001114,Adenylosuccinate synthetase,1.8160285949707031,0.3258422315120697,1.490186333656311,2.47849702835083,4.455546900317131e-07
2pkea,12,387,0.9900153875350952,IPR001980,Phosphopantetheine adenylyltransferase,2.297797203063965,0.324973464012146,1.9728237390518188,2.8218131065368652,1.0699319830109744e-07
2pkea,12,387,0.977492094039917,IPR002218,tRNA uridine 5-carboxymethylaminomethyl modification enzyme MnmG-related,1.8334945440292358,0.3261127769947052,1.507381796836853,2.4911088943481445,1.840256118157413e-05
2pkea,12,387,0.985338032245636,IPR005813,Large ribosomal subunit protein bL20,2.0877604484558105,0.3258817791938782,1.7618787288665771,2.6794912815093994,4.417308809934184e-05
2pkea,12,387,0.9951942563056946,IPR005905,D-alanine--D-alanine ligase,2.7770683765411377,0.3255827724933624,2.4514856338500977,3.0924222469329834,0.00408144248649478
2pkea,12,387,0.9991444945335388,IPR023035,"Small ribosomal subunit protein uS9, bacterial/plastid",3.768110752105713,0.3247368633747101,3.443373918533325,3.5364537239074707,0.019277967512607574
2pkea,12,387,0.9598983526229858,IPR013792,"RNA 3'-terminal phosphate cyclase/enolpyruvate transferase, alpha/beta",1.6210530996322632,0.32645317912101746,1.2945998907089233,2.311939001083374,0.00013895511801820248
2pkea,12,387,0.9521037936210632,IPR016161,Aldehyde/histidinol dehydrogenase,1.4645487070083618,0.32579150795936584,1.1387572288513184,2.1683907508850098,1.276762251478658e-09
2pkea,12,387,0.9891260862350464,IPR016185,Pre-ATP-grasp domain superfamily,2.406264305114746,0.32394346594810486,2.0823209285736084,2.8929364681243896,8.306039189776016e-11
2pkea,12,387,0.985338032245636,IPR035566,"Ribosomal protein bL20, C-terminal",2.0877604484558105,0.3258817791938782,1.7618787288665771,2.6794912815093994,4.417308809934184e-05
2pkea,12,387,0.9735403060913086,IPR036968,Enolpyruvate transferase domain superfamily,1.690039038658142,0.3264791965484619,1.3635598421096802,2.3719491958618164,0.00016218391829170287
2pkea,12,387,0.9793099761009216,IPR042109,"Adenylosuccinate synthetase, domain 1",1.8160285949707031,0.3258422315120697,1.490186333656311,2.47849702835083,4.455546900317131e-07
2pkea,12,387,0.9791527986526489,IPR042110,"Adenylosuccinate synthetase, domain 2",1.8128662109375,0.32599687576293945,1.4868693351745605,2.4752981662750244,2.622411329866736e-06
2pkea,12,387,0.9793099761009216,IPR042111,"Adenylosuccinate synthetase, domain 3",1.8160285949707031,0.3258422315120697,1.490186333656311,2.47849702835083,4.455546900317131e-07
2pkea,12,387,0.9507405757904053,IPR046346,"Aminoacid dehydrogenase-like, N-terminal domain superfamily",1.4331390857696533,0.32520073652267456,1.107938289642334,2.1397318840026855,1.5433707372010386e-13
2pkea,12,492,0.9730259776115417,IPR018085,"Uracil-DNA glycosylase, active site",2.473090410232544,0.27767127752304077,2.1954190731048584,3.154813289642334,3.0505054837703938e-06
2pkea,12,492,0.9510003328323364,IPR020826,Transketolase binding site,1.6550021171569824,0.2790674567222595,1.3759346008300781,2.5680954456329346,0.03974306210875511
2pkea,12,492,0.999274492263794,IPR000629,"ATP-dependent RNA helicase DEAD-box, conserved site",8.520281791687012,0.25551146268844604,8.2647705078125,5.059384822845459,4.793884585794632e-29
2pkea,12,492,0.9901602864265442,IPR002052,"DNA methylase, N-6 adenine-specific, conserved site",4.800708293914795,0.2744216024875641,4.526286602020264,4.128728866577148,2.414733657474244e-08
2pkea,12,492,0.9771680235862732,IPR003960,"ATPase, AAA-type, conserved site",3.001044511795044,0.2764914035797119,2.724553108215332,3.44010591506958,1.1918857900639068e-08
2pkea,12,492,0.9603202939033508,IPR015911,"Phosphoglycerate kinase, conserved site",1.8824952840805054,0.2787019908428192,1.6037932634353638,2.7557990550994873,0.0016104462556540966
2pkea,12,492,0.9836986064910889,IPR020596,"Ribosomal RNA adenine methylase transferase, conserved site",3.1526925563812256,0.2762787938117981,2.8764138221740723,3.5123355388641357,4.523212915330532e-09
2pkea,12,492,0.9899573922157288,IPR020937,SecA conserved site,4.091098308563232,0.2749631702899933,3.8161351680755615,3.895125389099121,1.7658234874318168e-09
2pkea,12,492,0.9584228992462158,IPR023673,"Large ribosomal subunit protein uL1, conserved site",1.824444055557251,0.27829575538635254,1.5461483001708984,2.712714195251465,1.8208920664619654e-06
2pkea,12,492,0.9582332372665405,IPR035595,"UDP-glycosyltransferase family, conserved site",1.8935505151748657,0.2783675491809845,1.6151829957962036,2.765979051589966,1.9005256035597995e-05
2pkea,12,492,0.9907805919647217,IPR000713,"Mur ligase, N-terminal catalytic domain",4.492645263671875,0.27524492144584656,4.217400550842285,4.028724670410156,3.151598946260492e-07
2pkea,12,492,0.9968025088310242,IPR001650,"Helicase, C-terminal domain-like",6.5796661376953125,0.2422814667224884,6.3373847007751465,4.7631988525390625,0.0
2pkea,12,492,0.9649993777275085,IPR003959,"ATPase, AAA-type, core",2.3355870246887207,0.2712225914001465,2.064364433288574,3.106182813644409,0.0
2pkea,12,492,0.9933614134788513,IPR004101,"Mur ligase, C-terminal",4.99472188949585,0.2684902250766754,4.726231575012207,4.217409133911133,1.9121385021737013e-22
2pkea,12,492,0.9557695388793945,IPR005720,"Dihydroorotate dehydrogenase, catalytic",1.74072265625,0.27869755029678345,1.4620251655578613,2.642862319946289,0.0002555872779339552
2pkea,12,492,0.9895495772361755,IPR006935,"Helicase/UvrB, N-terminal",4.0916748046875,0.27649059891700745,3.8151841163635254,3.8873369693756104,7.395955617539585e-05
2pkea,12,492,0.9902952909469604,IPR011115,"SecA DEAD-like, N-terminal",4.137077331542969,0.2737381160259247,3.8633391857147217,3.9176909923553467,6.057690698883789e-13
2pkea,12,492,0.9902952909469604,IPR011116,SecA Wing/Scaffold,4.137077331542969,0.2737381160259247,3.8633391857147217,3.9176909923553467,6.057690698883789e-13
2pkea,12,492,0.9902952909469604,IPR011130,"SecA, preprotein cross-linking domain",4.137077331542969,0.2737381160259247,3.8633391857147217,3.9176909923553467,6.057690698883789e-13
2pkea,12,492,0.9994494915008545,IPR011545,DEAD/DEAH-box helicase domain,8.409567832946777,0.25175344944000244,8.157814025878906,5.061890602111816,5.76005088872383e-35
2pkea,12,492,0.9933614134788513,IPR013221,"Mur ligase, central",4.99472188949585,0.2684902250766754,4.726231575012207,4.217409133911133,1.9121385021737013e-22
2pkea,12,492,0.9694895148277283,IPR013317,"Chromosomal replication initiator protein DnaA, ATPAse domain",2.2480225563049316,0.2783361077308655,1.969686508178711,3.013704776763916,0.0006248363060876727
2pkea,12,492,0.9934324026107788,IPR014001,"Helicase superfamily 1/2, ATP-binding domain",6.255637168884277,0.24060657620429993,6.015030384063721,4.700348854064941,0.0
2pkea,12,492,0.99932461977005,IPR014014,"RNA helicase, DEAD-box type, Q motif",8.575011253356934,0.25534677505493164,8.319664001464844,5.069552421569824,4.7158263442220633e-29
2pkea,12,492,0.9902952909469604,IPR014018,SecA motor DEAD,4.137077331542969,0.2737381160259247,3.8633391857147217,3.9176909923553467,6.057690698883789e-13
2pkea,12,492,0.966802716255188,IPR019489,"Clp ATPase, C-terminal",2.137502670288086,0.27677038311958313,1.8607323169708252,2.9491126537323,3.3921433370553977e-13
2pkea,12,492,0.9836986064910889,IPR020598,"Ribosomal RNA adenine methylase transferase, N-terminal",3.1526925563812256,0.2762787938117981,2.8764138221740723,3.5123355388641357,4.523212915330532e-09
2pkea,12,492,0.9973604083061218,IPR025313,"ATP-dependent rRNA helicase SPB4-like, C-terminal extension",7.51677131652832,0.2745119333267212,7.242259502410889,4.775119781494141,0.007603699341416359
2pkea,12,492,0.9558658599853516,IPR033248,"Transketolase, C-terminal domain",1.8640319108963013,0.2788791358470917,1.5851527452468872,2.7406628131866455,0.025533057749271393
2pkea,12,492,0.9830085635185242,IPR041569,"AAA ATPase, AAA+ lid domain",3.3161895275115967,0.27696263790130615,3.03922700881958,3.5817110538482666,1.1321327292534988e-05
2pkea,12,492,0.9902952909469604,IPR044722,"SecA, C-terminal helicase domain",4.137077331542969,0.2737381160259247,3.8633391857147217,3.9176909923553467,6.057690698883789e-13
2pkea,12,492,0.9902952909469604,IPR000185,Protein translocase subunit SecA,4.137077331542969,0.2737381160259247,3.8633391857147217,3.9176909923553467,6.057690698883789e-13
2pkea,12,492,0.9615423083305359,IPR001576,Phosphoglycerate kinase,1.9166853427886963,0.2781757116317749,1.6385096311569214,2.7844932079315186,1.205474518428673e-06
2pkea,12,492,0.9836986064910889,IPR001737,Ribosomal RNA adenine methyltransferase KsgA/Erm,3.1526925563812256,0.2762787938117981,2.8764138221740723,3.5123355388641357,4.523212915330532e-09
2pkea,12,492,0.9730259776115417,IPR002043,Uracil-DNA glycosylase family 1,2.473090410232544,0.27767127752304077,2.1954190731048584,3.154813289642334,3.0505054837703938e-06
2pkea,12,492,0.9584228992462158,IPR002143,Large ribosomal subunit protein uL1,1.824444055557251,0.27829575538635254,1.5461483001708984,2.712714195251465,1.8208920664619654e-06
2pkea,12,492,0.9607110619544983,IPR002903,Ribosomal RNA small subunit methyltransferase H,1.9289766550064087,0.27782905101776123,1.6511476039886475,2.7955143451690674,1.2476841781960957e-08
2pkea,12,492,0.9733233451843262,IPR003358,"tRNA (guanine-N-7) methyltransferase, Trmb type",2.4306883811950684,0.2781532406806946,2.1525352001190186,3.127361297607422,0.00041834134026430547
2pkea,12,492,0.950180172920227,IPR003682,rRNA small subunit methyltransferase G,1.660058617591858,0.2789246439933777,1.381134033203125,2.573235034942627,0.004493582062423229
2pkea,12,492,0.9910141229629517,IPR005758,UDP-N-acetylmuramate--L-alanine ligase,4.637213706970215,0.2763810157775879,4.360832691192627,4.068475723266602,0.0009127656230702996
2pkea,12,492,0.9944766759872437,IPR005762,UDP-N-acetylmuramoylalanine-D-glutamate ligase MurD,5.458760738372803,0.2740841805934906,5.184676647186279,4.315829753875732,1.9447897159352578e-07
2pkea,12,492,0.957298755645752,IPR005878,"Large ribosomal subunit protein uL1, bacterial-type",1.7847493886947632,0.2784982919692993,1.5062510967254639,2.679929256439209,2.1293270037858747e-05
2pkea,12,492,0.9593645334243774,IPR006138,"NADH-ubiquinone oxidoreductase, 20 Kd subunit",2.1419503688812256,0.27769580483436584,1.8642545938491821,2.947295665740967,1.5671419362206507e-07
2pkea,12,492,0.9967974424362183,IPR006439,"HAD hydrolase, subfamily IA",7.494873046875,0.27452951669692993,7.220343589782715,4.77081823348999,0.007992109283804893
2pkea,12,492,0.9836556911468506,IPR011530,Ribosomal RNA adenine dimethylase,3.154503345489502,0.27656444907188416,2.877938985824585,3.5116729736328125,5.992182394720658e-08
2pkea,12,492,0.9694895148277283,IPR020591,"Chromosomal replication control, initiator DnaA-like",2.2480225563049316,0.2783361077308655,1.969686508178711,3.013704776763916,0.0006248363060876727
2pkea,12,492,0.9584228992462158,IPR028364,Ribosomal protein uL1/ribosomal biogenesis protein,1.824444055557251,0.27829575538635254,1.5461483001708984,2.712714195251465,1.8208920664619654e-06
2pkea,12,492,0.9677783250808716,IPR050052,ATP-dependent Clp protease ATP-binding subunit ClpX,2.191821336746216,0.27743422985076904,1.9143871068954468,2.981860399246216,4.214040671968178e-09
2pkea,12,492,0.9910141229629517,IPR050061,Peptidoglycan biosynthesis MurCDEF,4.637213706970215,0.2763810157775879,4.360832691192627,4.068475723266602,0.0009127656230702996
2pkea,12,492,0.9557695388793945,IPR050074,Dihydroorotate dehydrogenase,1.74072265625,0.27869755029678345,1.4620251655578613,2.642862319946289,0.0002555872779339552
2pkea,12,492,0.998665452003479,IPR050079,DEAD box RNA helicase,9.052801132202148,0.27240344882011414,8.780397415161133,5.054494380950928,0.000428314640885219
2pkea,12,492,0.9733233451843262,IPR055361,"tRNA (guanine-N(7)-)-methyltransferase TrmB, bacteria",2.4306883811950684,0.2781532406806946,2.1525352001190186,3.127361297607422,0.00041834134026430547
2pkea,12,492,0.9615423083305359,IPR015824,"Phosphoglycerate kinase, N-terminal",1.9166853427886963,0.2781757116317749,1.6385096311569214,2.7844932079315186,1.205474518428673e-06
2pkea,12,492,0.9584228992462158,IPR016095,"Large ribosomal subunit protein uL1, 3-layer alpha/beta-sandwich domain",1.824444055557251,0.27829575538635254,1.5461483001708984,2.712714195251465,1.8208920664619654e-06
2pkea,12,492,0.9836986064910889,IPR023165,"rRNA adenine dimethylase-like, C-terminal",3.1526925563812256,0.2762787938117981,2.8764138221740723,3.5123355388641357,4.523212915330532e-09
2pkea,12,492,0.9930896759033203,IPR023214,HAD superfamily,5.6934075355529785,0.2672830820083618,5.426124572753906,4.412797927856445,2.929264249416563e-21
2pkea,12,492,0.9607110619544983,IPR023397,"S-adenosyl-L-methionine-dependent methyltransferase, MraW, recognition domain superfamily",1.9289766550064087,0.27782905101776123,1.6511476039886475,2.7955143451690674,1.2476841781960957e-08
2pkea,12,492,0.9584228992462158,IPR023674,Ribosomal protein uL1-like,1.824444055557251,0.27829575538635254,1.5461483001708984,2.712714195251465,1.8208920664619654e-06
2pkea,12,492,0.9615423083305359,IPR036043,Phosphoglycerate kinase superfamily,1.9166853427886963,0.2781757116317749,1.6385096311569214,2.7844932079315186,1.205474518428673e-06
2pkea,12,492,0.9902952909469604,IPR036266,"SecA, Wing/Scaffold superfamily",4.137077331542969,0.2737381160259247,3.8633391857147217,3.9176909923553467,6.057690698883789e-13
2pkea,12,492,0.9935699701309204,IPR036412,HAD-like superfamily,5.8150739669799805,0.26754647493362427,5.547527313232422,4.441882133483887,3.7056602536647396e-20
2pkea,12,492,0.9931032061576843,IPR036565,"Mur-like, catalytic domain superfamily",4.927977561950684,0.26819032430648804,4.659787178039551,4.199612617492676,1.4418447793665925e-23
2pkea,12,492,0.9931032061576843,IPR036615,"Mur ligase, C-terminal domain superfamily",4.927977561950684,0.26819032430648804,4.659787178039551,4.199612617492676,1.4418447793665925e-23
2pkea,12,492,0.9902952909469604,IPR036670,"SecA, preprotein cross-linking domain superfamily",4.137077331542969,0.2737381160259247,3.8633391857147217,3.9176909923553467,6.057690698883789e-13
2pkea,12,566,0.9534383416175842,IPR020003,"ATPase, alpha/beta subunit, nucleotide-binding domain, active site",2.798889636993408,0.8490453362464905,1.9498443603515625,1.7209241390228271,3.136713219681914e-17
2pkea,12,566,0.9801400899887085,IPR019798,"Serine hydroxymethyltransferase, pyridoxal phosphate binding site",3.7769775390625,0.8523603677749634,2.924617290496826,2.1476798057556152,0.0007714431267231703
2pkea,12,566,0.9902363419532776,IPR003960,"ATPase, AAA-type, conserved site",5.8660478591918945,0.850017249584198,5.016030788421631,2.7868077754974365,0.006478781811892986
2pkea,12,566,0.9997909665107727,IPR017871,"ABC transporter-like, conserved site",9.972295761108398,0.7974029183387756,9.17489242553711,3.644526720046997,0.0
2pkea,12,566,0.9691852927207947,IPR020809,"Enolase, conserved site",3.1844308376312256,0.8521418571472168,2.332288980484009,1.901853084564209,1.7004027768052765e-06
2pkea,12,566,0.9780563116073608,IPR049704,Aminotransferases class-III pyridoxal-phosphate attachment site,3.629162073135376,0.8512060046195984,2.777956008911133,2.0920393466949463,5.355694270292588e-07
2pkea,12,566,0.9534383416175842,IPR000194,"ATPase, F1/V1/A1 complex, alpha/beta subunit, nucleotide-binding domain",2.798889636993408,0.8490453362464905,1.9498443603515625,1.7209241390228271,3.136713219681914e-17
2pkea,12,566,0.993300199508667,IPR000432,"DNA mismatch repair protein MutS, C-terminal",8.245779037475586,0.8414907455444336,7.404288291931152,3.292619228363037,7.004003066413134e-08
2pkea,12,566,0.960978090763092,IPR000836,Phosphoribosyltransferase domain,2.99957013130188,0.845623791217804,2.1539463996887207,1.8266507387161255,3.639066631743367e-25
2pkea,12,566,0.999897837638855,IPR003439,"ABC transporter-like, ATP-binding domain",9.982558250427246,0.795486330986023,9.187071800231934,3.649482488632202,0.0
2pkea,12,566,0.9873797297477722,IPR003593,AAA+ ATPase domain,6.269728660583496,0.7606304883956909,5.509098052978516,3.043116331100464,0.0
2pkea,12,566,0.9904511570930481,IPR003959,"ATPase, AAA-type, core",5.470536708831787,0.8366506099700928,4.633886337280273,2.708967924118042,2.758507114949835e-23
2pkea,12,566,0.9528664946556091,IPR004100,"ATPase, F1/V1/A1 complex, alpha/beta subunit, N-terminal domain",2.785609483718872,0.8492944240570068,1.9363150596618652,1.713639259338379,1.3555763086625113e-16
2pkea,12,566,0.9932231903076172,IPR007695,"DNA mismatch repair protein MutS-like, N-terminal",8.301645278930664,0.8458560705184937,7.455789089202881,3.294896125793457,0.0009980621980503201
2pkea,12,566,0.993300199508667,IPR007696,"DNA mismatch repair protein MutS, core",8.245779037475586,0.8414907455444336,7.404288291931152,3.292619228363037,7.004003066413134e-08
2pkea,12,566,0.9932016134262085,IPR007860,"DNA mismatch repair protein MutS, connector domain",8.28664493560791,0.845133364200592,7.441511631011963,3.293519973754883,0.00020254627452231944
2pkea,12,566,0.9932016134262085,IPR007861,"DNA mismatch repair protein MutS, clamp",8.28664493560791,0.845133364200592,7.441511631011963,3.293519973754883,0.00020254627452231944
2pkea,12,566,0.9893561005592346,IPR019489,"Clp ATPase, C-terminal",5.371479034423828,0.8484460115432739,4.523033142089844,2.662407636642456,2.724984142332687e-06
2pkea,12,566,0.981059193611145,IPR020587,"DNA recombination and repair protein RecA, monomer-monomer interface",3.8365421295166016,0.852862536907196,2.9836795330047607,2.1694045066833496,0.014751669019460678
2pkea,12,566,0.9812700152397156,IPR020588,"DNA recombination and repair protein RecA-like, ATP-binding domain",3.8461711406707764,0.8522494435310364,2.9939217567443848,2.174058198928833,0.0006881044246256351
2pkea,12,566,0.9691852927207947,IPR020810,"Enolase, C-terminal TIM barrel domain",3.1844308376312256,0.8521418571472168,2.332288980484009,1.901853084564209,1.7004027768052765e-06
2pkea,12,566,0.9691852927207947,IPR020811,"Enolase, N-terminal",3.1844308376312256,0.8521418571472168,2.332288980484009,1.901853084564209,1.7004027768052765e-06
2pkea,12,566,0.9801400899887085,IPR039429,Serine hydroxymethyltransferase-like domain,3.7769775390625,0.8523603677749634,2.924617290496826,2.1476798057556152,0.0007714431267231703
2pkea,12,566,0.963835597038269,IPR055190,"ATP synthase A/B type, C-terminal domain",3.030543327331543,0.8533384799957275,2.1772048473358154,1.8283694982528687,0.0009489290532656014
2pkea,12,566,0.9691852927207947,IPR000941,Enolase,3.1844308376312256,0.8521418571472168,2.332288980484009,1.901853084564209,1.7004027768052765e-06
2pkea,12,566,0.9801400899887085,IPR001085,Serine hydroxymethyltransferase,3.7769775390625,0.8523603677749634,2.924617290496826,2.1476798057556152,0.0007714431267231703
2pkea,12,566,0.9776937961578369,IPR004639,"Tetrapyrrole biosynthesis, glutamate-1-semialdehyde aminotransferase",3.6216866970062256,0.8531637787818909,2.7685229778289795,2.0857503414154053,0.019873153418302536
2pkea,12,566,0.9932231903076172,IPR005748,DNA mismatch repair protein MutS,8.301645278930664,0.8458560705184937,7.455789089202881,3.294896125793457,0.0009980621980503201
2pkea,12,566,0.9721503257751465,IPR005765,Uracil phosphoribosyl transferase,3.3448195457458496,0.853551983833313,2.491267681121826,1.970360517501831,0.03232657536864281
2pkea,12,566,0.9780691266059875,IPR005814,Aminotransferase class-III,3.6226646900177,0.8506641387939453,2.772000551223755,2.0903728008270264,2.7079394726570172e-08
2pkea,12,566,0.9932641983032227,IPR017261,DNA mismatch repair protein MutS/MSH,8.30021858215332,0.8451115489006042,7.45510721206665,3.2959184646606445,0.00020123549620620906
2pkea,12,566,0.9721503257751465,IPR034332,"Uracil phosphoribosyltransferase, bacterial-type",3.3448195457458496,0.853551983833313,2.491267681121826,1.970360517501831,0.03232657536864281
2pkea,12,566,0.993300199508667,IPR045076,DNA mismatch repair MutS,8.245779037475586,0.8414907455444336,7.404288291931152,3.292619228363037,7.004003066413134e-08
2pkea,12,566,0.9801400899887085,IPR049943,Serine hydroxymethyltransferase-like,3.7769775390625,0.8523603677749634,2.924617290496826,2.1476798057556152,0.0007714431267231703
2pkea,12,566,0.989120364189148,IPR050052,ATP-dependent Clp protease ATP-binding subunit ClpX,5.362044334411621,0.8502720594406128,4.511772155761719,2.6567697525024414,0.0014857214409857988
2pkea,12,566,0.9682308435440063,IPR050054,Uracil phosphoribosyltransferase/Adenine phosphoribosyltransferase,3.1861226558685303,0.8509683609008789,2.3351542949676514,1.9046074151992798,1.510689240369345e-09
2pkea,12,566,0.9970797300338745,IPR008995,"Molybdate/tungstate binding, C-terminal",9.8076171875,0.8426957726478577,8.964920997619629,3.540801763534546,0.00013526823022402823
2pkea,12,566,0.9932231903076172,IPR016151,"DNA mismatch repair protein MutS, N-terminal",8.301645278930664,0.8458560705184937,7.455789089202881,3.294896125793457,0.0009980621980503201
2pkea,12,566,0.9647437930107117,IPR024034,"ATPase, F1/V1 complex, beta/alpha subunit, C-terminal",3.0559699535369873,0.8537363409996033,2.2022335529327393,1.8397510051727295,0.014787946827709675
2pkea,12,566,0.9646397233009338,IPR029017,"Enolase-like, N-terminal",3.082230567932129,0.8510155081748962,2.231215000152588,1.8567005395889282,6.544148556386631e-10
2pkea,12,566,0.960978090763092,IPR029057,Phosphoribosyltransferase-like,2.99957013130188,0.845623791217804,2.1539463996887207,1.8266507387161255,3.639066631743367e-25
2pkea,12,566,0.9525380730628967,IPR036121,"ATPase, F1/V1/A1 complex, alpha/beta subunit, N-terminal domain superfamily",2.782755136489868,0.8496941924095154,1.933060884475708,1.7114814519882202,2.0713726974565293e-15
2pkea,12,566,0.993300199508667,IPR036187,"DNA mismatch repair protein MutS, core domain superfamily",8.245779037475586,0.8414907455444336,7.404288291931152,3.292619228363037,7.004003066413134e-08
2pkea,12,566,0.9932060837745667,IPR036678,"MutS, connector domain superfamily",8.276246070861816,0.8444055914878845,7.431840419769287,3.2929513454437256,4.108592838747427e-05
2pkea,12,566,0.9646397233009338,IPR036849,"Enolase-like, C-terminal domain superfamily",3.082230567932129,0.8510155081748962,2.231215000152588,1.8567005395889282,6.544148556386631e-10
2pkea,12,690,0.9853959083557129,IPR019979,"Small ribosomal subunit protein uS17, conserved site",2.3864474296569824,0.3601885437965393,2.026258945465088,2.7280001640319824,6.865007549095026e-07
2pkea,12,690,0.950291097164154,IPR003607,HD/PDEase domain,2.371655225753784,0.36102092266082764,2.010634422302246,2.7156999111175537,0.02103905938565731
2pkea,12,690,1.0,IPR024937,Domain X,8.753551483154297,0.35459697246551514,8.398954391479492,4.625575542449951,0.04033510014414787
2pkea,12,690,1.0,IPR024942,"Maturase MatK, N-terminal domain",8.753551483154297,0.35459697246551514,8.398954391479492,4.625575542449951,0.04033510014414787
2pkea,12,690,0.9853883385658264,IPR000266,Small ribosomal subunit protein uS17,2.3678534030914307,0.35941725969314575,2.0084362030029297,2.7198078632354736,6.92191637341466e-10
2pkea,12,690,1.0,IPR002866,Maturase MatK,8.753551483154297,0.35459697246551514,8.398954391479492,4.625575542449951,0.04033510014414787
2pkea,12,690,0.9516474604606628,IPR002903,Ribosomal RNA small subunit methyltransferase H,1.5569661855697632,0.36204347014427185,1.194922685623169,2.1044628620147705,0.004105716478079557
2pkea,12,690,0.995644748210907,IPR005764,Adenine phosphoribosyl transferase,3.3854167461395264,0.3602055311203003,3.0252113342285156,3.232401132583618,0.009327027946710587
2pkea,12,690,0.9851235151290894,IPR019984,"Small ribosomal subunit protein uS17, bacteria/chloroplast",2.358119487762451,0.3596390187740326,1.9984804391860962,2.712975263595581,4.0331564754580995e-09
2pkea,12,690,0.9516474604606628,IPR023397,"S-adenosyl-L-methionine-dependent methyltransferase, MraW, recognition domain superfamily",1.5569661855697632,0.36204347014427185,1.194922685623169,2.1044628620147705,0.004105716478079557
2pkea,12,690,0.9504413604736328,IPR029052,Metallo-dependent phosphatase-like,1.609718680381775,0.3615891635417938,1.2481294870376587,2.1543452739715576,5.225229324423708e-05
2pkea,12,721,0.9538914561271667,IPR020003,"ATPase, alpha/beta subunit, nucleotide-binding domain, active site",2.1603479385375977,0.4323183000087738,1.7280296087265015,2.3210644721984863,1.1434225801171374e-22
2pkea,12,721,0.994971513748169,IPR003960,"ATPase, AAA-type, conserved site",7.355778694152832,0.42970672249794006,6.926072120666504,4.0974202156066895,2.539228262321558e-05
2pkea,12,721,0.9948596358299255,IPR017871,"ABC transporter-like, conserved site",6.549341201782227,0.39942872524261475,6.149912357330322,4.035303592681885,0.0
2pkea,12,721,0.9534403085708618,IPR049704,Aminotransferases class-III pyridoxal-phosphate attachment site,2.156691789627075,0.4357893168926239,1.720902442932129,2.307084083557129,2.0740618111858566e-08
2pkea,12,721,0.9538914561271667,IPR000194,"ATPase, F1/V1/A1 complex, alpha/beta subunit, nucleotide-binding domain",2.1603479385375977,0.4323183000087738,1.7280296087265015,2.3210644721984863,1.1434225801171374e-22
2pkea,12,721,0.9661176800727844,IPR000257,Uroporphyrinogen decarboxylase (URO-D),2.497382164001465,0.43693065643310547,2.0604515075683594,2.5149073600769043,0.01934685744345188
2pkea,12,721,0.951610267162323,IPR000432,"DNA mismatch repair protein MutS, C-terminal",2.115842580795288,0.4358752369880676,1.6799674034118652,2.27921199798584,2.741148463769605e-08
2pkea,12,721,0.9948197603225708,IPR003439,"ABC transporter-like, ATP-binding domain",6.529221534729004,0.39832621812820435,6.130895137786865,4.034852504730225,0.0
2pkea,12,721,0.9868589043617249,IPR003593,AAA+ ATPase domain,5.531423091888428,0.3487056493759155,5.182717323303223,3.98752760887146,0.0
2pkea,12,721,0.9943661093711853,IPR003959,"ATPase, AAA-type, core",6.843041896820068,0.41110268235206604,6.431939125061035,4.057032108306885,1.301483459185228e-30
2pkea,12,721,0.9532630443572998,IPR004100,"ATPase, F1/V1/A1 complex, alpha/beta subunit, N-terminal domain",2.1377861499786377,0.43258237838745117,1.7052037715911865,2.305037260055542,7.001346268760561e-22
2pkea,12,721,0.9767025113105774,IPR004839,"Aminotransferase, class I/classII, large domain",3.2127346992492676,0.434402197599411,2.778332471847534,2.8866653442382812,1.2719152664431022e-07
2pkea,12,721,0.9638761281967163,IPR006047,"Glycosyl hydrolase family 13, catalytic domain",2.5630407333374023,0.43663886189460754,2.126401901245117,2.5533108711242676,0.004164229612797499
2pkea,12,721,0.951610267162323,IPR007696,"DNA mismatch repair protein MutS, core",2.115842580795288,0.4358752369880676,1.6799674034118652,2.27921199798584,2.741148463769605e-08
2pkea,12,721,0.99443119764328,IPR008823,"RuvB, winged helix, C-terminal domain",6.976512432098389,0.4308938682079315,6.545618534088135,4.017067909240723,0.00019279484695289284
2pkea,12,721,0.99443119764328,IPR008824,"RuvB-like, AAA+ ATPase domain",6.976512432098389,0.4308938682079315,6.545618534088135,4.017067909240723,0.00019279484695289284
2pkea,12,721,0.9659077525138855,IPR013766,Thioredoxin domain,3.2745401859283447,0.4325824975967407,2.8419575691223145,2.9202117919921875,1.6620455012272828e-11
2pkea,12,721,0.9938936829566956,IPR019489,"Clp ATPase, C-terminal",6.917210578918457,0.4270719885826111,6.490138530731201,4.017605304718018,1.6243301148577416e-09
2pkea,12,721,0.9568967819213867,IPR020587,"DNA recombination and repair protein RecA, monomer-monomer interface",2.2222495079040527,0.436903715133667,1.7853457927703857,2.3466005325317383,0.0015178932808339596
2pkea,12,721,0.9591221213340759,IPR020588,"DNA recombination and repair protein RecA-like, ATP-binding domain",2.3075129985809326,0.43640944361686707,1.8711035251617432,2.4025514125823975,4.0486564103048295e-05
2pkea,12,721,0.99443119764328,IPR041445,"RuvB, AAA lid domain",6.976512432098389,0.4308938682079315,6.545618534088135,4.017067909240723,0.00019279484695289284
2pkea,12,721,0.9956770539283752,IPR041569,"AAA ATPase, AAA+ lid domain",7.6228132247924805,0.43149274587631226,7.191320419311523,4.142881870269775,0.008916089311242104
2pkea,12,721,0.9570818543434143,IPR049261,"RecA-like, C-terminal",2.2282443046569824,0.43725401163101196,1.7909903526306152,2.3493309020996094,0.04351997375488281
2pkea,12,721,0.9570818543434143,IPR049428,"RecA-like, N-terminal",2.2282443046569824,0.43725401163101196,1.7909903526306152,2.3493309020996094,0.04351997375488281
2pkea,12,721,0.962630569934845,IPR055190,"ATP synthase A/B type, C-terminal domain",2.408115863800049,0.4360507130622864,1.9720652103424072,2.465303897857666,4.7844428081589285e-06
2pkea,12,721,0.9785993099212646,IPR000100,Ribonuclease P,3.2985026836395264,0.4359680712223053,2.862534523010254,2.9194836616516113,0.006157845724374056
2pkea,12,721,0.99443119764328,IPR004605,Holliday junction branch migration complex subunit RuvB,6.976512432098389,0.4308938682079315,6.545618534088135,4.017067909240723,0.00019279484695289284
2pkea,12,721,0.9595504999160767,IPR004639,"Tetrapyrrole biosynthesis, glutamate-1-semialdehyde aminotransferase",2.294887065887451,0.4368019104003906,1.8580851554870605,2.393338918685913,0.0011530788615345955
2pkea,12,721,0.9644538164138794,IPR005722,"ATP synthase, F1 complex, beta subunit",2.4682793617248535,0.4367622137069702,2.0315170288085938,2.4985527992248535,0.0039360844530165195
2pkea,12,721,0.9540225267410278,IPR005814,Aminotransferase class-III,2.1671674251556396,0.4354201555252075,1.7317472696304321,2.3152973651885986,7.029971049732353e-10
2pkea,12,721,0.9661176800727844,IPR006361,Uroporphyrinogen decarboxylase HemE,2.497382164001465,0.43693065643310547,2.0604515075683594,2.5149073600769043,0.01934685744345188
2pkea,12,721,0.9570818543434143,IPR013765,DNA recombination and repair protein RecA,2.2282443046569824,0.43725401163101196,1.7909903526306152,2.3493309020996094,0.04351997375488281
2pkea,12,721,0.9669520258903503,IPR022973,"Large ribosomal subunit protein uL10, bacterial",2.5319011211395264,0.4368892014026642,2.0950119495391846,2.534848690032959,0.017937779426574707
2pkea,12,721,0.951610267162323,IPR045076,DNA mismatch repair MutS,2.115842580795288,0.4358752369880676,1.6799674034118652,2.27921199798584,2.741148463769605e-08
2pkea,12,721,0.9669520258903503,IPR047865,"Large ribosomal subunit protein uL10, bacterial type",2.5319011211395264,0.4368892014026642,2.0950119495391846,2.534848690032959,0.017937779426574707
2pkea,12,721,0.9930829405784607,IPR050052,ATP-dependent Clp protease ATP-binding subunit ClpX,6.841975688934326,0.4297848641872406,6.412190914154053,3.992692708969116,4.442235876922496e-06
2pkea,12,721,0.9644538164138794,IPR050053,ATPase alpha/beta chains,2.4682793617248535,0.4367622137069702,2.0315170288085938,2.4985527992248535,0.0039360844530165195
2pkea,12,721,0.9925281405448914,IPR050093,"ABC Transporter, Small Molecule Importer",6.646240234375,0.43256816267967224,6.213672161102295,3.9415056705474854,0.011761143803596497
2pkea,12,721,0.9928948879241943,IPR008995,"Molybdate/tungstate binding, C-terminal",6.6878204345703125,0.42938971519470215,6.258430480957031,3.9611430168151855,6.465156161539198e-07
2pkea,12,721,0.9570818543434143,IPR023400,"DNA recombination and repair protein RecA, C-terminal, superfamily",2.2282443046569824,0.43725401163101196,1.7909903526306152,2.3493309020996094,0.04351997375488281
2pkea,12,721,0.9626106023788452,IPR024034,"ATPase, F1/V1 complex, beta/alpha subunit, C-terminal",2.4153473377227783,0.4364348351955414,1.9789124727249146,2.4683594703674316,0.0001495817123213783
2pkea,12,721,0.9526516795158386,IPR036121,"ATPase, F1/V1/A1 complex, alpha/beta subunit, N-terminal domain superfamily",2.1264123916625977,0.4329681396484375,1.6934442520141602,2.296055316925049,2.144531169322647e-20
2pkea,12,721,0.951610267162323,IPR036187,"DNA mismatch repair protein MutS, core domain superfamily",2.115842580795288,0.4358752369880676,1.6799674034118652,2.27921199798584,2.741148463769605e-08
2pkea,12,721,0.9523833394050598,IPR038071,UROD/MetE-like superfamily,2.2922396659851074,0.4368055760860443,1.8554340600967407,2.3916616439819336,0.002414136426523328
2pkea,12,1272,0.9700468182563782,IPR017871,"ABC transporter-like, conserved site",8.204008102416992,1.6985584497451782,6.5054497718811035,2.2720093727111816,2.2673628580327267e-31
2pkea,12,1272,0.9921603202819824,IPR019775,"WD40 repeat, conserved site",10.31523609161377,1.717630386352539,8.59760570526123,2.5862770080566406,8.447397642497023e-11
2pkea,12,1272,0.977538526058197,IPR000836,Phosphoribosyltransferase domain,8.265216827392578,1.7060805559158325,6.559136390686035,2.2763583660125732,2.0334412087099623e-25
2pkea,12,1272,0.9557753801345825,IPR002048,EF-hand domain,6.796055793762207,1.727665901184082,5.068389892578125,1.975865125656128,9.077868412532553e-08
2pkea,12,1272,0.9686932563781738,IPR003439,"ABC transporter-like, ATP-binding domain",8.179885864257812,1.697411298751831,6.482474327087402,2.268735885620117,2.656965473059801e-32
2pkea,12,1272,0.9537729024887085,IPR001806,Small GTPase,6.687744140625,1.732916235923767,4.954827785491943,1.9483094215393066,0.03864213451743126
2pkea,12,1272,0.9835419654846191,IPR002903,Ribosomal RNA small subunit methyltransferase H,8.62521743774414,1.7305017709732056,6.894715785980225,2.317362070083618,0.01032516360282898
2pkea,12,1272,0.9732651114463806,IPR050054,Uracil phosphoribosyltransferase/Adenine phosphoribosyltransferase,8.04642391204834,1.7244067192077637,6.322017192840576,2.2222392559051514,6.7936096748155705e-09
2pkea,12,1272,0.9732666015625,IPR008995,"Molybdate/tungstate binding, C-terminal",7.6142120361328125,1.7314316034317017,5.8827805519104,2.136720895767212,0.006443639285862446
2pkea,12,1272,0.9595069289207458,IPR015943,WD40/YVTN repeat-like-containing domain superfamily,8.500409126281738,1.702093482017517,6.798315525054932,2.320213556289673,2.8532164634709376e-25
2pkea,12,1272,0.9835419654846191,IPR023397,"S-adenosyl-L-methionine-dependent methyltransferase, MraW, recognition domain superfamily",8.62521743774414,1.7305017709732056,6.894715785980225,2.317362070083618,0.01032516360282898
2pkea,12,1272,0.977538526058197,IPR029057,Phosphoribosyltransferase-like,8.265216827392578,1.7060805559158325,6.559136390686035,2.2763583660125732,2.0334412087099623e-25
2pkea,12,1272,0.9759681224822998,IPR036322,WD40-repeat-containing domain superfamily,9.367039680480957,1.7086788415908813,7.658360958099365,2.4547033309936523,1.1730207941559623e-18
2pkea,12,1272,0.95554119348526,IPR036412,HAD-like superfamily,8.1134033203125,1.7261531352996826,6.387249946594238,2.232738494873047,4.270317731425166e-06
2pkea,12,1272,0.9833750128746033,IPR001680,WD40 repeat,9.53579330444336,1.7071808576583862,7.828612327575684,2.4817285537719727,4.6192463435474666e-20
2pkea,12,1272,0.9920985102653503,IPR020472,"PAC1/LIS1-like, WD-40 repeat",10.456037521362305,1.721628189086914,8.73440933227539,2.602482318878174,1.4067626352698426e-07
2pkea,12,1385,0.997313380241394,IPR018181,"Heat shock protein 70, conserved site",9.025044441223145,0.8847864866256714,8.140257835388184,3.3505165576934814,2.246182129184149e-09
2pkea,12,1385,0.9576832056045532,IPR018223,"Argininosuccinate synthase, conserved site",5.961523532867432,0.8942803144454956,5.0672430992126465,2.736865758895874,0.004813650157302618
2pkea,12,1385,0.9869638085365295,IPR018483,"Carbohydrate kinase, FGGY, conserved site",7.831881046295166,0.8928603529930115,6.93902063369751,3.132836103439331,0.007327687926590443
2pkea,12,1385,0.9778250455856323,IPR020595,"MnmG-related, conserved site",7.163276672363281,0.8937307000160217,6.269546031951904,3.0026915073394775,0.01664404198527336
2pkea,12,1385,0.9823073744773865,IPR023865,"Aliphatic acid kinase, short-chain, conserved site",7.768275737762451,0.892254650592804,6.876020908355713,3.1220507621765137,0.0021173583809286356
2pkea,12,1385,0.978083074092865,IPR000506,"Ketol-acid reductoisomerase, C-terminal",7.166916847229004,0.8937259316444397,6.273190975189209,3.003432035446167,0.016266262158751488
2pkea,12,1385,0.9937534332275391,IPR000873,AMP-dependent synthetase/ligase domain,8.638261795043945,0.8918107151985168,7.746450901031494,3.2759153842926025,0.003945273347198963
2pkea,12,1385,0.9685795307159424,IPR001236,"Lactate/malate dehydrogenase, N-terminal",6.58799934387207,0.8916276097297668,5.696371555328369,2.8853111267089844,1.5004477063484956e-05
2pkea,12,1385,0.9608020186424255,IPR004101,"Mur ligase, C-terminal",6.085103988647461,0.8888905644416809,5.196213245391846,2.7751879692077637,1.0113310189296953e-09
2pkea,12,1385,0.9570329189300537,IPR004821,Cytidyltransferase-like domain,5.811010837554932,0.8836498856544495,4.927361011505127,2.717226028442383,4.0371654908948887e-17
2pkea,12,1385,0.9630587697029114,IPR006151,Quinate/shikimate 5-dehydrogenase/glutamyl-tRNA reductase,6.164206027984619,0.8918635845184326,5.272342681884766,2.789003849029541,6.322980425466085e-06
2pkea,12,1385,0.9755682349205017,IPR006641,YqgF/RNase H-like domain,7.142127513885498,0.8937581777572632,6.248369216918945,2.9983811378479004,0.02033519186079502
2pkea,12,1385,0.978083074092865,IPR013116,"Ketol-acid reductoisomerase, N-terminal",7.166916847229004,0.8937259316444397,6.273190975189209,3.003432035446167,0.016266262158751488
2pkea,12,1385,0.9608020186424255,IPR013221,"Mur ligase, central",6.085103988647461,0.8888905644416809,5.196213245391846,2.7751879692077637,1.0113310189296953e-09
2pkea,12,1385,0.9825062155723572,IPR018484,"Carbohydrate kinase FGGY, N-terminal",7.507699489593506,0.8893061876296997,6.618393421173096,3.0776023864746094,5.274897603158024e-07
2pkea,12,1385,0.9816758632659912,IPR018485,"Carbohydrate kinase FGGY, C-terminal",7.448613166809082,0.8887614011764526,6.55985164642334,3.067087411880493,1.1348761574936361e-07
2pkea,12,1385,0.9685795307159424,IPR022383,"Lactate/malate dehydrogenase, C-terminal",6.58799934387207,0.8916276097297668,5.696371555328369,2.8853111267089844,1.5004477063484956e-05
2pkea,12,1385,0.9964947700500488,IPR023753,FAD/NAD(P)-binding domain,8.930781364440918,0.8898196220397949,8.040962219238281,3.3271853923797607,9.125757787842304e-05
2pkea,12,1385,0.9790664911270142,IPR040131,"MnmG, N-terminal domain",7.241487503051758,0.8917214870452881,6.349765777587891,3.0216047763824463,0.0001097593703889288
2pkea,12,1385,0.9576832056045532,IPR048267,"Arginosuccinate synthase-like, N-terminal domain",5.961523532867432,0.8942803144454956,5.0672430992126465,2.736865758895874,0.004813650157302618
2pkea,12,1385,0.9576832056045532,IPR048268,Arginosuccinate synthase C-terminal domain,5.961523532867432,0.8942803144454956,5.0672430992126465,2.736865758895874,0.004813650157302618
2pkea,12,1385,0.9855883717536926,IPR000577,"Carbohydrate kinase, FGGY",7.724974155426025,0.8916311264038086,6.833343029022217,3.114995002746582,0.00028697235393337905
2pkea,12,1385,0.9808481931686401,IPR000890,"Aliphatic acid kinase, short-chain",7.397085189819336,0.8934262990951538,6.503658771514893,3.0495200157165527,0.012708991765975952
2pkea,12,1385,0.9576832056045532,IPR001518,Argininosuccinate synthase,5.961523532867432,0.8942803144454956,5.0672430992126465,2.736865758895874,0.004813650157302618
2pkea,12,1385,0.9727448225021362,IPR001557,L-lactate/malate dehydrogenase,6.833294868469238,0.8917805552482605,5.941514492034912,2.9378044605255127,4.445274316822179e-05
2pkea,12,1385,0.9565718173980713,IPR001980,Phosphopantetheine adenylyltransferase,5.860025882720947,0.8929402828216553,4.967085838317871,2.7142553329467773,6.232021405594423e-05
2pkea,12,1385,0.9790664911270142,IPR002218,tRNA uridine 5-carboxymethylaminomethyl modification enzyme MnmG-related,7.241487503051758,0.8917214870452881,6.349765777587891,3.0216047763824463,0.0001097593703889288
2pkea,12,1385,0.9755682349205017,IPR005227,Putative pre-16S rRNA nuclease,7.142127513885498,0.8937581777572632,6.248369216918945,2.9983811378479004,0.02033519186079502
2pkea,12,1385,0.9869927167892456,IPR005999,Glycerol kinase,7.838053226470947,0.8935476541519165,6.94450569152832,3.1328625679016113,0.039854492992162704
2pkea,12,1385,0.9971193075180054,IPR012725,Chaperone DnaK,9.059545516967773,0.8912623524665833,8.168283462524414,3.3455004692077637,0.0028936921153217554
2pkea,12,1385,0.978083074092865,IPR013023,Ketol-acid reductoisomerase,7.166916847229004,0.8937259316444397,6.273190975189209,3.003432035446167,0.016266262158751488
2pkea,12,1385,0.9961552023887634,IPR013126,Heat shock protein 70 family,8.920685768127441,0.8842008113861084,8.036484718322754,3.3346922397613525,4.676920517532324e-10
2pkea,12,1385,0.966456413269043,IPR018317,Queuosine biosynthesis protein QueC,6.527043342590332,0.8945589065551758,5.632484436035156,2.8671650886535645,0.04523416981101036
2pkea,12,1385,0.9576832056045532,IPR023434,"Argininosuccinate synthase, type 1 subfamily",5.961523532867432,0.8942803144454956,5.0672430992126465,2.736865758895874,0.004813650157302618
2pkea,12,1385,0.9787793755531311,IPR008927,"6-phosphogluconate dehydrogenase-like, C-terminal domain superfamily",7.188795566558838,0.882331132888794,6.306464195251465,3.026341676712036,3.1496642740360932e-15
2pkea,12,1385,0.9793890714645386,IPR013328,"6-phosphogluconate dehydrogenase, domain 2",7.309431552886963,0.8922553658485413,6.417176246643066,3.034214496612549,0.0005443998379632831
2pkea,12,1385,0.9681051969528198,IPR015955,"Lactate dehydrogenase/glycoside hydrolase, family 4, C-terminal",6.559673309326172,0.891110897064209,5.668562412261963,2.8799307346343994,3.3507164971524617e-06
2pkea,12,1385,0.9787302017211914,IPR023214,HAD superfamily,7.632547378540039,0.8856886625289917,6.746858596801758,3.107276678085327,2.5882154752743247e-10
2pkea,12,1385,0.9576832056045532,IPR024074,"Argininosuccinate synthetase, catalytic/multimerisation domain body",5.961523532867432,0.8942803144454956,5.0672430992126465,2.736865758895874,0.004813650157302618
2pkea,12,1385,0.997313380241394,IPR029047,"Heat shock protein 70kD, peptide-binding domain superfamily",9.025044441223145,0.8847864866256714,8.140257835388184,3.3505165576934814,2.246182129184149e-09
2pkea,12,1385,0.997384786605835,IPR029048,"Heat shock protein 70kD, C-terminal domain superfamily",9.048678398132324,0.8855549097061157,8.16312313079834,3.353037118911743,1.2795073445204252e-08
2pkea,12,1385,0.9863120317459106,IPR036188,FAD/NAD(P)-binding domain superfamily,7.890406131744385,0.8490711450576782,7.041335105895996,3.216125249862671,0.0
2pkea,12,1385,0.9721086621284485,IPR036291,NAD(P)-binding domain superfamily,6.151905059814453,0.7914558053016663,5.360449314117432,2.9584343433380127,0.0
2pkea,12,1385,0.9800519347190857,IPR036412,HAD-like superfamily,7.747963905334473,0.8860988616943359,6.861865043640137,3.1282613277435303,1.0631446833997416e-09
2pkea,12,1385,0.9600769877433777,IPR036565,"Mur-like, catalytic domain superfamily",6.027683734893799,0.8885193467140198,5.139164447784424,2.7621123790740967,2.552596745086788e-10
2pkea,12,1385,0.9600769877433777,IPR036615,"Mur ligase, C-terminal domain superfamily",6.027683734893799,0.8885193467140198,5.139164447784424,2.7621123790740967,2.552596745086788e-10
2pkea,12,1385,0.9755682349205017,IPR037027,YqgF/RNase H-like domain superfamily,7.142127513885498,0.8937581777572632,6.248369216918945,2.9983811378479004,0.02033519186079502
2pkea,12,1385,0.9937174320220947,IPR042099,"ANL, N-terminal domain",8.654211044311523,0.8925670981407166,7.761643886566162,3.277353525161743,0.022604720667004585
2pkea,12,1385,0.9806169271469116,IPR043129,"ATPase, nucleotide binding domain",7.322838306427002,0.8402969837188721,6.482541084289551,3.1234145164489746,0.0
2pkea,12,1385,0.9937534332275391,IPR045851,"AMP-binding enzyme, C-terminal domain superfamily",8.638261795043945,0.8918107151985168,7.746450901031494,3.2759153842926025,0.003945273347198963
2pkea,12,1385,0.9505583643913269,IPR046346,"Aminoacid dehydrogenase-like, N-terminal domain superfamily",5.154181003570557,0.8890857100486755,4.265095233917236,2.535332679748535,4.0934391293268035e-12
2pkea,12,1546,0.9800242185592651,IPR018102,"Small ribosomal subunit protein uS11, conserved site",4.9006571769714355,0.6883307099342346,4.212326526641846,2.831780433654785,2.457750669648817e-09
2pkea,12,1546,0.9713063836097717,IPR018181,"Heat shock protein 70, conserved site",4.106001853942871,0.6904250979423523,3.415576696395874,2.5721566677093506,4.597978886522469e-08
2pkea,12,1546,0.9607528448104858,IPR023673,"Large ribosomal subunit protein uL1, conserved site",3.649132251739502,0.6937558054924011,2.955376386642456,2.3950328826904297,0.047782182693481445
2pkea,12,1546,0.9601442217826843,IPR023865,"Aliphatic acid kinase, short-chain, conserved site",3.7710483074188232,0.6932889223098755,3.077759265899658,2.443416118621826,0.010718909092247486
2pkea,12,1546,0.9974396228790283,IPR001048,Aspartate/glutamate/uridylate kinase,8.388071060180664,0.6705865263938904,7.717484474182129,3.644822120666504,1.457842660167776e-20
2pkea,12,1546,0.9720823168754578,IPR005122,Uracil-DNA glycosylase-like,4.419735908508301,0.6923795342445374,3.727356433868408,2.674304246902466,0.003431192832067609
2pkea,12,1546,0.9857507348060608,IPR006641,YqgF/RNase H-like domain,5.543569564819336,0.6912898421287537,4.8522796630859375,3.003431797027588,0.005030799191445112
2pkea,12,1546,0.9527286291122437,IPR018484,"Carbohydrate kinase FGGY, N-terminal",3.303004026412964,0.692638099193573,2.610365867614746,2.253584146499634,1.2300014532229397e-05
2pkea,12,1546,0.9519113302230835,IPR018485,"Carbohydrate kinase FGGY, C-terminal",3.2778782844543457,0.6924269199371338,2.585451364517212,2.2430076599121094,3.0949379379308084e-06
2pkea,12,1546,0.956078290939331,IPR021131,Large ribosomal subunit protein uL15/eL18,3.618910789489746,0.6926231384277344,2.9262876510620117,2.385392189025879,0.00016598902584519237
2pkea,12,1546,0.9521281719207764,IPR000577,"Carbohydrate kinase, FGGY",3.2877016067504883,0.6937068700790405,2.593994617462158,2.2446603775024414,0.005094117484986782
2pkea,12,1546,0.995774507522583,IPR001057,Glutamate/acetylglutamate kinase,8.09788990020752,0.6857382655143738,7.41215181350708,3.5617949962615967,9.224867426382843e-06
2pkea,12,1546,0.992821455001831,IPR001576,Phosphoglycerate kinase,7.049820423126221,0.6893291473388672,6.3604912757873535,3.3543007373809814,0.00260700355283916
2pkea,12,1546,0.9798364043235779,IPR001790,Large ribosomal subunit protein uL10,5.603732109069824,0.6902275681495667,4.913504600524902,3.0212230682373047,0.00030130124650895596
2pkea,12,1546,0.9802901744842529,IPR001971,Small ribosomal subunit protein uS11,4.904052734375,0.6874780654907227,4.216574668884277,2.8345677852630615,8.428845815755537e-11
2pkea,12,1546,0.9607528448104858,IPR002143,Large ribosomal subunit protein uL1,3.649132251739502,0.6937558054924011,2.955376386642456,2.3950328826904297,0.047782182693481445
2pkea,12,1546,0.988715648651123,IPR003697,Nucleoside triphosphate pyrophosphatase Maf-like protein,6.12060546875,0.6910824179649353,5.42952299118042,3.146723747253418,0.021889209747314453
2pkea,12,1546,0.9857507348060608,IPR005227,Putative pre-16S rRNA nuclease,5.543569564819336,0.6912898421287537,4.8522796630859375,3.003431797027588,0.005030799191445112
2pkea,12,1546,0.9555914402008057,IPR005749,"Large ribosomal subunit protein uL15, bacterial-type",3.608642578125,0.692932665348053,2.915709972381592,2.380648374557495,0.0007947416161186993
2pkea,12,1546,0.952719509601593,IPR006352,"Phosphoglucosamine mutase, bacterial type",3.3115234375,0.6939331889152527,2.6175901889801025,2.254605531692505,0.021463414654135704
2pkea,12,1546,0.9986444115638733,IPR011817,Uridylate kinase,9.094951629638672,0.6866669654846191,8.408285140991211,3.7273623943328857,0.0015067975036799908
2pkea,12,1546,0.9718018174171448,IPR012725,Chaperone DnaK,4.142678260803223,0.6931133270263672,3.4495649337768555,2.5793797969818115,0.017916401848196983
2pkea,12,1546,0.9930910468101501,IPR013078,"Histidine phosphatase superfamily, clade-1",7.074669361114502,0.6892968416213989,6.385372638702393,3.3594446182250977,0.002542016562074423
2pkea,12,1546,0.9707242250442505,IPR013126,Heat shock protein 70 family,4.075615406036377,0.6901497840881348,3.385465621948242,2.5620155334472656,1.006122030133838e-08
2pkea,12,1546,0.9834118485450745,IPR019981,"Small ribosomal subunit protein uS11, bacterial-type",5.139257907867432,0.6886966824531555,4.450561046600342,2.8995985984802246,4.292391508897708e-08
2pkea,12,1546,0.9895541071891785,IPR022973,"Large ribosomal subunit protein uL10, bacterial",6.265950679779053,0.6909077763557434,5.575042724609375,3.1809475421905518,0.0203672107309103
2pkea,12,1546,0.9607528448104858,IPR028364,Ribosomal protein uL1/ribosomal biogenesis protein,3.649132251739502,0.6937558054924011,2.955376386642456,2.3950328826904297,0.047782182693481445
2pkea,12,1546,0.9552356600761414,IPR030878,Large ribosomal subunit protein uL15,3.583869457244873,0.6926827430725098,2.8911867141723633,2.3712306022644043,0.00018255591567140073
2pkea,12,1546,0.9895541071891785,IPR047865,"Large ribosomal subunit protein uL10, bacterial type",6.265950679779053,0.6909077763557434,5.575042724609375,3.1809475421905518,0.0203672107309103
2pkea,12,1546,0.952719509601593,IPR050060,Phosphoglucosamine mutase,3.3115234375,0.6939331889152527,2.6175901889801025,2.254605531692505,0.021463414654135704
2pkea,12,1546,0.992821455001831,IPR015824,"Phosphoglycerate kinase, N-terminal",7.049820423126221,0.6893291473388672,6.3604912757873535,3.3543007373809814,0.00260700355283916
2pkea,12,1546,0.9607528448104858,IPR016095,"Large ribosomal subunit protein uL1, 3-layer alpha/beta-sandwich domain",3.649132251739502,0.6937558054924011,2.955376386642456,2.3950328826904297,0.047782182693481445
2pkea,12,1546,0.9885621070861816,IPR023214,HAD superfamily,6.858734130859375,0.6827754974365234,6.175958633422852,3.3284380435943604,2.0968801348053567e-11
2pkea,12,1546,0.9607528448104858,IPR023674,Ribosomal protein uL1-like,3.649132251739502,0.6937558054924011,2.955376386642456,2.3950328826904297,0.047782182693481445
2pkea,12,1546,0.9846356511116028,IPR029001,Inosine triphosphate pyrophosphatase-like,5.649127006530762,0.6891658902168274,4.9599609375,3.035083770751953,5.973467978037661e-06
2pkea,12,1546,0.9879052042961121,IPR029033,Histidine phosphatase superfamily,6.577343940734863,0.6887649893760681,5.88857889175415,3.2554004192352295,0.0001282863668166101
2pkea,12,1546,0.9713063836097717,IPR029047,"Heat shock protein 70kD, peptide-binding domain superfamily",4.106001853942871,0.6904250979423523,3.415576696395874,2.5721566677093506,4.597978886522469e-08
2pkea,12,1546,0.971057116985321,IPR029048,"Heat shock protein 70kD, C-terminal domain superfamily",4.096282005310059,0.6907867789268494,3.4054951667785645,2.567981719970703,2.376157794969913e-07
2pkea,12,1546,0.992821455001831,IPR036043,Phosphoglycerate kinase superfamily,7.049820423126221,0.6893291473388672,6.3604912757873535,3.3543007373809814,0.00260700355283916
2pkea,12,1546,0.9558984041213989,IPR036227,Large ribosomal subunit protein uL15/eL18 superfamily,3.6012370586395264,0.6923618316650391,2.9088752269744873,2.378873586654663,3.737671431736089e-05
2pkea,12,1546,0.9974396228790283,IPR036393,Acetylglutamate kinase-like superfamily,8.388071060180664,0.6705865263938904,7.717484474182129,3.644822120666504,1.457842660167776e-20
2pkea,12,1546,0.9896522760391235,IPR036412,HAD-like superfamily,6.999377250671387,0.6830703020095825,6.316307067871094,3.3570995330810547,9.831066516419185e-11
2pkea,12,1546,0.9720823168754578,IPR036895,Uracil-DNA glycosylase-like domain superfamily,4.419735908508301,0.6923795342445374,3.727356433868408,2.674304246902466,0.003431192832067609
2pkea,12,1546,0.9802901744842529,IPR036967,Small ribosomal subunit protein uS11 superfamily,4.904052734375,0.6874780654907227,4.216574668884277,2.8345677852630615,8.428845815755537e-11
2pkea,12,1546,0.9857507348060608,IPR037027,YqgF/RNase H-like domain superfamily,5.543569564819336,0.6912898421287537,4.8522796630859375,3.003431797027588,0.005030799191445112
2pkea,12,1546,0.9539504051208496,IPR043129,"ATPase, nucleotide binding domain",3.537898302078247,0.6703561544418335,2.867542266845703,2.399871349334717,0.0
2pkea,12,1546,0.9798364043235779,IPR043141,Large ribosomal subunit protein uL10-like domain superfamily,5.603732109069824,0.6902275681495667,4.913504600524902,3.0212230682373047,0.00030130124650895596
2pkea,12,1854,0.9930160045623779,IPR022631,"S-adenosylmethionine synthetase, conserved site",2.8097493648529053,0.9872459769248962,1.8225033283233643,1.508945345878601,3.307758788650972e-06
2pkea,12,1854,0.9752479791641235,IPR047863,"Small ribosomal subunit protein uS8, conserved site",2.358447313308716,0.988150417804718,1.3702969551086426,1.255020260810852,2.694909562706016e-05
2pkea,12,1854,0.9890722036361694,IPR005797,"Cytochrome b/b6, N-terminal domain",2.655870199203491,0.985880970954895,1.6699892282485962,1.4296846389770508,2.703784245106089e-12
2pkea,12,1854,0.9907706379890442,IPR005798,"Cytochrome b/b6, C-terminal",2.740342855453491,0.9856268167495728,1.7547160387039185,1.4752284288406372,1.9983921201865984e-12
2pkea,12,1854,0.9687497615814209,IPR014039,"Translation elongation factor EFTs/EF1B, dimerisation",2.2291667461395264,0.9890307188034058,1.2401360273361206,1.1724026203155518,0.046860598027706146
2pkea,12,1854,0.9866505265235901,IPR020783,"Large ribosomal subunit protein uL11, C-terminal",2.62646484375,0.9882698059082031,1.6381950378417969,1.4101308584213257,0.002280445769429207
2pkea,12,1854,0.9866505265235901,IPR020784,"Large ribosomal subunit protein uL11, N-terminal",2.62646484375,0.9882698059082031,1.6381950378417969,1.4101308584213257,0.002280445769429207
2pkea,12,1854,0.9930160045623779,IPR022628,"S-adenosylmethionine synthetase, N-terminal",2.8097493648529053,0.9872459769248962,1.8225033283233643,1.508945345878601,3.307758788650972e-06
2pkea,12,1854,0.9930160045623779,IPR022629,"S-adenosylmethionine synthetase, central domain",2.8097493648529053,0.9872459769248962,1.8225033283233643,1.508945345878601,3.307758788650972e-06
2pkea,12,1854,0.9930160045623779,IPR022630,"S-adenosylmethionine synthetase, C-terminal",2.8097493648529053,0.9872459769248962,1.8225033283233643,1.508945345878601,3.307758788650972e-06
2pkea,12,1854,0.9893743395805359,IPR048259,"Cytochrome b/b6, N-terminal domain, eukaryotic/bacterial",2.6650166511535645,0.986021876335144,1.6789947748184204,1.4344383478164673,1.0882740889006648e-11
2pkea,12,1854,0.9907706379890442,IPR048260,"Cytochrome b/b6, C-terminal domain, eukaryotic/bacterial",2.740342855453491,0.9856268167495728,1.7547160387039185,1.4752284288406372,1.9983921201865984e-12
2pkea,12,1854,0.9766645431518555,IPR000630,Small ribosomal subunit protein uS8,2.3883612155914307,0.9878097176551819,1.4005515575408936,1.2737014293670654,1.441906988475239e-06
2pkea,12,1854,0.9866505265235901,IPR000911,Ribosomal protein uL11,2.62646484375,0.9882698059082031,1.6381950378417969,1.4101308584213257,0.002280445769429207
2pkea,12,1854,0.9687497615814209,IPR001816,Translation elongation factor EFTs/EF1B,2.2291667461395264,0.9890307188034058,1.2401360273361206,1.1724026203155518,0.046860598027706146
2pkea,12,1854,0.9628136157989502,IPR001980,Phosphopantetheine adenylyltransferase,2.15185546875,0.9887974262237549,1.1630580425262451,1.1218196153640747,0.0015271190786734223
2pkea,12,1854,0.9930160045623779,IPR002133,S-adenosylmethionine synthetase,2.8097493648529053,0.9872459769248962,1.8225033283233643,1.508945345878601,3.307758788650972e-06
2pkea,12,1854,0.9859222173690796,IPR006519,"Large ribosomal subunit protein uL11, bacterial-type",2.6009113788604736,0.9884722828865051,1.6124391555786133,1.3957302570343018,0.01036288682371378
2pkea,12,1854,0.9898756146430969,IPR030689,Cytochrome b,2.6831178665161133,0.9864796996116638,1.6966381072998047,1.44353449344635,7.756759679011793e-10
2pkea,12,1854,0.9890722036361694,IPR016174,"Di-haem cytochrome, transmembrane",2.655870199203491,0.985880970954895,1.6699892282485962,1.4296846389770508,2.703784245106089e-12
2pkea,12,1854,0.9930160045623779,IPR022636,S-adenosylmethionine synthetase superfamily,2.8097493648529053,0.9872459769248962,1.8225033283233643,1.508945345878601,3.307758788650972e-06
2pkea,12,1854,0.9890722036361694,IPR027387,Cytochrome b/b6-like domain superfamily,2.655870199203491,0.985880970954895,1.6699892282485962,1.4296846389770508,2.703784245106089e-12
2pkea,12,1854,0.9766645431518555,IPR035987,Small ribosomal subunit protein uS8 superfamily,2.3883612155914307,0.9878097176551819,1.4005515575408936,1.2737014293670654,1.441906988475239e-06
2pkea,12,1854,0.9907706379890442,IPR036150,"Cytochrome b/b6, C-terminal domain superfamily",2.740342855453491,0.9856268167495728,1.7547160387039185,1.4752284288406372,1.9983921201865984e-12
2pkea,12,1854,0.9687497615814209,IPR036402,"Elongation factor Ts, dimerisation domain superfamily",2.2291667461395264,0.9890307188034058,1.2401360273361206,1.1724026203155518,0.046860598027706146
2pkea,12,1854,0.9866505265235901,IPR036769,"Large ribosomal subunit protein uL11, C-terminal domain superfamily",2.62646484375,0.9882698059082031,1.6381950378417969,1.4101308584213257,0.002280445769429207
2pkea,12,1854,0.9866505265235901,IPR036796,"Large ribosomal subunit protein uL11, N-terminal domain superfamily",2.62646484375,0.9882698059082031,1.6381950378417969,1.4101308584213257,0.002280445769429207
2pkea,12,1854,0.9582409262657166,IPR043133,"GTP cyclohydrolase I, C-terminal/NADPH-dependent 7-cyano-7-deazaguanine reductase",2.3732802867889404,0.9877041578292847,1.3855761289596558,1.2647171020507812,4.046812591695925e-06
2pkea,12,1960,0.9839668273925781,IPR018101,"Translation elongation factor Ts, conserved site",1.4707497358322144,0.20261286199092865,1.2681368589401245,2.859683036804199,5.451323431771016e-06
2pkea,12,1960,0.9777436852455139,IPR020867,"Tetrahydrofolate dehydrogenase/cyclohydrolase, conserved site",1.312455654144287,0.20316804945468903,1.1092876195907593,2.6914522647857666,0.00506861787289381
2pkea,12,1960,0.9736876487731934,IPR006131,"Aspartate/ornithine carbamoyltransferase, Asp/Orn-binding domain",1.2932751178741455,0.20253399014472961,1.0907411575317383,2.6747219562530518,4.766748062934312e-08
2pkea,12,1960,0.9736876487731934,IPR006132,"Aspartate/ornithine carbamoyltransferase, carbamoyl-P binding",1.2932751178741455,0.20253399014472961,1.0907411575317383,2.6747219562530518,4.766748062934312e-08
2pkea,12,1960,0.9978099465370178,IPR006196,"RNA-binding domain, S1, IF1 type",2.468641519546509,0.2003052532672882,2.268336296081543,3.62337327003479,1.570738955569695e-10
2pkea,12,1960,0.9848940372467041,IPR014039,"Translation elongation factor EFTs/EF1B, dimerisation",1.5322048664093018,0.2023935317993164,1.3298113346099854,2.9203028678894043,6.065425282031356e-07
2pkea,12,1960,0.9760679602622986,IPR020630,"Tetrahydrofolate dehydrogenase/cyclohydrolase, catalytic domain",1.293609619140625,0.20264269411563873,1.0909669399261475,2.674321174621582,2.519294355352031e-07
2pkea,12,1960,0.9760679602622986,IPR020631,"Tetrahydrofolate dehydrogenase/cyclohydrolase, NAD(P)-binding domain",1.293609619140625,0.20264269411563873,1.0909669399261475,2.674321174621582,2.519294355352031e-07
2pkea,12,1960,0.9760679602622986,IPR000672,Tetrahydrofolate dehydrogenase/cyclohydrolase,1.293609619140625,0.20264269411563873,1.0909669399261475,2.674321174621582,2.519294355352031e-07
2pkea,12,1960,0.9848940372467041,IPR001816,Translation elongation factor EFTs/EF1B,1.5322048664093018,0.2023935317993164,1.3298113346099854,2.9203028678894043,6.065425282031356e-07
2pkea,12,1960,0.9785091876983643,IPR002082,Aspartate carbamoyltransferase,1.349609375,0.20278270542621613,1.1468266248703003,2.734464168548584,1.0477307114342693e-05
2pkea,12,1960,0.998020350933075,IPR004368,Translation initiation factor IF-1,2.5240886211395264,0.2009034901857376,2.3231852054595947,3.651116132736206,1.0901589320155836e-07
2pkea,12,1960,0.9736876487731934,IPR006130,Aspartate/ornithine carbamoyltransferase,1.2932751178741455,0.20253399014472961,1.0907411575317383,2.6747219562530518,4.766748062934312e-08
2pkea,12,1960,0.9994409680366516,IPR022973,"Large ribosomal subunit protein uL10, bacterial",2.8059895038604736,0.20126259326934814,2.604726791381836,3.8012869358062744,6.881843728478998e-05
2pkea,12,1960,0.9994409680366516,IPR047865,"Large ribosomal subunit protein uL10, bacterial type",2.8059895038604736,0.20126259326934814,2.604726791381836,3.8012869358062744,6.881843728478998e-05
2pkea,12,1960,0.9848940372467041,IPR036402,"Elongation factor Ts, dimerisation domain superfamily",1.5322048664093018,0.2023935317993164,1.3298113346099854,2.9203028678894043,6.065425282031356e-07
2pkea,12,1960,0.9736876487731934,IPR036901,Aspartate/ornithine carbamoyltransferase superfamily,1.2932751178741455,0.20253399014472961,1.0907411575317383,2.6747219562530518,4.766748062934312e-08
2pkea,12,1969,0.9931938648223877,IPR018114,"Serine proteases, trypsin family, histidine active site",4.230546474456787,0.27695897221565247,3.953587532043457,3.9330477714538574,0.004381454549729824
2pkea,12,1969,0.9762213230133057,IPR018171,"Peptidyl-tRNA hydrolase, conserved site",2.52545166015625,0.27691954374313354,2.2485320568084717,3.188950538635254,1.7441166288989507e-09
2pkea,12,1969,0.985510528087616,IPR019797,"Glutamate 5-kinase, conserved site",2.7950196266174316,0.27800020575523376,2.517019510269165,3.329648494720459,0.0007783225155435503
2pkea,12,1969,0.9666103720664978,IPR020937,SecA conserved site,1.97953200340271,0.2781352400779724,1.7013967037200928,2.8312489986419678,6.551964588652481e-07
2pkea,12,1969,0.9863836765289307,IPR035595,"UDP-glycosyltransferase family, conserved site",2.7976601123809814,0.2774929702281952,2.520167112350464,3.3336455821990967,5.562519618251827e-06
2pkea,12,1969,0.955095112323761,IPR000008,C2 domain,2.297151565551758,0.2784985601902008,2.01865291595459,3.0440523624420166,0.014830151572823524
2pkea,12,1969,0.9560555815696716,IPR000713,"Mur ligase, N-terminal catalytic domain",1.8491525650024414,0.27863258123397827,1.5705199241638184,2.7303764820098877,0.00018802561680786312
2pkea,12,1969,0.990690290927887,IPR001048,Aspartate/glutamate/uridylate kinase,3.0958011150360107,0.27062907814979553,2.825171947479248,3.5158705711364746,1.3416809461245912e-30
2pkea,12,1969,0.9937437176704407,IPR001254,"Serine proteases, trypsin domain",4.274288654327393,0.27651938796043396,3.997769355773926,3.9501795768737793,0.0003396319516468793
2pkea,12,1969,0.9504493474960327,IPR001650,"Helicase, C-terminal domain-like",1.8046631813049316,0.27131712436676025,1.5333460569381714,2.733624219894409,0.0
2pkea,12,1969,0.9751220345497131,IPR002569,Peptide methionine sulphoxide reductase MsrA domain,2.5017361640930176,0.27851632237434387,2.223219871520996,3.167043924331665,0.02223365008831024
2pkea,12,1969,0.9652451276779175,IPR004101,"Mur ligase, C-terminal",2.029646396636963,0.2761334478855133,1.753512978553772,2.8777384757995605,2.3695197451512317e-17
2pkea,12,1969,0.9712899923324585,IPR004839,"Aminotransferase, class I/classII, large domain",2.2068662643432617,0.27704349160194397,1.9298228025436401,2.993762731552124,4.048722121452464e-11
2pkea,12,1969,0.9737229943275452,IPR004843,"Calcineurin-like, phosphoesterase domain",2.5289478302001953,0.2766883671283722,2.2522594928741455,3.1921510696411133,2.6095103855539037e-10
2pkea,12,1969,0.9736272692680359,IPR006047,"Glycosyl hydrolase family 13, catalytic domain",2.245008707046509,0.27796003222465515,1.9670486450195312,3.0137195587158203,2.524173169149435e-06
2pkea,12,1969,0.9842042326927185,IPR006935,"Helicase/UvrB, N-terminal",2.851180076599121,0.27794399857521057,2.5732359886169434,3.3586409091949463,0.0008866790449246764
2pkea,12,1969,0.9672914743423462,IPR011115,"SecA DEAD-like, N-terminal",1.9985191822052002,0.27759164571762085,1.7209274768829346,2.8478434085845947,7.458702544482776e-10
2pkea,12,1969,0.9672914743423462,IPR011116,SecA Wing/Scaffold,1.9985191822052002,0.27759164571762085,1.7209274768829346,2.8478434085845947,7.458702544482776e-10
2pkea,12,1969,0.9672914743423462,IPR011130,"SecA, preprotein cross-linking domain",1.9985191822052002,0.27759164571762085,1.7209274768829346,2.8478434085845947,7.458702544482776e-10
2pkea,12,1969,0.9683511853218079,IPR011650,"Peptidase M20, dimerisation domain",2.1152219772338867,0.278128981590271,1.8370929956436157,2.926931142807007,4.894696303381352e-06
2pkea,12,1969,0.9652451276779175,IPR013221,"Mur ligase, central",2.029646396636963,0.2761334478855133,1.753512978553772,2.8777384757995605,2.3695197451512317e-17
2pkea,12,1969,0.9518702030181885,IPR014001,"Helicase superfamily 1/2, ATP-binding domain",1.8252403736114502,0.2702542841434479,1.5549861192703247,2.755643606185913,0.0
2pkea,12,1969,0.9672914743423462,IPR014018,SecA motor DEAD,1.9985191822052002,0.27759164571762085,1.7209274768829346,2.8478434085845947,7.458702544482776e-10
2pkea,12,1969,0.985510528087616,IPR041739,Glutamate-5-kinase domain,2.7950196266174316,0.27800020575523376,2.517019510269165,3.329648494720459,0.0007783225155435503
2pkea,12,1969,0.9672914743423462,IPR044722,"SecA, C-terminal helicase domain",1.9985191822052002,0.27759164571762085,1.7209274768829346,2.8478434085845947,7.458702544482776e-10
2pkea,12,1969,0.9672914743423462,IPR000185,Protein translocase subunit SecA,1.9985191822052002,0.27759164571762085,1.7209274768829346,2.8478434085845947,7.458702544482776e-10
2pkea,12,1969,0.9866693019866943,IPR001057,Glutamate/acetylglutamate kinase,2.846796751022339,0.27640458941459656,2.57039213180542,3.364433765411377,3.3713884461938903e-10
2pkea,12,1969,0.9937437176704407,IPR001314,"Peptidase S1A, chymotrypsin family",4.274288654327393,0.27651938796043396,3.997769355773926,3.9501795768737793,0.0003396319516468793
2pkea,12,1969,0.9762213230133057,IPR001328,Peptidyl-tRNA hydrolase,2.52545166015625,0.27691954374313354,2.2485320568084717,3.188950538635254,1.7441166288989507e-09
2pkea,12,1969,0.9858158826828003,IPR002213,UDP-glucuronosyl/UDP-glucosyltransferase,2.7661588191986084,0.27703243494033813,2.489126443862915,3.319705009460449,4.7664375557587846e-08
2pkea,12,1969,0.9683511853218079,IPR002933,Peptidase M20,2.1152219772338867,0.278128981590271,1.8370929956436157,2.926931142807007,4.894696303381352e-06
2pkea,12,1969,0.9897685647010803,IPR004662,Acetylglutamate kinase family,3.1113193035125732,0.2779671847820282,2.8333520889282227,3.484488010406494,0.0059876227751374245
2pkea,12,1969,0.985510528087616,IPR005715,Glutamate 5-kinase/delta-1-pyrroline-5-carboxylate synthase,2.7950196266174316,0.27800020575523376,2.517019510269165,3.329648494720459,0.0007783225155435503
2pkea,12,1969,0.9716076254844666,IPR005762,UDP-N-acetylmuramoylalanine-D-glutamate ligase MurD,2.1550750732421875,0.2782650291919708,1.876810073852539,2.9531548023223877,3.177299367962405e-05
2pkea,12,1969,0.9613327383995056,IPR005764,Adenine phosphoribosyl transferase,1.842529296875,0.2786405384540558,1.5638887882232666,2.72515869140625,0.00010351536184316501
2pkea,12,1969,0.985510528087616,IPR011529,Glutamate 5-kinase,2.7950196266174316,0.27800020575523376,2.517019510269165,3.329648494720459,0.0007783225155435503
2pkea,12,1969,0.9941269755363464,IPR011817,Uridylate kinase,3.430476188659668,0.2764168977737427,3.154059410095215,3.6334388256073,1.7990018363889249e-07
2pkea,12,1969,0.994759738445282,IPR015963,"Uridylate kinase, bacteria",3.5384278297424316,0.2772560119628906,3.261171817779541,3.6737656593322754,0.0003063094336539507
2pkea,12,1969,0.9897685647010803,IPR037528,Acetylglutamate kinase ArgB,3.1113193035125732,0.2779671847820282,2.8333520889282227,3.484488010406494,0.0059876227751374245
2pkea,12,1969,0.9892271757125854,IPR009003,"Peptidase S1, PA clan",3.672257423400879,0.27542197704315186,3.3968353271484375,3.7368991374969482,2.5733564168461953e-09
2pkea,12,1969,0.9507811069488525,IPR013780,"Glycosyl hydrolase, all-beta",1.969091534614563,0.27814990282058716,1.690941572189331,2.8235437870025635,5.259912541077938e-06
2pkea,12,1969,0.9649826288223267,IPR023214,HAD superfamily,2.2279462814331055,0.2758321166038513,1.9521141052246094,3.0137996673583984,2.257137134245205e-16
2pkea,12,1969,0.9727648496627808,IPR029052,Metallo-dependent phosphatase-like,2.4834303855895996,0.27654483914375305,2.206885576248169,3.166696786880493,3.135520315611373e-11
2pkea,12,1969,0.955095112323761,IPR035892,C2 domain superfamily,2.297151565551758,0.2784985601902008,2.01865291595459,3.0440523624420166,0.014830151572823524
2pkea,12,1969,0.9683511853218079,IPR036264,Bacterial exopeptidase dimerisation domain,2.1152219772338867,0.278128981590271,1.8370929956436157,2.926931142807007,4.894696303381352e-06
2pkea,12,1969,0.9672914743423462,IPR036266,"SecA, Wing/Scaffold superfamily",1.9985191822052002,0.27759164571762085,1.7209274768829346,2.8478434085845947,7.458702544482776e-10
2pkea,12,1969,0.990690290927887,IPR036393,Acetylglutamate kinase-like superfamily,3.0958011150360107,0.27062907814979553,2.825171947479248,3.5158705711364746,1.3416809461245912e-30
2pkea,12,1969,0.966017484664917,IPR036412,HAD-like superfamily,2.2579855918884277,0.2759585380554199,1.9820270538330078,3.0324604511260986,1.6150825073968605e-15
2pkea,12,1969,0.9762213230133057,IPR036416,Peptidyl-tRNA hydrolase superfamily,2.52545166015625,0.27691954374313354,2.2485320568084717,3.188950538635254,1.7441166288989507e-09
2pkea,12,1969,0.9751220345497131,IPR036509,Peptide methionine sulphoxide reductase MsrA superfamily,2.5017361640930176,0.27851632237434387,2.223219871520996,3.167043924331665,0.02223365008831024
2pkea,12,1969,0.9657918214797974,IPR036565,"Mur-like, catalytic domain superfamily",2.0425987243652344,0.27592384815216064,1.7666748762130737,2.8880114555358887,2.3109277713090487e-18
2pkea,12,1969,0.9657918214797974,IPR036615,"Mur ligase, C-terminal domain superfamily",2.0425987243652344,0.27592384815216064,1.7666748762130737,2.8880114555358887,2.3109277713090487e-18
2pkea,12,1969,0.9672914743423462,IPR036670,"SecA, preprotein cross-linking domain superfamily",1.9985191822052002,0.27759164571762085,1.7209274768829346,2.8478434085845947,7.458702544482776e-10
2pkea,12,1969,0.993774950504303,IPR043504,"Peptidase S1, PA clan, chymotrypsin-like fold",4.158439636230469,0.2762467861175537,3.882192850112915,3.9119603633880615,2.7732305170502514e-05
2pkea,12,2478,0.9794490933418274,IPR003732,D-aminoacyl-tRNA deacylase DTD,6.23546028137207,3.4834132194519043,2.752047061920166,0.8399903178215027,0.0002788457495626062
2pkea,12,2478,0.9794490933418274,IPR023509,D-aminoacyl-tRNA deacylase-like superfamily,6.23546028137207,3.4834132194519043,2.752047061920166,0.8399903178215027,0.0002788457495626062
2pkea,12,2551,0.9804971218109131,IPR018181,"Heat shock protein 70, conserved site",4.9783759117126465,0.7530343532562256,4.225341796875,2.7248685359954834,3.228373373076465e-07
2pkea,12,2551,0.9892552495002747,IPR018483,"Carbohydrate kinase, FGGY, conserved site",6.02009391784668,0.7550630569458008,5.265030860900879,2.9950978755950928,0.030406378209590912
2pkea,12,2551,0.9895171523094177,IPR020595,"MnmG-related, conserved site",6.00098180770874,0.7550879120826721,5.245893955230713,2.9904627799987793,0.029740991070866585
2pkea,12,2551,0.9733269214630127,IPR023865,"Aliphatic acid kinase, short-chain, conserved site",4.4860429763793945,0.7566864490509033,3.729356527328491,2.5676567554473877,0.02585759200155735
2pkea,12,2551,0.9732073545455933,IPR001236,"Lactate/malate dehydrogenase, N-terminal",4.680627822875977,0.7548412084579468,3.9257864952087402,2.6324377059936523,7.01915705576539e-05
2pkea,12,2551,0.9627079367637634,IPR004821,Cytidyltransferase-like domain,3.723848581314087,0.7509077191352844,2.9729409217834473,2.310067653656006,6.168210918331655e-16
2pkea,12,2551,0.9793581366539001,IPR006151,Quinate/shikimate 5-dehydrogenase/glutamyl-tRNA reductase,5.067808628082275,0.7537108063697815,4.314097881317139,2.7492599487304688,7.705541975155938e-06
2pkea,12,2551,0.9850611090660095,IPR018484,"Carbohydrate kinase FGGY, N-terminal",5.596967697143555,0.7527034878730774,4.844264030456543,2.894472599029541,3.869153715641005e-06
2pkea,12,2551,0.9853507280349731,IPR018485,"Carbohydrate kinase FGGY, C-terminal",5.605278491973877,0.7522014379501343,4.853076934814453,2.897575855255127,7.93710512425605e-07
2pkea,12,2551,0.971754789352417,IPR020630,"Tetrahydrofolate dehydrogenase/cyclohydrolase, catalytic domain",4.27740478515625,0.7562737464904785,3.5211310386657715,2.4997360706329346,0.0015596215380355716
2pkea,12,2551,0.971754789352417,IPR020631,"Tetrahydrofolate dehydrogenase/cyclohydrolase, NAD(P)-binding domain",4.27740478515625,0.7562737464904785,3.5211310386657715,2.4997360706329346,0.0015596215380355716
2pkea,12,2551,0.9732073545455933,IPR022383,"Lactate/malate dehydrogenase, C-terminal",4.680627822875977,0.7548412084579468,3.9257864952087402,2.6324377059936523,7.01915705576539e-05
2pkea,12,2551,0.9998264312744141,IPR023753,FAD/NAD(P)-binding domain,10.108901977539062,0.7478660345077515,9.36103630065918,3.756683349609375,0.00045278106699697673
2pkea,12,2551,0.9903345108032227,IPR040131,"MnmG, N-terminal domain",6.091923236846924,0.7533658146858215,5.338557243347168,3.015455961227417,0.00023518070520367473
2pkea,12,2551,0.9889701008796692,IPR000577,"Carbohydrate kinase, FGGY",5.9843034744262695,0.7540622353553772,5.230241298675537,2.9884088039398193,0.0013139707734808326
2pkea,12,2551,0.971754789352417,IPR000672,Tetrahydrofolate dehydrogenase/cyclohydrolase,4.27740478515625,0.7562737464904785,3.5211310386657715,2.4997360706329346,0.0015596215380355716
2pkea,12,2551,0.9767899513244629,IPR001557,L-lactate/malate dehydrogenase,4.822744369506836,0.7549924254417419,4.067751884460449,2.6753010749816895,0.00020969350589439273
2pkea,12,2551,0.9650231599807739,IPR001980,Phosphopantetheine adenylyltransferase,3.841688394546509,0.7563539743423462,3.085334300994873,2.344588041305542,0.00017489216406829655
2pkea,12,2551,0.9903345108032227,IPR002218,tRNA uridine 5-carboxymethylaminomethyl modification enzyme MnmG-related,6.091923236846924,0.7533658146858215,5.338557243347168,3.015455961227417,0.00023518070520367473
2pkea,12,2551,0.9802019000053406,IPR013126,Heat shock protein 70 family,4.947324752807617,0.7526793479919434,4.194645404815674,2.716522216796875,7.388434397626042e-08
2pkea,12,2551,0.9815670251846313,IPR008927,"6-phosphogluconate dehydrogenase-like, C-terminal domain superfamily",5.191542148590088,0.7481330037117004,4.443408966064453,2.7947771549224854,7.198619955336993e-14
2pkea,12,2551,0.9791887998580933,IPR013328,"6-phosphogluconate dehydrogenase, domain 2",5.2318925857543945,0.7551925182342529,4.4766998291015625,2.7923974990844727,0.0033659155014902353
2pkea,12,2551,0.9734495282173157,IPR015955,"Lactate dehydrogenase/glycoside hydrolase, family 4, C-terminal",4.678290843963623,0.7544522285461426,3.9238386154174805,2.6324610710144043,1.5601563063682988e-05
2pkea,12,2551,0.9804971218109131,IPR029047,"Heat shock protein 70kD, peptide-binding domain superfamily",4.9783759117126465,0.7530343532562256,4.225341796875,2.7248685359954834,3.228373373076465e-07
2pkea,12,2551,0.9805711507797241,IPR029048,"Heat shock protein 70kD, C-terminal domain superfamily",4.988291263580322,0.7534378170967102,4.234853267669678,2.726966142654419,1.4580201650460367e-06
2pkea,12,2551,0.9912443161010742,IPR036188,FAD/NAD(P)-binding domain superfamily,7.082079887390137,0.7141480445861816,6.367931842803955,3.3098578453063965,0.0
2pkea,12,2551,0.9584144353866577,IPR036291,NAD(P)-binding domain superfamily,3.8475282192230225,0.69700688123703,3.1505212783813477,2.4646663665771484,0.0
2pkea,12,2551,0.9851388335227966,IPR043129,"ATPase, nucleotide binding domain",5.26093053817749,0.718756914138794,4.542173385620117,2.8717219829559326,0.0
2pkea,12,2551,0.9778552055358887,IPR046346,"Aminoacid dehydrogenase-like, N-terminal domain superfamily",4.929681301116943,0.7493666410446167,4.180314540863037,2.717731475830078,6.57854359095017e-13
2pkea,12,2660,0.9860187768936157,IPR000842,"Phosphoribosyl pyrophosphate synthetase, conserved site",1.3883464336395264,0.09957044571638107,1.2887760400772095,3.801361322402954,3.837001258943928e-06
2pkea,12,2660,0.9843443632125854,IPR015911,"Phosphoglycerate kinase, conserved site",1.3387939929962158,0.09923301637172699,1.2395609617233276,3.7538247108459473,1.7518536968297305e-11
2pkea,12,2660,0.9978184103965759,IPR018192,"Small ribosomal subunit protein uS5, N-terminal, conserved site",3.32928466796875,0.09529820829629898,3.2339863777160645,5.126468181610107,6.66901589324214e-24
2pkea,12,2660,0.9561207294464111,IPR018480,"Phospho-N-acetylmuramoyl-pentapeptide transferase, conserved site",0.8315256237983704,0.09944767504930496,0.732077956199646,3.063606023788452,7.804865449070951e-16
2pkea,12,2660,0.9569119215011597,IPR019797,"Glutamate 5-kinase, conserved site",0.8428791761398315,0.09972944110631943,0.7431497573852539,3.079089879989624,1.7125841855758495e-09
2pkea,12,2660,0.9708653092384338,IPR020593,"Gamma-glutamyl phosphate reductase GPR, conserved site",1.0333949327468872,0.09981908649206161,0.9335758686065674,3.3717877864837646,2.3449441869161092e-05
2pkea,12,2660,0.9565858840942383,IPR020595,"MnmG-related, conserved site",0.836463987827301,0.09951455146074295,0.7369494438171387,3.071178913116455,2.79657261839086e-14
2pkea,12,2660,0.9763383269309998,IPR020937,SecA conserved site,1.1243047714233398,0.09903721511363983,1.0252676010131836,3.504772901535034,7.339780370336153e-18
2pkea,12,2660,0.969539225101471,IPR023632,"ATP synthase, F1 complex, gamma subunit conserved site",1.0282118320465088,0.09963687509298325,0.9285749793052673,3.367169141769409,1.072917488187386e-08
2pkea,12,2660,0.9600427150726318,IPR000172,"Glucose-methanol-choline oxidoreductase, N-terminal",0.8934216499328613,0.09999653697013855,0.7934250831604004,3.1592469215393066,0.0036269465927034616
2pkea,12,2660,0.9773126840591431,IPR000262,FMN-dependent dehydrogenase,1.184686541557312,0.09971310943365097,1.0849734544754028,3.5704338550567627,1.0929376003332436e-05
2pkea,12,2660,0.9632308483123779,IPR000713,"Mur ligase, N-terminal catalytic domain",0.9863565564155579,0.09940825402736664,0.88694828748703,3.3105266094207764,3.0462955834080485e-13
2pkea,12,2660,0.9701636433601379,IPR000965,GPR domain,1.0218963623046875,0.09973485767841339,0.9221615195274353,3.3568625450134277,4.967064910488261e-07
2pkea,12,2660,0.9692036509513855,IPR001048,Aspartate/glutamate/uridylate kinase,1.0182524919509888,0.09724908322095871,0.9210034012794495,3.3881185054779053,0.0
2pkea,12,2660,0.985389769077301,IPR001365,Adenosine deaminase domain,1.4615188837051392,0.09951918572187424,1.361999750137329,3.8762049674987793,4.140982127864845e-06
2pkea,12,2660,0.9698070883750916,IPR001516,"NADH-Ubiquinone oxidoreductase (complex I), chain 5 N-terminal",1.100904107093811,0.09967160224914551,1.0012325048446655,3.4652178287506104,5.209922733229178e-07
2pkea,12,2660,0.9562087059020996,IPR002478,PUA domain,0.8358561396598816,0.09988381713628769,0.7359723448753357,3.0647873878479004,3.1343699902208755e-06
2pkea,12,2660,0.9727838635444641,IPR002616,tRNA-guanine(15) transglycosylase-like,1.0939000844955444,0.0991794615983963,0.9947206377983093,3.4631502628326416,8.761557928654753e-16
2pkea,12,2660,0.9881040453910828,IPR002938,FAD-binding domain,1.5262987613677979,0.09975932538509369,1.426539421081543,3.9352972507476807,0.014809057116508484
2pkea,12,2660,0.9744982719421387,IPR004101,"Mur ligase, C-terminal",1.1679824590682983,0.09779712557792664,1.0701853036880493,3.577935218811035,1.2169121595895415e-36
2pkea,12,2660,0.987522542476654,IPR005144,ATP-cone domain,1.4541015625,0.09884628653526306,1.3552552461624146,3.8786516189575195,2.253520991774699e-15
2pkea,12,2660,0.9979288578033447,IPR005324,"Small ribosomal subunit protein uS5, C-terminal",3.3593175411224365,0.09492311626672745,3.264394521713257,5.145112991333008,8.217038964147242e-26
2pkea,12,2660,0.9963982105255127,IPR006549,"HAD-superfamily hydrolase,subfamily IIIA",2.915234327316284,0.09906450659036636,2.8161697387695312,4.8789544105529785,0.007121814880520105
2pkea,12,2660,0.9591571092605591,IPR007867,"Glucose-methanol-choline oxidoreductase, C-terminal",0.8806058764457703,0.09992609918117523,0.7806797623634338,3.139418601989746,9.142226190306246e-05
2pkea,12,2660,0.9764599800109863,IPR011115,"SecA DEAD-like, N-terminal",1.126091718673706,0.0987260714173317,1.0273656845092773,3.511603355407715,4.351638218770084e-23
2pkea,12,2660,0.9764599800109863,IPR011116,SecA Wing/Scaffold,1.126091718673706,0.0987260714173317,1.0273656845092773,3.511603355407715,4.351638218770084e-23
2pkea,12,2660,0.9764599800109863,IPR011130,"SecA, preprotein cross-linking domain",1.126091718673706,0.0987260714173317,1.0273656845092773,3.511603355407715,4.351638218770084e-23
2pkea,12,2660,0.9744982719421387,IPR013221,"Mur ligase, central",1.1679824590682983,0.09779712557792664,1.0701853036880493,3.577935218811035,1.2169121595895415e-36
2pkea,12,2660,0.9979288578033447,IPR013810,"Small ribosomal subunit protein uS5, N-terminal",3.3593175411224365,0.09492311626672745,3.264394521713257,5.145112991333008,8.217038964147242e-26
2pkea,12,2660,0.9764599800109863,IPR014018,SecA motor DEAD,1.126091718673706,0.0987260714173317,1.0273656845092773,3.511603355407715,4.351638218770084e-23
2pkea,12,2660,0.9504894614219666,IPR015895,"Glutamyl-tRNA reductase, N-terminal",0.7757314443588257,0.09959360957145691,0.6761378049850464,2.961287260055542,9.985853019044838e-14
2pkea,12,2660,0.9504894614219666,IPR015896,"Tetrapyrrole biosynthesis, glutamyl-tRNA reductase, dimerisation domain",0.7757314443588257,0.09959360957145691,0.6761378049850464,2.961287260055542,9.985853019044838e-14
2pkea,12,2660,0.9892101883888245,IPR017932,Glutamine amidotransferase type 2 domain,1.8805826902389526,0.09940388798713684,1.7811788320541382,4.241588592529297,0.00018572172848507762
2pkea,12,2660,0.9556375741958618,IPR026904,"tRNA uridine 5-carboxymethylaminomethyl modification enzyme MnmG, C-terminal",0.8256509900093079,0.09967401623725891,0.7259769439697266,3.050097942352295,5.304583508558558e-11
2pkea,12,2660,0.9851193428039551,IPR029099,"Ribose-phosphate pyrophosphokinase, N-terminal domain",1.3621011972427368,0.09946247190237045,1.2626386880874634,3.775392770767212,6.49718714385017e-08
2pkea,12,2660,0.9557197690010071,IPR040131,"MnmG, N-terminal domain",0.8244099617004395,0.0993124395608902,0.7250975370407104,3.0531704425811768,5.596013328722303e-19
2pkea,12,2660,0.9580280184745789,IPR040503,"tRNA uridine(34) hydroxylase, N-terminal",0.8573282957077026,0.0997149795293808,0.7576133012771606,3.103821039199829,1.4285289617887997e-09
2pkea,12,2660,0.9569119215011597,IPR041739,Glutamate-5-kinase domain,0.8428791761398315,0.09972944110631943,0.7431497573852539,3.079089879989624,1.7125841855758495e-09
2pkea,12,2660,0.9764599800109863,IPR044722,"SecA, C-terminal helicase domain",1.126091718673706,0.0987260714173317,1.0273656845092773,3.511603355407715,4.351638218770084e-23
2pkea,12,2660,0.9556375741958618,IPR047001,"tRNA uridine 5-carboxymethylaminomethyl modification enzyme, C-terminal subdomain",0.8256509900093079,0.09967401623725891,0.7259769439697266,3.050097942352295,5.304583508558558e-11
2pkea,12,2660,0.9560310244560242,IPR049312,"tRNA uridine 5-carboxymethylaminomethyl modification enzyme, C-terminal, N-terninal subdomain",0.8312336802482605,0.09974109381437302,0.7314925789833069,3.058849573135376,1.975524188679856e-09
2pkea,12,2660,0.987522542476654,IPR055173,"Transcriptional repressor NrdR-like, N-terminal domain",1.4541015625,0.09884628653526306,1.3552552461624146,3.8786516189575195,2.253520991774699e-15
2pkea,12,2660,0.9692381024360657,IPR000131,"ATP synthase, F1 complex, gamma subunit",1.022678017616272,0.09936460852622986,0.9233133792877197,3.3633310794830322,9.26272608419397e-14
2pkea,12,2660,0.9764599800109863,IPR000185,Protein translocase subunit SecA,1.126091718673706,0.0987260714173317,1.0273656845092773,3.511603355407715,4.351638218770084e-23
2pkea,12,2660,0.9504894614219666,IPR000343,Glutamyl-tRNA reductase,0.7757314443588257,0.09959360957145691,0.6761378049850464,2.961287260055542,9.985853019044838e-14
2pkea,12,2660,0.9512751698493958,IPR000715,"Glycosyl transferase, family 4",0.7792371511459351,0.09938482195138931,0.679852306842804,2.9708199501037598,1.7487718979101014e-18
2pkea,12,2660,0.9979288578033447,IPR000851,Small ribosomal subunit protein uS5,3.3593175411224365,0.09492311626672745,3.264394521713257,5.145112991333008,8.217038964147242e-26
2pkea,12,2660,0.9629876613616943,IPR001057,Glutamate/acetylglutamate kinase,0.9226278066635132,0.09915503114461899,0.823472797870636,3.2178454399108887,8.48028472046205e-20
2pkea,12,2660,0.9638329148292542,IPR001133,NADH-ubiquinone oxidoreductase chain 4L/K,1.0002663135528564,0.0994817316532135,0.9007846117019653,3.3296637535095215,1.2195802527592559e-11
2pkea,12,2660,0.9838559627532959,IPR001576,Phosphoglycerate kinase,1.3218022584915161,0.09888279438018799,1.2229194641113281,3.74049711227417,7.671951288919072e-17
2pkea,12,2660,0.9557197690010071,IPR002218,tRNA uridine 5-carboxymethylaminomethyl modification enzyme MnmG-related,0.8244099617004395,0.0993124395608902,0.7250975370407104,3.0531704425811768,5.596013328722303e-19
2pkea,12,2660,0.9951775670051575,IPR002695,Bifunctional purine biosynthesis protein PurH-like,2.228456974029541,0.09940806776285172,2.1290488243103027,4.486393451690674,0.007937831804156303
2pkea,12,2660,0.957641065120697,IPR003524,Phospho-N-acetylmuramoyl-pentapeptide transferase,0.8490960597991943,0.09949810802936554,0.74959796667099,3.0930416584014893,2.2398063425125257e-14
2pkea,12,2660,0.987522542476654,IPR003796,Ribonucleotide reductase regulator NrdR-like,1.4541015625,0.09884628653526306,1.3552552461624146,3.8786516189575195,2.253520991774699e-15
2pkea,12,2660,0.9698070883750916,IPR003945,"NADH-quinone oxidoreductase, chain 5-like",1.100904107093811,0.09967160224914551,1.0012325048446655,3.4652178287506104,5.209922733229178e-07
2pkea,12,2660,0.9556375741958618,IPR004416,tRNA uridine 5-carboxymethylaminomethyl modification enzyme MnmG,0.8256509900093079,0.09967401623725891,0.7259769439697266,3.050097942352295,5.304583508558558e-11
2pkea,12,2660,0.9869019985198975,IPR004616,Leucyl/phenylalanyl-tRNA-protein transferase,1.4210205078125,0.09941530227661133,1.3216052055358887,3.8371706008911133,5.0773618198718395e-08
2pkea,12,2660,0.9758560657501221,IPR004662,Acetylglutamate kinase family,1.1350640058517456,0.09954062104225159,1.0355234146118164,3.511199474334717,4.128235531197788e-09
2pkea,12,2660,0.9711529016494751,IPR004803,tRNA-guanine transglycosylase,1.048909306526184,0.09933310002088547,0.949576199054718,3.4003264904022217,6.317761933180219e-14
2pkea,12,2660,0.9981939196586609,IPR005712,"Small ribosomal subunit protein uS5, bacterial-type",3.5947964191436768,0.09557367861270905,3.499222755432129,5.233002185821533,3.781666196613572e-20
2pkea,12,2660,0.9569119215011597,IPR005715,Glutamate 5-kinase/delta-1-pyrroline-5-carboxylate synthase,0.8428791761398315,0.09972944110631943,0.7431497573852539,3.079089879989624,1.7125841855758495e-09
2pkea,12,2660,0.955170750617981,IPR005758,UDP-N-acetylmuramate--L-alanine ligase,0.8497450351715088,0.09979763627052307,0.7499474287033081,3.0898079872131348,8.99506176210707e-08
2pkea,12,2660,0.9839515686035156,IPR005762,UDP-N-acetylmuramoylalanine-D-glutamate ligase MurD,1.3433431386947632,0.09897936135530472,1.244363784790039,3.7624106407165527,4.707642678865266e-15
2pkea,12,2660,0.9658414721488953,IPR005765,Uracil phosphoribosyl transferase,0.9632800817489624,0.09926296770572662,0.864017128944397,3.278482437133789,8.485859292235319e-17
2pkea,12,2660,0.9506368637084961,IPR005940,Anthranilate phosphoribosyl transferase,0.7700381278991699,0.10000356286764145,0.6700345873832703,2.9447343349456787,0.0002410165179753676
2pkea,12,2660,0.9851193428039551,IPR005946,Ribose-phosphate pyrophosphokinase,1.3621011972427368,0.09946247190237045,1.2626386880874634,3.775392770767212,6.49718714385017e-08
2pkea,12,2660,0.985389769077301,IPR006330,Adenosine/adenine deaminase,1.4615188837051392,0.09951918572187424,1.361999750137329,3.8762049674987793,4.140982127864845e-06
2pkea,12,2660,0.9980859756469727,IPR006439,"HAD hydrolase, subfamily IA",3.796142578125,0.09751368314027786,3.6986289024353027,5.282637596130371,1.0594842336786314e-08
2pkea,12,2660,0.9569119215011597,IPR011529,Glutamate 5-kinase,0.8428791761398315,0.09972944110631943,0.7431497573852539,3.079089879989624,1.7125841855758495e-09
2pkea,12,2660,0.9759880304336548,IPR011817,Uridylate kinase,1.134427547454834,0.09912670403718948,1.035300850868225,3.5164012908935547,4.3548224337521565e-16
2pkea,12,2660,0.9594590067863464,IPR012132,Glucose-methanol-choline oxidoreductase,0.8873589038848877,0.10000016540288925,0.7873587608337402,3.1493711471557617,0.0038423005025833845
2pkea,12,2660,0.9701636433601379,IPR012134,Glutamate-5-semialdehyde dehydrogenase,1.0218963623046875,0.09973485767841339,0.9221615195274353,3.3568625450134277,4.967064910488261e-07
2pkea,12,2660,0.9744594693183899,IPR015963,"Uridylate kinase, bacteria",1.1039550304412842,0.09946810454130173,1.0044869184494019,3.472158670425415,9.411683238313984e-11
2pkea,12,2660,0.9698070883750916,IPR018393,"NADH-plastoquinone oxidoreductase, chain 5 subgroup",1.100904107093811,0.09967160224914551,1.0012325048446655,3.4652178287506104,5.209922733229178e-07
2pkea,12,2660,0.9580280184745789,IPR020936,tRNA uridine(34) hydroxylase,0.8573282957077026,0.0997149795293808,0.7576133012771606,3.103821039199829,1.4285289617887997e-09
2pkea,12,2660,0.9658414721488953,IPR034332,"Uracil phosphoribosyltransferase, bacterial-type",0.9632800817489624,0.09926296770572662,0.864017128944397,3.278482437133789,8.485859292235319e-17
2pkea,12,2660,0.9860187768936157,IPR037515,"Ribose-phosphate pyrophosphokinase, bacterial-type",1.3883464336395264,0.09957044571638107,1.2887760400772095,3.801361322402954,3.837001258943928e-06
2pkea,12,2660,0.9758560657501221,IPR037528,Acetylglutamate kinase ArgB,1.1350640058517456,0.09954062104225159,1.0355234146118164,3.511199474334717,4.128235531197788e-09
2pkea,12,2660,0.9638329148292542,IPR039428,NADH-ubiquinone oxidoreductase chain 4L/Mnh complex subunit C1-like,1.0002663135528564,0.0994817316532135,0.9007846117019653,3.3296637535095215,1.2195802527592559e-11
2pkea,12,2660,0.9721832871437073,IPR041727,"N-Acetyl-L-glutamate kinase, cyclic",1.0555419921875,0.09989919513463974,0.955642819404602,3.4012227058410645,0.0010754208778962493
2pkea,12,2660,0.955170750617981,IPR050061,Peptidoglycan biosynthesis MurCDEF,0.8497450351715088,0.09979763627052307,0.7499474287033081,3.0898079872131348,8.99506176210707e-08
2pkea,12,2660,0.9711529016494751,IPR050076,Archaeosine Synthase Type 1/Queuine TRNA-Ribosyltransferase,1.048909306526184,0.09933310002088547,0.949576199054718,3.4003264904022217,6.317761933180219e-14
2pkea,12,2660,1.0,IPR008250,"P-type ATPase, A domain superfamily",8.055042266845703,0.09649331867694855,7.9585490226745605,6.383169651031494,0.005163284484297037
2pkea,12,2660,0.9838559627532959,IPR015824,"Phosphoglycerate kinase, N-terminal",1.3218022584915161,0.09888279438018799,1.2229194641113281,3.74049711227417,7.671951288919072e-17
2pkea,12,2660,0.9986321330070496,IPR023214,HAD superfamily,4.377725124359131,0.09018247574567795,4.287542819976807,5.601030349731445,0.0
2pkea,12,2660,1.0,IPR023298,"P-type ATPase, transmembrane domain superfamily",8.055042266845703,0.09649331867694855,7.9585490226745605,6.383169651031494,0.005163284484297037
2pkea,12,2660,1.0,IPR023299,"P-type ATPase, cytoplasmic domain N",8.055042266845703,0.09649331867694855,7.9585490226745605,6.383169651031494,0.005163284484297037
2pkea,12,2660,0.9951775670051575,IPR024051,"AICAR transformylase, duplicated domain superfamily",2.228456974029541,0.09940806776285172,2.1290488243103027,4.486393451690674,0.007937831804156303
2pkea,12,2660,0.9692381024360657,IPR035968,"ATP synthase, F1 complex, gamma subunit superfamily",1.022678017616272,0.09936460852622986,0.9233133792877197,3.3633310794830322,9.26272608419397e-14
2pkea,12,2660,0.9838559627532959,IPR036043,Phosphoglycerate kinase superfamily,1.3218022584915161,0.09888279438018799,1.2229194641113281,3.74049711227417,7.671951288919072e-17
2pkea,12,2660,0.9764599800109863,IPR036266,"SecA, Wing/Scaffold superfamily",1.126091718673706,0.0987260714173317,1.0273656845092773,3.511603355407715,4.351638218770084e-23
2pkea,12,2660,0.9504894614219666,IPR036343,"Glutamyl-tRNA reductase, N-terminal domain superfamily",0.7757314443588257,0.09959360957145691,0.6761378049850464,2.961287260055542,9.985853019044838e-14
2pkea,12,2660,0.9692036509513855,IPR036393,Acetylglutamate kinase-like superfamily,1.0182524919509888,0.09724908322095871,0.9210034012794495,3.3881185054779053,0.0
2pkea,12,2660,0.9984899759292603,IPR036412,HAD-like superfamily,4.298675537109375,0.09079446643590927,4.207880973815918,5.564985275268555,4.056373865298472e-37
2pkea,12,2660,0.9559959769248962,IPR036453,Glutamyl tRNA-reductase dimerization domain superfamily,0.8399755358695984,0.09973234683275223,0.7402431964874268,3.0740692615509033,1.9867676392948397e-09
2pkea,12,2660,0.9727838635444641,IPR036511,Queuine tRNA-ribosyltransferase-like,1.0939000844955444,0.0991794615983963,0.9947206377983093,3.4631502628326416,8.761557928654753e-16
2pkea,12,2660,0.9752568006515503,IPR036565,"Mur-like, catalytic domain superfamily",1.1869797706604004,0.09764030575752258,1.0893394947052002,3.603527069091797,0.0
2pkea,12,2660,0.9752568006515503,IPR036615,"Mur ligase, C-terminal domain superfamily",1.1869797706604004,0.09764030575752258,1.0893394947052002,3.603527069091797,0.0
2pkea,12,2660,0.9764599800109863,IPR036670,"SecA, preprotein cross-linking domain superfamily",1.126091718673706,0.0987260714173317,1.0273656845092773,3.511603355407715,4.351638218770084e-23
2pkea,12,2660,0.9869019985198975,IPR042203,"Leucyl/phenylalanyl-tRNA-protein transferase, C-terminal",1.4210205078125,0.09941530227661133,1.3216052055358887,3.8371706008911133,5.0773618198718395e-08
2pkea,12,2660,0.9866049289703369,IPR042221,"Leucyl/phenylalanyl-tRNA-protein transferase, N-terminal",1.4172712564468384,0.09955018758773804,1.3177211284637451,3.8314030170440674,3.573557478375733e-06
2pkea,12,2660,0.9556375741958618,IPR044920,"tRNA uridine 5-carboxymethylaminomethyl modification enzyme, C-terminal subdomain superfamily",0.8256509900093079,0.09967401623725891,0.7259769439697266,3.050097942352295,5.304583508558558e-11
2pkea,12,2779,0.9516857266426086,IPR017441,"Protein kinase, ATP binding site",13.905329704284668,12.525104522705078,1.3802251815795898,0.1508142352104187,1.2618557526435182e-19
2pkea,12,2779,0.9761098623275757,IPR027486,Small ribosomal subunit protein uS10 domain,13.950246810913086,12.529167175292969,1.4210796356201172,0.1549990028142929,9.95207519736141e-05
2pkea,12,2779,0.9557823538780212,IPR001705,Large ribosomal subunit protein bL33,13.763671875,12.529892921447754,1.233778953552246,0.13549025356769562,0.04036038741469383
2pkea,12,2779,0.9761098623275757,IPR001848,Small ribosomal subunit protein uS10,13.950246810913086,12.529167175292969,1.4210796356201172,0.1549990028142929,9.95207519736141e-05
2pkea,12,2779,0.9541260004043579,IPR012292,Globin/Protoglobin,13.769120216369629,12.529511451721191,1.2396087646484375,0.13610512018203735,0.0010669298935681581
2pkea,12,2779,0.9761098623275757,IPR036838,Small ribosomal subunit protein uS10 domain superfamily,13.950246810913086,12.529167175292969,1.4210796356201172,0.1549990028142929,9.95207519736141e-05
2pkea,12,2779,0.9557823538780212,IPR038584,Large ribosomal subunit protein bL33 superfamily,13.763671875,12.529892921447754,1.233778953552246,0.13549025356769562,0.04036038741469383
2pkea,12,3174,0.9796956181526184,IPR018171,"Peptidyl-tRNA hydrolase, conserved site",6.0703125,1.233030915260315,4.837281703948975,2.2995500564575195,0.0032859707716852427
2pkea,12,3174,0.984239399433136,IPR031157,"Tr-type G domain, conserved site",6.317000389099121,1.2121835947036743,5.104816913604736,2.381619453430176,2.890586846036998e-28
2pkea,12,3174,0.9924672842025757,IPR033690,"Adenylate kinase, conserved site",7.4050164222717285,1.2290363311767578,6.175980091094971,2.59096360206604,1.0721749276854098e-05
2pkea,12,3174,0.9780739545822144,IPR000640,"Elongation factor EFG, domain V-like",5.791135311126709,1.225246548652649,4.56588888168335,2.24076247215271,4.077430938460164e-14
2pkea,12,3174,0.9822392463684082,IPR000795,Translational (tr)-type GTP-binding domain,6.105895042419434,1.2064745426177979,4.899420738220215,2.339393377304077,1.6225495461193887e-36
2pkea,12,3174,0.9893614053726196,IPR004160,"Translation elongation factor EFTu/EF1A, C-terminal",7.051305770874023,1.230292797088623,5.8210129737854,2.5188770294189453,6.720019155181944e-05
2pkea,12,3174,0.9830586314201355,IPR004161,"Translation elongation factor EFTu-like, domain 2",6.241144180297852,1.2131165266036987,5.028027534484863,2.3630805015563965,1.752129403973865e-27
2pkea,12,3174,0.9902090430259705,IPR005225,Small GTP-binding domain,6.6782050132751465,1.1702691316604614,5.507936000823975,2.5126078128814697,0.0
2pkea,12,3174,0.9745374917984009,IPR005517,"Translation elongation factor EFG/EF2, domain IV",5.5849385261535645,1.2329370975494385,4.352001190185547,2.1794304847717285,0.00033001459087245166
2pkea,12,3174,0.9897144436836243,IPR006073,GTP binding domain,6.941648960113525,1.205204725265503,5.736444473266602,2.5259881019592285,7.819472175642353e-33
2pkea,12,3174,0.9805007576942444,IPR013842,"GTP-binding protein LepA, C-terminal",6.041965961456299,1.233557939529419,4.808407783508301,2.2921807765960693,0.01273044291883707
2pkea,12,3174,0.9603584408760071,IPR016009,tRNA methyltransferase TRMD/TRM10-type domain,4.69683837890625,1.2352319955825806,3.461606502532959,1.9268962144851685,0.01999701000750065
2pkea,12,3174,0.9893614053726196,IPR033720,"Elongation factor Tu, domain 2",7.051305770874023,1.230292797088623,5.8210129737854,2.5188770294189453,6.720019155181944e-05
2pkea,12,3174,0.9805007576942444,IPR035654,"Elongation factor 4, domain IV",6.041965961456299,1.233557939529419,4.808407783508301,2.2921807765960693,0.01273044291883707
2pkea,12,3174,0.9745374917984009,IPR041095,"Elongation Factor G, domain II",5.5849385261535645,1.2329370975494385,4.352001190185547,2.1794304847717285,0.00033001459087245166
2pkea,12,3174,0.9893614053726196,IPR041709,"Elongation factor Tu (EF-Tu), GTP-binding domain",7.051305770874023,1.230292797088623,5.8210129737854,2.5188770294189453,6.720019155181944e-05
2pkea,12,3174,0.9697309136390686,IPR053905,"Elongation factor G-like, domain II",5.273385047912598,1.2339035272598267,4.0394816398620605,2.0954880714416504,0.002143177203834057
2pkea,12,3174,0.9924373626708984,IPR000850,Adenylate kinase/UMP-CMP kinase,7.39306640625,1.2284412384033203,6.16462516784668,2.589332342147827,2.4145654151652707e-06
2pkea,12,3174,0.9796956181526184,IPR001328,Peptidyl-tRNA hydrolase,6.0703125,1.233030915260315,4.837281703948975,2.2995500564575195,0.0032859707716852427
2pkea,12,3174,0.9959779381752014,IPR001806,Small GTPase,7.9107666015625,1.2300814390182495,6.680685043334961,2.685051918029785,0.0006796359666623175
2pkea,12,3174,0.9603584408760071,IPR002649,tRNA (guanine-N1-)-methyltransferase TrmD,4.69683837890625,1.2352319955825806,3.461606502532959,1.9268962144851685,0.01999701000750065
2pkea,12,3174,0.9827411770820618,IPR003742,RNA methyltransferase RlmH,6.26280403137207,1.2317146062850952,5.0310893058776855,2.3461289405822754,0.0001375850843032822
2pkea,12,3174,0.9893614053726196,IPR004541,"Translation elongation factor EFTu/EF1A, bacterial/organelle",7.051305770874023,1.230292797088623,5.8210129737854,2.5188770294189453,6.720019155181944e-05
2pkea,12,3174,0.9916180968284607,IPR006259,Adenylate kinase subfamily,7.299057960510254,1.2304538488388062,6.068603992462158,2.5685079097747803,0.00023367113317362964
2pkea,12,3174,0.9805007576942444,IPR006297,Elongation factor 4,6.041965961456299,1.233557939529419,4.808407783508301,2.2921807765960693,0.01273044291883707
2pkea,12,3174,0.9893614053726196,IPR050055,Elongation factor Tu GTPase,7.051305770874023,1.230292797088623,5.8210129737854,2.5188770294189453,6.720019155181944e-05
2pkea,12,3174,0.9894801378250122,IPR009001,"Translation elongation factor EF1A/initiation factor IF2gamma, C-terminal",7.038072109222412,1.2274060249328613,5.810666084289551,2.5195560455322266,4.152371246846087e-08
2pkea,12,3174,0.9603584408760071,IPR023148,"tRNA (guanine-N(1)-)-methyltransferase, C-terminal domain superfamily",4.69683837890625,1.2352319955825806,3.461606502532959,1.9268962144851685,0.01999701000750065
2pkea,12,3174,0.9509368538856506,IPR029026,"tRNA (guanine-N1-)-methyltransferase, N-terminal",5.146690845489502,1.225477933883667,3.921212911605835,2.070288896560669,1.5722547639903175e-14
2pkea,12,3174,0.9509368538856506,IPR029028,Alpha/beta knot methyltransferases,5.146690845489502,1.225477933883667,3.921212911605835,2.070288896560669,1.5722547639903175e-14
2pkea,12,3174,0.9782682061195374,IPR035647,EF-G domain III/V-like,5.801589488983154,1.2247517108917236,4.576837539672852,2.2439470291137695,9.711293726642756e-15
2pkea,12,3174,0.9796956181526184,IPR036416,Peptidyl-tRNA hydrolase superfamily,6.0703125,1.233030915260315,4.837281703948975,2.2995500564575195,0.0032859707716852427
2pkea,12,3174,0.9805007576942444,IPR038363,"LepA, C-terminal domain superfamily",6.041965961456299,1.233557939529419,4.808407783508301,2.2921807765960693,0.01273044291883707
2pkea,12,3329,0.9827733635902405,IPR018130,"Small ribosomal subunit protein uS2, conserved site",2.576915979385376,0.49800488352775574,2.078911066055298,2.371384620666504,1.990284914654694e-08
2pkea,12,3329,0.9754263162612915,IPR020556,"Amidase, conserved site",2.3010926246643066,0.49948805570602417,1.8016045093536377,2.203768014907837,0.00017055902571883053
2pkea,12,3329,0.996153712272644,IPR035595,"UDP-glycosyltransferase family, conserved site",7.465267181396484,0.49400511384010315,6.971261978149414,3.9175667762756348,0.01905541680753231
2pkea,12,3329,0.9852952361106873,IPR000073,Alpha/beta hydrolase fold-1,3.372591018676758,0.49777090549468994,2.8748202323913574,2.760274648666382,5.795328252133913e-05
2pkea,12,3329,0.9981561303138733,IPR001296,"Glycosyl transferase, family 1",8.233181953430176,0.4930824637413025,7.7400994300842285,4.061520099639893,0.016063427552580833
2pkea,12,3329,0.9696110486984253,IPR001347,SIS domain,2.3238003253936768,0.4998170733451843,1.8239831924438477,2.2169852256774902,0.007374216336756945
2pkea,12,3329,0.9894673824310303,IPR006131,"Aspartate/ornithine carbamoyltransferase, Asp/Orn-binding domain",2.981923818588257,0.4981481730937958,2.4837756156921387,2.5815675258636475,6.665794899163302e-06
2pkea,12,3329,0.9894673824310303,IPR006132,"Aspartate/ornithine carbamoyltransferase, carbamoyl-P binding",2.981923818588257,0.4981481730937958,2.4837756156921387,2.5815675258636475,6.665794899163302e-06
2pkea,12,3329,0.9624367952346802,IPR006137,"NADH:ubiquinone oxidoreductase-like, 20kDa subunit",2.0765891075134277,0.4998478591442108,1.5767412185668945,2.054625988006592,0.0006835237145423889
2pkea,12,3329,0.9982646107673645,IPR007235,"Glycosyl transferase, family 28, C-terminal",8.224284172058105,0.4930931627750397,7.731191158294678,4.0599284172058105,0.015915196388959885
2pkea,12,3329,0.9751312732696533,IPR023631,Amidase signature domain,2.2918832302093506,0.4993232488632202,1.7925599813461304,2.198458671569824,3.543290222296491e-05
2pkea,12,3329,0.9751312732696533,IPR000120,Amidase,2.2918832302093506,0.4993232488632202,1.7925599813461304,2.198458671569824,3.543290222296491e-05
2pkea,12,3329,0.9877070784568787,IPR001576,Phosphoglycerate kinase,2.835036039352417,0.4993341863155365,2.3357019424438477,2.505260467529297,0.0071164947003126144
2pkea,12,3329,0.9830650091171265,IPR001865,Small ribosomal subunit protein uS2,2.5885121822357178,0.4977710247039795,2.0907411575317383,2.378539800643921,3.6723044605224686e-09
2pkea,12,3329,0.9891204833984375,IPR002082,Aspartate carbamoyltransferase,2.9690756797790527,0.49891233444213867,2.470163345336914,2.5731265544891357,0.0011382164666429162
2pkea,12,3329,0.9964306950569153,IPR002213,UDP-glucuronosyl/UDP-glucosyltransferase,7.514662742614746,0.4925396144390106,7.022123336791992,3.9313673973083496,0.0005546131287701428
2pkea,12,3329,0.9751352071762085,IPR004412,Glutamyl-tRNA(Gln) amidotransferase A subunit,2.2935242652893066,0.4995001256465912,1.794024109840393,2.1989803314208984,0.00017601966101210564
2pkea,12,3329,0.9852827191352844,IPR005706,"Small ribosomal subunit protein uS2, bacteria/mitochondria/plastid",2.68798828125,0.49886801838874817,2.189120292663574,2.4297678470611572,5.803348540212028e-05
2pkea,12,3329,0.9894673824310303,IPR006130,Aspartate/ornithine carbamoyltransferase,2.981923818588257,0.4981481730937958,2.4837756156921387,2.5815675258636475,6.665794899163302e-06
2pkea,12,3329,0.9694142937660217,IPR006138,"NADH-ubiquinone oxidoreductase, 20 Kd subunit",2.156215190887451,0.5000519752502441,1.656163215637207,2.1083223819732666,0.007511667907238007
2pkea,12,3329,0.9877070784568787,IPR015824,"Phosphoglycerate kinase, N-terminal",2.835036039352417,0.4993341863155365,2.3357019424438477,2.505260467529297,0.0071164947003126144
2pkea,12,3329,0.9830650091171265,IPR023591,"Small ribosomal subunit protein uS2, flavodoxin-like domain superfamily",2.5885121822357178,0.4977710247039795,2.0907411575317383,2.378539800643921,3.6723044605224686e-09
2pkea,12,3329,0.9722933769226074,IPR029035,DHS-like NAD/FAD-binding domain superfamily,2.383871555328369,0.4997327923774719,1.884138822555542,2.2540488243103027,0.005728280637413263
2pkea,12,3329,0.9877070784568787,IPR036043,Phosphoglycerate kinase superfamily,2.835036039352417,0.4993341863155365,2.3357019424438477,2.505260467529297,0.0071164947003126144
2pkea,12,3329,0.9894673824310303,IPR036901,Aspartate/ornithine carbamoyltransferase superfamily,2.981923818588257,0.4981481730937958,2.4837756156921387,2.5815675258636475,6.665794899163302e-06
2pkea,12,3329,0.9751312732696533,IPR036928,Amidase signature (AS) superfamily,2.2918832302093506,0.4993232488632202,1.7925599813461304,2.198458671569824,3.543290222296491e-05
2pkea,12,3329,0.9504963159561157,IPR046348,SIS domain superfamily,2.0268657207489014,0.4983965754508972,1.5284690856933594,2.023855447769165,1.3565772949419852e-09
2pkea,12,3330,0.9856370091438293,IPR018215,"ClpP, Ser active site",1.8170340061187744,0.25198033452033997,1.5650537014007568,2.850145101547241,2.4513819880667143e-05
2pkea,12,3330,0.9847858548164368,IPR033135,"ClpP, histidine active site",1.787353515625,0.2520219087600708,1.5353316068649292,2.8261466026306152,2.7006501113646664e-05
2pkea,12,3330,0.964134156703949,IPR002052,"DNA methylase, N-6 adenine-specific, conserved site",1.465256929397583,0.2525949478149414,1.2126619815826416,2.536198854446411,0.0016377096762880683
2pkea,12,3330,0.9965052604675293,IPR020053,"Ribosome-binding factor A, conserved site",2.289950370788574,0.25192955136299133,2.0380208492279053,3.18416690826416,0.0034373633097857237
2pkea,12,3330,0.9774729609489441,IPR020555,"2-C-methyl-D-erythritol 2,4-cyclodiphosphate synthase, conserved site",1.6297472715377808,0.25251874327659607,1.3772284984588623,2.6901285648345947,0.002814049366861582
2pkea,12,3330,0.9902148842811584,IPR020596,"Ribosomal RNA adenine methylase transferase, conserved site",1.9558802843093872,0.25178566575050354,1.704094648361206,2.9574925899505615,1.4521035154757556e-05
2pkea,12,3330,0.9669329524040222,IPR020809,"Enolase, conserved site",1.369024395942688,0.2518252730369568,1.117199182510376,2.4425957202911377,5.888394216668758e-10
2pkea,12,3330,0.9895113110542297,IPR000432,"DNA mismatch repair protein MutS, C-terminal",2.0798325538635254,0.25032946467399597,1.829503059387207,3.0545096397399902,1.3510958844775711e-11
2pkea,12,3330,0.9862590432167053,IPR001789,"Signal transduction response regulator, receiver domain",2.0307326316833496,0.2518588900566101,1.7788736820220947,3.0112555027008057,0.00016516694449819624
2pkea,12,3330,0.9774729609489441,IPR003526,"2-C-methyl-D-erythritol 2,4-cyclodiphosphate synthase",1.6297472715377808,0.25251874327659607,1.3772284984588623,2.6901285648345947,0.002814049366861582
2pkea,12,3330,0.9517295360565186,IPR006641,YqgF/RNase H-like domain,1.22998046875,0.25290119647979736,0.9770792722702026,2.2819325923919678,0.005666469689458609
2pkea,12,3330,0.9963611960411072,IPR007695,"DNA mismatch repair protein MutS-like, N-terminal",2.231064558029175,0.2512015998363495,1.979862928390503,3.150757312774658,9.118089678850083e-07
2pkea,12,3330,0.9895113110542297,IPR007696,"DNA mismatch repair protein MutS, core",2.0798325538635254,0.25032946467399597,1.829503059387207,3.0545096397399902,1.3510958844775711e-11
2pkea,12,3330,0.9949731826782227,IPR007860,"DNA mismatch repair protein MutS, connector domain",2.181900978088379,0.25108209252357483,1.9308189153671265,3.1192970275878906,1.403794982479667e-07
2pkea,12,3330,0.9949731826782227,IPR007861,"DNA mismatch repair protein MutS, clamp",2.181900978088379,0.25108209252357483,1.9308189153671265,3.1192970275878906,1.403794982479667e-07
2pkea,12,3330,0.9902148842811584,IPR020598,"Ribosomal RNA adenine methylase transferase, N-terminal",1.9558802843093872,0.25178566575050354,1.704094648361206,2.9574925899505615,1.4521035154757556e-05
2pkea,12,3330,0.9669329524040222,IPR020810,"Enolase, C-terminal TIM barrel domain",1.369024395942688,0.2518252730369568,1.117199182510376,2.4425957202911377,5.888394216668758e-10
2pkea,12,3330,0.9669329524040222,IPR020811,"Enolase, N-terminal",1.369024395942688,0.2518252730369568,1.117199182510376,2.4425957202911377,5.888394216668758e-10
2pkea,12,3330,0.9965208172798157,IPR000238,Ribosome-binding factor A,2.2814128398895264,0.2517358064651489,2.029676914215088,3.1798877716064453,0.00043385240132920444
2pkea,12,3330,0.9669329524040222,IPR000941,Enolase,1.369024395942688,0.2518252730369568,1.117199182510376,2.4425957202911377,5.888394216668758e-10
2pkea,12,3330,0.9940740466117859,IPR001228,2-C-methyl-D-erythritol 4-phosphate cytidylyltransferase,2.117854595184326,0.25230586528778076,1.8655487298965454,3.069300651550293,0.0334499329328537
2pkea,12,3330,0.9902148842811584,IPR001737,Ribosomal RNA adenine methyltransferase KsgA/Erm,1.9558802843093872,0.25178566575050354,1.704094648361206,2.9574925899505615,1.4521035154757556e-05
2pkea,12,3330,0.9854767918586731,IPR001907,ATP-dependent Clp protease proteolytic subunit,1.806793212890625,0.25168320536613464,1.555109977722168,2.843693256378174,4.87161059936625e-07
2pkea,12,3330,0.9901351928710938,IPR002903,Ribosomal RNA small subunit methyltransferase H,1.9534180164337158,0.2516186833381653,1.7017993927001953,2.956632375717163,1.9696053641382605e-06
2pkea,12,3330,0.9898098111152649,IPR003682,rRNA small subunit methyltransferase G,1.948095679283142,0.2524757981300354,1.695619821548462,2.9477903842926025,0.047639332711696625
2pkea,12,3330,0.9620678424835205,IPR003742,RNA methyltransferase RlmH,1.3226996660232544,0.2522445619106293,1.0704550743103027,2.390533208847046,2.6842641887014906e-07
2pkea,12,3330,0.9517295360565186,IPR005227,Putative pre-16S rRNA nuclease,1.22998046875,0.25290119647979736,0.9770792722702026,2.2819325923919678,0.005666469689458609
2pkea,12,3330,0.9963611960411072,IPR005748,DNA mismatch repair protein MutS,2.231064558029175,0.2512015998363495,1.979862928390503,3.150757312774658,9.118089678850083e-07
2pkea,12,3330,0.9900485873222351,IPR011530,Ribosomal RNA adenine dimethylase,1.95263671875,0.25196054577827454,1.7006762027740479,2.954096555709839,0.00011035594798158854
2pkea,12,3330,0.9898524880409241,IPR017261,DNA mismatch repair protein MutS/MSH,2.145650625228882,0.25114017724990845,1.8945105075836182,3.0947928428649902,2.7538786184777564e-07
2pkea,12,3330,0.9854767918586731,IPR023562,Clp protease proteolytic subunit /Translocation-enhancing protein TepA,1.806793212890625,0.25168320536613464,1.555109977722168,2.843693256378174,4.87161059936625e-07
2pkea,12,3330,0.9940740466117859,IPR034683,Cytidylyltransferase IspD/TarI,2.117854595184326,0.25230586528778076,1.8655487298965454,3.069300651550293,0.0334499329328537
2pkea,12,3330,0.9895113110542297,IPR045076,DNA mismatch repair MutS,2.0798325538635254,0.25032946467399597,1.829503059387207,3.0545096397399902,1.3510958844775711e-11
2pkea,12,3330,0.9864837527275085,IPR011006,CheY-like superfamily,2.0568530559539795,0.25200557708740234,1.8048474788665771,3.0288538932800293,0.0011722369818016887
2pkea,12,3330,0.9963611960411072,IPR016151,"DNA mismatch repair protein MutS, N-terminal",2.231064558029175,0.2512015998363495,1.979862928390503,3.150757312774658,9.118089678850083e-07
2pkea,12,3330,0.9902148842811584,IPR023165,"rRNA adenine dimethylase-like, C-terminal",1.9558802843093872,0.25178566575050354,1.704094648361206,2.9574925899505615,1.4521035154757556e-05
2pkea,12,3330,0.9901351928710938,IPR023397,"S-adenosyl-L-methionine-dependent methyltransferase, MraW, recognition domain superfamily",1.9534180164337158,0.2516186833381653,1.7017993927001953,2.956632375717163,1.9696053641382605e-06
2pkea,12,3330,0.9965208172798157,IPR023799,Ribosome-binding factor A domain superfamily,2.2814128398895264,0.2517358064651489,2.029676914215088,3.1798877716064453,0.00043385240132920444
2pkea,12,3330,0.9633714556694031,IPR029017,"Enolase-like, N-terminal",1.4108961820602417,0.2510398030281067,1.1598563194274902,2.4905662536621094,2.4034200736371136e-14
2pkea,12,3330,0.9895113110542297,IPR036187,"DNA mismatch repair protein MutS, core domain superfamily",2.0798325538635254,0.25032946467399597,1.829503059387207,3.0545096397399902,1.3510958844775711e-11
2pkea,12,3330,0.9774729609489441,IPR036571,"2-C-methyl-D-erythritol 2,4-cyclodiphosphate synthase superfamily",1.6297472715377808,0.25251874327659607,1.3772284984588623,2.6901285648345947,0.002814049366861582
2pkea,12,3330,0.9941076040267944,IPR036678,"MutS, connector domain superfamily",2.14690899848938,0.2509482800960541,1.8959606885910034,3.0967414379119873,2.0582067605801058e-08
2pkea,12,3330,0.9633714556694031,IPR036849,"Enolase-like, C-terminal domain superfamily",1.4108961820602417,0.2510398030281067,1.1598563194274902,2.4905662536621094,2.4034200736371136e-14
2pkea,12,3330,0.9517295360565186,IPR037027,YqgF/RNase H-like domain superfamily,1.22998046875,0.25290119647979736,0.9770792722702026,2.2819325923919678,0.005666469689458609
2pkea,12,3508,0.957233190536499,IPR002150,Large ribosomal subunit protein bL31 type A/B,10.806066513061523,5.358417987823486,5.447648525238037,1.0119596719741821,0.009863634593784809
2pkea,12,3508,0.9855462312698364,IPR003732,D-aminoacyl-tRNA deacylase DTD,11.799479484558105,5.356081008911133,6.443398475646973,1.1394708156585693,0.00014609470963478088
2pkea,12,3508,0.9855462312698364,IPR023509,D-aminoacyl-tRNA deacylase-like superfamily,11.799479484558105,5.356081008911133,6.443398475646973,1.1394708156585693,0.00014609470963478088
2pkea,12,3508,0.9574537873268127,IPR042105,Large ribosomal subunit protein bL31 superfamily,10.814453125,5.358950138092041,5.455502986907959,1.0129356384277344,0.03474763408303261
2pkea,12,3521,0.979201078414917,IPR019798,"Serine hydroxymethyltransferase, pyridoxal phosphate binding site",3.4290771484375,1.0569610595703125,2.3721160888671875,1.6978845596313477,0.004379891790449619
2pkea,12,3521,0.9995520114898682,IPR000629,"ATP-dependent RNA helicase DEAD-box, conserved site",9.012530326843262,1.0368293523788452,7.975700855255127,3.1197397708892822,3.7066037088598347e-13
2pkea,12,3521,0.9946353435516357,IPR020937,SecA conserved site,5.859256744384766,1.0540289878845215,4.805227756500244,2.4747893810272217,0.020122669637203217
2pkea,12,3521,0.9616193771362305,IPR049704,Aminotransferases class-III pyridoxal-phosphate attachment site,2.8026065826416016,1.0570908784866333,1.7455157041549683,1.4066561460494995,3.2820091291796416e-05
2pkea,12,3521,0.9610159993171692,IPR001279,Metallo-beta-lactamase,2.8303122520446777,1.0547194480895996,1.7755928039550781,1.4240882396697998,1.830958778689662e-12
2pkea,12,3521,0.9997233152389526,IPR001650,"Helicase, C-terminal domain-like",7.985753536224365,1.0189555883407593,6.966797828674316,2.970323085784912,9.995716295197502e-33
2pkea,12,3521,0.9696630835533142,IPR003959,"ATPase, AAA-type, core",3.5347678661346436,1.0498226881027222,2.484945297241211,1.7514560222625732,5.832169774691013e-19
2pkea,12,3521,0.9663639068603516,IPR004101,"Mur ligase, C-terminal",2.9460840225219727,1.056031346321106,1.8900526762008667,1.4801322221755981,9.338221218513354e-08
2pkea,12,3521,0.9840518236160278,IPR004839,"Aminotransferase, class I/classII, large domain",4.262514591217041,1.0549827814102173,3.2075319290161133,2.0144715309143066,0.00015730209997855127
2pkea,12,3521,0.9947381019592285,IPR011115,"SecA DEAD-like, N-terminal",5.874288558959961,1.0525596141815186,4.821728706359863,2.4804985523223877,0.00022175066987983882
2pkea,12,3521,0.9947381019592285,IPR011116,SecA Wing/Scaffold,5.874288558959961,1.0525596141815186,4.821728706359863,2.4804985523223877,0.00022175066987983882
2pkea,12,3521,0.9947381019592285,IPR011130,"SecA, preprotein cross-linking domain",5.874288558959961,1.0525596141815186,4.821728706359863,2.4804985523223877,0.00022175066987983882
2pkea,12,3521,0.9998308420181274,IPR011545,DEAD/DEAH-box helicase domain,9.017497062683105,1.0328099727630615,7.984686851501465,3.126138210296631,1.8621095550077694e-16
2pkea,12,3521,0.9663639068603516,IPR013221,"Mur ligase, central",2.9460840225219727,1.056031346321106,1.8900526762008667,1.4801322221755981,9.338221218513354e-08
2pkea,12,3521,0.9995912313461304,IPR014001,"Helicase superfamily 1/2, ATP-binding domain",7.825952529907227,1.0158095359802246,6.810142993927002,2.945622205734253,1.2169121595895415e-36
2pkea,12,3521,0.9995085000991821,IPR014014,"RNA helicase, DEAD-box type, Q motif",8.999897003173828,1.0368672609329224,7.963029861450195,3.1176633834838867,3.736012421737961e-13
2pkea,12,3521,0.9947381019592285,IPR014018,SecA motor DEAD,5.874288558959961,1.0525596141815186,4.821728706359863,2.4804985523223877,0.00022175066987983882
2pkea,12,3521,0.9843624234199524,IPR019489,"Clp ATPase, C-terminal",3.67350697517395,1.0557827949523926,2.6177241802215576,1.7988313436508179,3.630847641034052e-05
2pkea,12,3521,0.9784092307090759,IPR020588,"DNA recombination and repair protein RecA-like, ATP-binding domain",3.4514565467834473,1.0569251775741577,2.39453125,1.7073183059692383,0.004718664567917585
2pkea,12,3521,0.979201078414917,IPR039429,Serine hydroxymethyltransferase-like domain,3.4290771484375,1.0569610595703125,2.3721160888671875,1.6978845596313477,0.004379891790449619
2pkea,12,3521,0.9947381019592285,IPR044722,"SecA, C-terminal helicase domain",5.874288558959961,1.0525596141815186,4.821728706359863,2.4804985523223877,0.00022175066987983882
2pkea,12,3521,0.9947381019592285,IPR000185,Protein translocase subunit SecA,5.874288558959961,1.0525596141815186,4.821728706359863,2.4804985523223877,0.00022175066987983882
2pkea,12,3521,0.979201078414917,IPR001085,Serine hydroxymethyltransferase,3.4290771484375,1.0569610595703125,2.3721160888671875,1.6978845596313477,0.004379891790449619
2pkea,12,3521,0.9624244570732117,IPR005814,Aminotransferase class-III,2.8260762691497803,1.0566868782043457,1.7693893909454346,1.419238805770874,2.20046354115766e-06
2pkea,12,3521,0.979201078414917,IPR049943,Serine hydroxymethyltransferase-like,3.4290771484375,1.0569610595703125,2.3721160888671875,1.6978845596313477,0.004379891790449619
2pkea,12,3521,0.9830312132835388,IPR050052,ATP-dependent Clp protease ATP-binding subunit ClpX,3.5889322757720947,1.0569584369659424,2.5319738388061523,1.7636224031448364,0.012755419127643108
2pkea,12,3521,0.9538797736167908,IPR015421,"Pyridoxal phosphate-dependent transferase, major domain",3.0592172145843506,1.0424034595489502,2.0168137550354004,1.5532349348068237,0.0
2pkea,12,3521,0.9658150672912598,IPR015422,"Pyridoxal phosphate-dependent transferase, small domain",3.1741409301757812,1.043498158454895,2.130642890930176,1.6049243211746216,0.0
2pkea,12,3521,0.9538797736167908,IPR015424,Pyridoxal phosphate-dependent transferase,3.0592172145843506,1.0424034595489502,2.0168137550354004,1.5532349348068237,0.0
2pkea,12,3521,0.9854525923728943,IPR023214,HAD superfamily,4.212257385253906,1.0531747341156006,3.1590826511383057,1.9998350143432617,2.4577493817901086e-08
2pkea,12,3521,0.9831580519676208,IPR029033,Histidine phosphatase superfamily,3.622818946838379,1.0569075345993042,2.565911293029785,1.7772499322891235,0.01261207740753889
2pkea,12,3521,0.9947381019592285,IPR036266,"SecA, Wing/Scaffold superfamily",5.874288558959961,1.0525596141815186,4.821728706359863,2.4804985523223877,0.00022175066987983882
2pkea,12,3521,0.9862771034240723,IPR036412,HAD-like superfamily,4.268846035003662,1.0533607006072998,3.2154853343963623,2.0188329219818115,9.202008044439935e-08
2pkea,12,3521,0.966701865196228,IPR036565,"Mur-like, catalytic domain superfamily",2.9562106132507324,1.05581533908844,1.9003952741622925,1.4853777885437012,2.3695196915696215e-08
2pkea,12,3521,0.966701865196228,IPR036615,"Mur ligase, C-terminal domain superfamily",2.9562106132507324,1.05581533908844,1.9003952741622925,1.4853777885437012,2.3695196915696215e-08
2pkea,12,3521,0.9947381019592285,IPR036670,"SecA, preprotein cross-linking domain superfamily",5.874288558959961,1.0525596141815186,4.821728706359863,2.4804985523223877,0.00022175066987983882
2pkea,12,3521,0.9606924057006836,IPR036866,Ribonuclease Z/Hydroxyacylglutathione hydrolase-like,2.8189027309417725,1.0545814037322998,1.7643213272094727,1.4184496402740479,5.398414462849666e-13
2pkea,12,3557,0.9914308786392212,IPR018101,"Translation elongation factor Ts, conserved site",6.154529571533203,2.8563637733459473,3.298165798187256,1.1074637174606323,0.028293587267398834
2pkea,12,3557,0.9518327713012695,IPR018260,"Large ribosomal subunit protein uL22, conserved site",4.953558921813965,2.857207775115967,2.096351146697998,0.7938544154167175,0.0047220513224601746
2pkea,12,3557,0.9909998178482056,IPR014039,"Translation elongation factor EFTs/EF1B, dimerisation",6.1274309158325195,2.856074094772339,3.2713568210601807,1.1012438535690308,0.006711854599416256
2pkea,12,3557,0.9535781741142273,IPR001063,Large ribosomal subunit protein uL22,4.965657711029053,2.8559179306030273,2.1097397804260254,0.7980252504348755,2.166251078961068e-06
2pkea,12,3557,0.9909998178482056,IPR001816,Translation elongation factor EFTs/EF1B,6.1274309158325195,2.856074094772339,3.2713568210601807,1.1012438535690308,0.006711854599416256
2pkea,12,3557,0.9571061134338379,IPR003732,D-aminoacyl-tRNA deacylase DTD,5.093316078186035,2.8569557666778564,2.2363603115081787,0.8341214656829834,0.0027855169028043747
2pkea,12,3557,0.9509168267250061,IPR005727,"Large ribosomal subunit protein uL22, bacterial/chloroplast-type",4.912499904632568,2.85686993598938,2.0556299686431885,0.7820169925689697,0.00043274895870126784
2pkea,12,3557,0.9509168267250061,IPR047867,"Large ribosomal subunit protein uL22, bacterial/organelle-type",4.912499904632568,2.85686993598938,2.0556299686431885,0.7820169925689697,0.00043274895870126784
2pkea,12,3557,0.9571061134338379,IPR023509,D-aminoacyl-tRNA deacylase-like superfamily,5.093316078186035,2.8569557666778564,2.2363603115081787,0.8341214656829834,0.0027855169028043747
2pkea,12,3557,0.9535781741142273,IPR036394,Ribosomal protein uL22 superfamily,4.965657711029053,2.8559179306030273,2.1097397804260254,0.7980252504348755,2.166251078961068e-06
2pkea,12,3557,0.9909998178482056,IPR036402,"Elongation factor Ts, dimerisation domain superfamily",6.1274309158325195,2.856074094772339,3.2713568210601807,1.1012438535690308,0.006711854599416256
2pkea,12,3604,0.9799498915672302,IPR011032,GroES-like superfamily,3.535839796066284,1.849507212638855,1.6863325834274292,0.9349042177200317,1.6016343579394743e-05
2pkea,12,3640,0.9539979100227356,IPR002300,"Aminoacyl-tRNA synthetase, class Ia",18.2784366607666,17.008302688598633,1.2701339721679688,0.10390262305736542,2.048423993983306e-06
2pkea,12,3640,0.9568687677383423,IPR004365,"OB-fold nucleic acid binding domain, AA-tRNA synthetase-type",18.34918212890625,17.00840187072754,1.340780258178711,0.10946738719940186,1.7643467799643986e-05
2pkea,12,3640,0.9558883309364319,IPR013155,"Methionyl/Valyl/Leucyl/Isoleucyl-tRNA synthetase, anticodon-binding",18.29609489440918,17.00787353515625,1.2882213592529297,0.10533212125301361,3.6419862681214e-08
2pkea,12,3640,0.9668270349502563,IPR015413,Methionyl/Leucyl tRNA synthetase,18.398466110229492,17.008291244506836,1.3901748657226562,0.11334650218486786,5.1454103413561825e-06
2pkea,12,3640,0.9723891615867615,IPR020058,"Glutamyl/glutaminyl-tRNA synthetase, class Ib, catalytic domain",18.519559860229492,17.008628845214844,1.5109310150146484,0.12278218567371368,0.0005835063057020307
2pkea,12,3640,0.9723891615867615,IPR000924,Glutamyl/glutaminyl-tRNA synthetase,18.519559860229492,17.008628845214844,1.5109310150146484,0.12278218567371368,0.0005835063057020307
2pkea,12,3640,0.9704857468605042,IPR002312,"Aspartyl/Asparaginyl-tRNA synthetase, class IIb",18.497760772705078,17.009117126464844,1.4886436462402344,0.12104161828756332,0.04113289713859558
2pkea,12,3640,0.955538272857666,IPR009008,"Valyl/Leucyl/Isoleucyl-tRNA synthetase, editing domain",18.29426383972168,17.008005142211914,1.2862586975097656,0.10517655313014984,1.3483766281296994e-07
2pkea,12,3659,0.9568186402320862,IPR018253,"DnaJ domain, conserved site",4.147119522094727,0.5182203650474548,3.628899097442627,3.000444173812866,1.1528494496815256e-06
2pkea,12,3659,0.9930791854858398,IPR001305,"Heat shock protein DnaJ, cysteine-rich domain",4.471158981323242,0.5190901756286621,3.95206880569458,3.1065638065338135,4.782838914252352e-06
2pkea,12,3659,0.9917237758636475,IPR002939,"Chaperone DnaJ, C-terminal",4.353741645812988,0.5189177989959717,3.8348238468170166,3.068650007247925,1.1194813396286918e-06
2pkea,12,3659,0.9782052040100098,IPR023584,Ribosome recycling factor domain,2.6847872734069824,0.5223114490509033,2.162475824356079,2.36179780960083,2.7230453270021826e-05
2pkea,12,3659,0.9782052040100098,IPR002661,Ribosome recycling factor,2.6847872734069824,0.5223114490509033,2.162475824356079,2.36179780960083,2.7230453270021826e-05
2pkea,12,3659,0.9635152816772461,IPR004368,Translation initiation factor IF-1,2.1756510734558105,0.5237260460853577,1.6519250869750977,2.054535388946533,0.010832112282514572
2pkea,12,3659,0.9930791854858398,IPR012724,Chaperone DnaJ,4.471158981323242,0.5190901756286621,3.95206880569458,3.1065638065338135,4.782838914252352e-06
2pkea,12,3659,0.9917237758636475,IPR008971,HSP40/DnaJ peptide-binding,4.353741645812988,0.5189177989959717,3.8348238468170166,3.068650007247925,1.1194813396286918e-06
2pkea,12,3659,0.9782052040100098,IPR036191,RRF superfamily,2.6847872734069824,0.5223114490509033,2.162475824356079,2.36179780960083,2.7230453270021826e-05
2pkea,12,3659,0.9930791854858398,IPR036410,"Heat shock protein DnaJ, cysteine-rich domain superfamily",4.471158981323242,0.5190901756286621,3.95206880569458,3.1065638065338135,4.782838914252352e-06
2pkea,12,3673,0.9572919607162476,IPR020003,"ATPase, alpha/beta subunit, nucleotide-binding domain, active site",10.26552677154541,6.9996538162231445,3.2658729553222656,0.5524501800537109,6.394434889697557e-16
2pkea,12,3673,0.9963555335998535,IPR017871,"ABC transporter-like, conserved site",11.862446784973145,6.981317043304443,4.881129741668701,0.7648283839225769,2.9205891830148997e-35
2pkea,12,3673,0.9572919607162476,IPR000194,"ATPase, F1/V1/A1 complex, alpha/beta subunit, nucleotide-binding domain",10.26552677154541,6.9996538162231445,3.2658729553222656,0.5524501800537109,6.394434889697557e-16
2pkea,12,3673,0.9867221117019653,IPR000432,"DNA mismatch repair protein MutS, C-terminal",12.000167846679688,7.002549171447754,4.997618675231934,0.7771003842353821,1.711109916868736e-06
2pkea,12,3673,0.9677141308784485,IPR001247,"Exoribonuclease, phosphorolytic domain 1",10.462218284606934,7.004053592681885,3.458164691925049,0.5789246559143066,2.286889433378292e-08
2pkea,12,3673,0.9958640933036804,IPR003439,"ABC transporter-like, ATP-binding domain",11.844690322875977,6.980453968048096,4.864236354827881,0.7628455758094788,2.028186932649236e-36
2pkea,12,3673,0.9565524458885193,IPR004100,"ATPase, F1/V1/A1 complex, alpha/beta subunit, N-terminal domain",10.25211238861084,7.000035285949707,3.252077102661133,0.5504850745201111,2.6443688869339085e-15
2pkea,12,3673,0.998554527759552,IPR007695,"DNA mismatch repair protein MutS-like, N-terminal",12.364909172058105,7.005003452301025,5.35990571975708,0.8197919130325317,0.0033785460982471704
2pkea,12,3673,0.9867221117019653,IPR007696,"DNA mismatch repair protein MutS, core",12.000167846679688,7.002549171447754,4.997618675231934,0.7771003842353821,1.711109916868736e-06
2pkea,12,3673,0.9955772757530212,IPR007860,"DNA mismatch repair protein MutS, connector domain",12.224968910217285,7.004692077636719,5.220276832580566,0.8034351468086243,0.0009893870446830988
2pkea,12,3673,0.9955772757530212,IPR007861,"DNA mismatch repair protein MutS, clamp",12.224968910217285,7.004692077636719,5.220276832580566,0.8034351468086243,0.0009893870446830988
2pkea,12,3673,0.9878406524658203,IPR015590,Aldehyde dehydrogenase domain,11.438867568969727,7.004173755645752,4.434693813323975,0.7076553702354431,6.3178508753480855e-06
2pkea,12,3673,0.9724845290184021,IPR015847,"Exoribonuclease, phosphorolytic domain 2",10.530247688293457,7.004936218261719,3.5253114700317383,0.5880935192108154,6.518357054119406e-07
2pkea,12,3673,0.975236177444458,IPR015848,"Polyribonucleotide nucleotidyltransferase, RNA-binding domain",10.609511375427246,7.007641315460205,3.601870059967041,0.598355233669281,0.02721281163394451
2pkea,12,3673,0.9829446077346802,IPR020588,"DNA recombination and repair protein RecA-like, ATP-binding domain",10.850096702575684,7.006894588470459,3.8432021141052246,0.6308587789535522,0.0033161460887640715
2pkea,12,3673,0.9668583869934082,IPR055190,"ATP synthase A/B type, C-terminal domain",10.446101188659668,7.007198333740234,3.4389028549194336,0.5760528445243835,0.003908807877451181
2pkea,12,3673,0.998554527759552,IPR005748,DNA mismatch repair protein MutS,12.364909172058105,7.005003452301025,5.35990571975708,0.8197919130325317,0.0033785460982471704
2pkea,12,3673,0.975236177444458,IPR012162,Polyribonucleotide nucleotidyltransferase,10.609511375427246,7.007641315460205,3.601870059967041,0.598355233669281,0.02721281163394451
2pkea,12,3673,0.9900684952735901,IPR017261,DNA mismatch repair protein MutS/MSH,12.18035888671875,7.004764080047607,5.175594806671143,0.7981462478637695,0.0016827676445245743
2pkea,12,3673,0.9867221117019653,IPR045076,DNA mismatch repair MutS,12.000167846679688,7.002549171447754,4.997618675231934,0.7771003842353821,1.711109916868736e-06
2pkea,12,3673,0.9942783713340759,IPR008995,"Molybdate/tungstate binding, C-terminal",11.831624984741211,7.005321979522705,4.826303005218506,0.756122887134552,0.0011219604639336467
2pkea,12,3673,0.998554527759552,IPR016151,"DNA mismatch repair protein MutS, N-terminal",12.364909172058105,7.005003452301025,5.35990571975708,0.8197919130325317,0.0033785460982471704
2pkea,12,3673,0.9869290590286255,IPR016161,Aldehyde/histidinol dehydrogenase,11.324951171875,7.0026702880859375,4.3222808837890625,0.6935256719589233,2.23383658237708e-08
2pkea,12,3673,0.9878406524658203,IPR016162,"Aldehyde dehydrogenase, N-terminal",11.438867568969727,7.004173755645752,4.434693813323975,0.7076553702354431,6.3178508753480855e-06
2pkea,12,3673,0.9878406524658203,IPR016163,"Aldehyde dehydrogenase, C-terminal",11.438867568969727,7.004173755645752,4.434693813323975,0.7076553702354431,6.3178508753480855e-06
2pkea,12,3673,0.9677141308784485,IPR027408,PNPase/RNase PH domain superfamily,10.462218284606934,7.004053592681885,3.458164691925049,0.5789246559143066,2.286889433378292e-08
2pkea,12,3673,0.9556076526641846,IPR036121,"ATPase, F1/V1/A1 complex, alpha/beta subunit, N-terminal domain superfamily",10.239888191223145,7.000735759735107,3.239152431488037,0.5486194491386414,3.951856948776998e-14
2pkea,12,3673,0.9867221117019653,IPR036187,"DNA mismatch repair protein MutS, core domain superfamily",12.000167846679688,7.002549171447754,4.997618675231934,0.7771003842353821,1.711109916868736e-06
2pkea,12,3673,0.9677141308784485,IPR036345,"Exoribonuclease, PH domain 2 superfamily",10.462218284606934,7.004053592681885,3.458164691925049,0.5789246559143066,2.286889433378292e-08
2pkea,12,3673,0.9917123913764954,IPR036678,"MutS, connector domain superfamily",12.088229179382324,7.004401206970215,5.083827972412109,0.7872672080993652,0.00032879490754567087
2pkea,12,3682,0.9672765135765076,IPR018181,"Heat shock protein 70, conserved site",0.7660760283470154,0.07634211331605911,0.6897339224815369,3.3267476558685303,6.358845670722457e-26
2pkea,12,3682,0.9919664859771729,IPR018234,"GTP cyclohydrolase I, conserved site",1.422776460647583,0.07603979855775833,1.3467366695404053,4.225620746612549,9.152267228047968e-16
2pkea,12,3682,0.9906505942344666,IPR019805,"Heat shock protein Hsp90, conserved site",1.207619309425354,0.07699911296367645,1.1306202411651611,3.9709928035736084,2.22296075662598e-05
2pkea,12,3682,0.9527364373207092,IPR020809,"Enolase, conserved site",0.6269705891609192,0.07663485407829285,0.5503357648849487,3.032136917114258,6.135936036790894e-24
2pkea,12,3682,0.9938129782676697,IPR000172,"Glucose-methanol-choline oxidoreductase, N-terminal",1.3500868082046509,0.07702672481536865,1.2730600833892822,4.131361961364746,0.0008622885798104107
2pkea,12,3682,0.9507607817649841,IPR000312,"Glycosyl transferase, family 3",0.6227246522903442,0.0772450715303421,0.5454795956611633,3.010892868041992,7.517225952824447e-08
2pkea,12,3682,0.9864905476570129,IPR000819,"Peptidase M17, leucyl aminopeptidase, C-terminal",1.0808837413787842,0.0770878940820694,1.003795862197876,3.8093760013580322,3.5516048228600994e-05
2pkea,12,3682,0.9973604083061218,IPR001126,UmuC domain,1.7320148944854736,0.07646611332893372,1.6555488109588623,4.501298427581787,1.7803000673666247e-07
2pkea,12,3682,0.9913948178291321,IPR001752,Kinesin motor domain,1.3722295761108398,0.07701342552900314,1.2952162027359009,4.155080795288086,0.0010917953914031386
2pkea,12,3682,0.9580914974212646,IPR001932,PPM-type phosphatase-like domain,0.6821220517158508,0.07742773741483688,0.6046943068504333,3.1389212608337402,0.025147344917058945
2pkea,12,3682,0.9674414992332458,IPR006083,Phosphoribulokinase/uridine kinase,0.8080124258995056,0.07727904617786407,0.7307333946228027,3.3860416412353516,0.00028897172887809575
2pkea,12,3682,0.9618882536888123,IPR006620,"Prolyl 4-hydroxylase, alpha subunit",0.7821289300918579,0.07722663134336472,0.7049022912979126,3.3400492668151855,1.5630854250048287e-05
2pkea,12,3682,0.9943960905075073,IPR007867,"Glucose-methanol-choline oxidoreductase, C-terminal",1.410286545753479,0.07685715705156326,1.3334293365478516,4.197477340698242,1.4530687622027472e-05
2pkea,12,3682,0.9863251447677612,IPR008283,"Peptidase M17, leucyl aminopeptidase, N-terminal",1.0784138441085815,0.07718981802463531,1.0012240409851074,3.8041696548461914,0.0017842024099081755
2pkea,12,3682,0.9527908563613892,IPR017459,"Glycosyl transferase family 3, N-terminal domain",0.641221821308136,0.07728301733732224,0.5639387965202332,3.0524134635925293,1.607858848728938e-06
2pkea,12,3682,0.9973604083061218,IPR017961,"DNA polymerase, Y-family, little finger domain",1.7320148944854736,0.07646611332893372,1.6555488109588623,4.501298427581787,1.7803000673666247e-07
2pkea,12,3682,0.9533302187919617,IPR020536,"Thil, AANH domain",0.637342631816864,0.0772865042090416,0.5600561499595642,3.0435941219329834,1.4957138319005026e-06
2pkea,12,3682,0.9907175898551941,IPR020575,"Heat shock protein Hsp90, N-terminal",1.2050228118896484,0.07688804715871811,1.1281347274780273,3.9699697494506836,4.217434366182715e-07
2pkea,12,3682,0.9919664859771729,IPR020602,GTP cyclohydrolase I domain,1.422776460647583,0.07603979855775833,1.3467366695404053,4.225620746612549,9.152267228047968e-16
2pkea,12,3682,0.9527364373207092,IPR020810,"Enolase, C-terminal TIM barrel domain",0.6269705891609192,0.07663485407829285,0.5503357648849487,3.032136917114258,6.135936036790894e-24
2pkea,12,3682,0.9527364373207092,IPR020811,"Enolase, N-terminal",0.6269705891609192,0.07663485407829285,0.5503357648849487,3.032136917114258,6.135936036790894e-24
2pkea,12,3682,0.9986993670463562,IPR029139,"NADPH-dependent 7-cyano-7-deazaguanine reductase, N-terminal",2.1048827171325684,0.07677649706602097,2.028106212615967,4.776743412017822,0.03248630091547966
2pkea,12,3682,0.9810160398483276,IPR030960,"3-dehydroquinate synthase, N-terminal domain",0.97869873046875,0.07706926017999649,0.9016294479370117,3.666450262069702,1.4564237744707498e-06
2pkea,12,3682,0.9781952500343323,IPR044862,"Prolyl 4-hydroxylase alpha subunit, Fe(2+) 2OG dioxygenase domain",0.9324544072151184,0.07727744430303574,0.8551769852638245,3.5927271842956543,0.0038820765912532806
2pkea,12,3682,0.9533302187919617,IPR049961,"ThiI, N-terminal",0.637342631816864,0.0772865042090416,0.5600561499595642,3.0435941219329834,1.4957138319005026e-06
2pkea,12,3682,0.9533302187919617,IPR049962,"ThiI, THUMP domain",0.637342631816864,0.0772865042090416,0.5600561499595642,3.0435941219329834,1.4957138319005026e-06
2pkea,12,3682,0.9533302187919617,IPR054173,"ThiI, ferredoxin-like domain",0.637342631816864,0.0772865042090416,0.5600561499595642,3.0435941219329834,1.4957138319005026e-06
2pkea,12,3682,0.9685914516448975,IPR054608,"Tyrosine--tRNA ligase SYY-like, C-terminal domain",0.8068034052848816,0.07691468298435211,0.7298887372016907,3.3906986713409424,3.879689538383024e-12
2pkea,12,3682,0.9810160398483276,IPR056179,"3-dehydroquinate synthase, C-terminal domain",0.97869873046875,0.07706926017999649,0.9016294479370117,3.666450262069702,1.4564237744707498e-06
2pkea,12,3682,0.9527364373207092,IPR000941,Enolase,0.6269705891609192,0.07663485407829285,0.5503357648849487,3.032136917114258,6.135936036790894e-24
2pkea,12,3682,0.9907175898551941,IPR001404,Heat shock protein Hsp90 family,1.2050228118896484,0.07688804715871811,1.1281347274780273,3.9699697494506836,4.217434366182715e-07
2pkea,12,3682,0.9919664859771729,IPR001474,GTP cyclohydrolase I,1.422776460647583,0.07603979855775833,1.3467366695404053,4.225620746612549,9.152267228047968e-16
2pkea,12,3682,0.9950243830680847,IPR001980,Phosphopantetheine adenylyltransferase,1.3932291269302368,0.07541849464178085,1.3178106546401978,4.207179069519043,1.0617651660147315e-24
2pkea,12,3682,0.9712037444114685,IPR002307,Tyrosine-tRNA ligase,0.8572794795036316,0.07638493925333023,0.7808945178985596,3.4882166385650635,9.010310189529814e-22
2pkea,12,3682,0.9533302187919617,IPR003720,tRNA sulfurtransferase ThiI,0.637342631816864,0.0772865042090416,0.5600561499595642,3.0435941219329834,1.4957138319005026e-06
2pkea,12,3682,0.9599576592445374,IPR005940,Anthranilate phosphoribosyl transferase,0.7024553418159485,0.07735297828912735,0.6251023411750793,3.1826913356781006,0.0006440877332352102
2pkea,12,3682,0.9864905476570129,IPR011356,"Peptidase M17, leucine aminopeptidase/peptidase B",1.0808837413787842,0.0770878940820694,1.003795862197876,3.8093760013580322,3.5516048228600994e-05
2pkea,12,3682,0.9947801828384399,IPR012132,Glucose-methanol-choline oxidoreductase,1.4401203393936157,0.07697266340255737,1.3631477355957031,4.2255120277404785,0.000784371339250356
2pkea,12,3682,0.9657670259475708,IPR012725,Chaperone DnaK,0.7540439963340759,0.07691027969121933,0.6771337389945984,3.293212890625,1.884943617207549e-13
2pkea,12,3682,0.9664785265922546,IPR013126,Heat shock protein 70 family,0.7581264972686768,0.07629051059484482,0.6818360090255737,3.312674045562744,2.4020236784996493e-27
2pkea,12,3682,0.9810160398483276,IPR016037,3-dehydroquinate synthase AroB,0.97869873046875,0.07706926017999649,0.9016294479370117,3.666450262069702,1.4564237744707498e-06
2pkea,12,3682,0.9986993670463562,IPR016428,"NADPH-dependent 7-cyano-7-deazaguanine reductase, QueF type 2",2.1048827171325684,0.07677649706602097,2.028106212615967,4.776743412017822,0.03248630091547966
2pkea,12,3682,0.9973604083061218,IPR022880,DNA polymerase IV,1.7320148944854736,0.07646611332893372,1.6555488109588623,4.501298427581787,1.7803000673666247e-07
2pkea,12,3682,0.9863251447677612,IPR023042,"Peptidase M17, leucine aminopeptidase",1.0784138441085815,0.07718981802463531,1.0012240409851074,3.8041696548461914,0.0017842024099081755
2pkea,12,3682,0.9685747027397156,IPR024088,"Tyrosine-tRNA ligase, bacterial-type",0.8104985952377319,0.07661634683609009,0.7338822484016418,3.402897357940674,2.3514556922162374e-18
2pkea,12,3682,0.9669146537780762,IPR024107,"Tyrosine-tRNA ligase, bacterial-type, type 1",0.7888371348381042,0.07686498761177063,0.7119721174240112,3.3591413497924805,1.501564036955269e-13
2pkea,12,3682,0.9913948178291321,IPR027640,Kinesin-like protein,1.3722295761108398,0.07701342552900314,1.2952162027359009,4.155080795288086,0.0010917953914031386
2pkea,12,3682,0.9988741278648376,IPR029500,NADPH-dependent 7-cyano-7-deazaguanine reductase QueF,2.114013671875,0.07616026699542999,2.037853479385376,4.794612884521484,1.4603556053316424e-07
2pkea,12,3682,0.9810160398483276,IPR030963,3-dehydroquinate synthase family,0.97869873046875,0.07706926017999649,0.9016294479370117,3.666450262069702,1.4564237744707498e-06
2pkea,12,3682,0.9810160398483276,IPR050071,Dehydroquinate Synthase,0.97869873046875,0.07706926017999649,0.9016294479370117,3.666450262069702,1.4564237744707498e-06
2pkea,12,3682,0.9988741278648376,IPR050084,NADPH-dependent 7-cyano-7-deazaguanine reductase,2.114013671875,0.07616026699542999,2.037853479385376,4.794612884521484,1.4603556053316424e-07
2pkea,12,3682,0.9533302187919617,IPR050102,"tRNA sulfurtransferase, ThiI",0.637342631816864,0.0772865042090416,0.5600561499595642,3.0435941219329834,1.4957138319005026e-06
2pkea,12,3682,0.9973604083061218,IPR050116,DNA polymerase type-Y,1.7320148944854736,0.07646611332893372,1.6555488109588623,4.501298427581787,1.7803000673666247e-07
2pkea,12,3682,0.9672765135765076,IPR029047,"Heat shock protein 70kD, peptide-binding domain superfamily",0.7660760283470154,0.07634211331605911,0.6897339224815369,3.3267476558685303,6.358845670722457e-26
2pkea,12,3682,0.9671468138694763,IPR029048,"Heat shock protein 70kD, C-terminal domain superfamily",0.7654882669448853,0.07641240209341049,0.6890758872032166,3.324312925338745,2.289987477209696e-24
2pkea,12,3682,0.9507607817649841,IPR035902,Nucleoside phosphorylase/phosphoribosyltransferase catalytic domain superfamily,0.6227246522903442,0.0772450715303421,0.5454795956611633,3.010892868041992,7.517225952824447e-08
2pkea,12,3682,0.9527908563613892,IPR036320,"Glycosyl transferase family 3, N-terminal domain superfamily",0.641221821308136,0.07728301733732224,0.5639387965202332,3.0524134635925293,1.607858848728938e-06
2pkea,12,3682,0.9580914974212646,IPR036457,PPM-type phosphatase-like domain superfamily,0.6821220517158508,0.07742773741483688,0.6046943068504333,3.1389212608337402,0.025147344917058945
2pkea,12,3682,0.9973604083061218,IPR036775,"DNA polymerase, Y-family, little finger domain superfamily",1.7320148944854736,0.07646611332893372,1.6555488109588623,4.501298427581787,1.7803000673666247e-07
2pkea,12,3682,0.9913948178291321,IPR036961,Kinesin motor domain superfamily,1.3722295761108398,0.07701342552900314,1.2952162027359009,4.155080795288086,0.0010917953914031386
2pkea,12,3682,0.990050196647644,IPR037196,"HSP90, C-terminal domain",1.1796244382858276,0.07701873034238815,1.1026057004928589,3.9367871284484863,2.3790591512806714e-05
2pkea,12,3682,0.9810609817504883,IPR043128,Reverse transcriptase/Diguanylate cyclase domain,1.3958510160446167,0.07633908838033676,1.319511890411377,4.192389965057373,1.6655564080703122e-11
2pkea,12,3682,0.9919664859771729,IPR043134,"GTP cyclohydrolase I, N-terminal domain",1.422776460647583,0.07603979855775833,1.3467366695404053,4.225620746612549,9.152267228047968e-16
2pkea,12,3751,0.9607214331626892,IPR020904,"Short-chain dehydrogenase/reductase, conserved site",17.36481285095215,11.522323608398438,5.842489242553711,0.5917339324951172,0.0070678358897566795
2pkea,12,3751,0.9534817934036255,IPR000073,Alpha/beta hydrolase fold-1,17.2623291015625,11.523073196411133,5.739255905151367,0.583100438117981,0.04956079646945
2pkea,12,3751,0.9756590127944946,IPR006151,Quinate/shikimate 5-dehydrogenase/glutamyl-tRNA reductase,17.73761558532715,11.5204439163208,6.217171669006348,0.6226145625114441,0.00010460194607730955
2pkea,12,3751,0.9626308083534241,IPR001806,Small GTPase,17.3759765625,11.5228910446167,5.853085517883301,0.5925900936126709,0.021777139976620674
2pkea,12,3751,0.9515432715415955,IPR002347,Short-chain dehydrogenase/reductase SDR,17.157604217529297,11.517592430114746,5.640011787414551,0.5750077366828918,2.3906784463179065e-07
2pkea,12,3751,0.9690629839897156,IPR008995,"Molybdate/tungstate binding, C-terminal",17.50801658630371,11.522680282592773,5.9853363037109375,0.6035381555557251,0.012101395055651665
2pkea,12,3751,0.9764847159385681,IPR029033,Histidine phosphatase superfamily,18.251562118530273,11.522161483764648,6.729400634765625,0.6636074185371399,0.024396874010562897
2pkea,16,46,0.9563368558883667,IPR018130,"Small ribosomal subunit protein uS2, conserved site",10.772507667541504,4.052513599395752,6.719994068145752,1.410461664199829,6.155408482300118e-05
2pkea,16,46,0.9841590523719788,IPR018171,"Peptidyl-tRNA hydrolase, conserved site",11.744140625,4.054322242736816,7.689818382263184,1.5344048738479614,0.002754240995272994
2pkea,16,46,0.9650577306747437,IPR001048,Aspartate/glutamate/uridylate kinase,11.041071891784668,4.0421295166015625,6.9989423751831055,1.449689269065857,2.31394737355492e-13
2pkea,16,46,0.9613509178161621,IPR001279,Metallo-beta-lactamase,10.929116249084473,4.043213844299316,6.885902404785156,1.434598684310913,1.7352087648692116e-12
2pkea,16,46,0.9580816626548767,IPR004843,"Calcineurin-like, phosphoesterase domain",11.092707633972168,4.054660797119141,7.038046836853027,1.4519548416137695,0.008505036123096943
2pkea,16,46,0.9878785014152527,IPR005475,"Transketolase-like, pyrimidine-binding domain",11.923379898071289,4.0548224449157715,7.868557453155518,1.5560790300369263,0.00830712541937828
2pkea,16,46,0.9984621405601501,IPR020587,"DNA recombination and repair protein RecA, monomer-monomer interface",12.717448234558105,4.054497241973877,8.66295051574707,1.6492106914520264,0.014578466303646564
2pkea,16,46,0.9971861243247986,IPR020588,"DNA recombination and repair protein RecA-like, ATP-binding domain",12.609578132629395,4.052934646606445,8.55664348602295,1.6374776363372803,0.0007855868898332119
2pkea,16,46,0.979661226272583,IPR001057,Glutamate/acetylglutamate kinase,11.468668937683105,4.0547637939453125,7.413905143737793,1.5000046491622925,0.004215791821479797
2pkea,16,46,0.9841590523719788,IPR001328,Peptidyl-tRNA hydrolase,11.744140625,4.054322242736816,7.689818382263184,1.5344048738479614,0.002754240995272994
2pkea,16,46,0.956331193447113,IPR001865,Small ribosomal subunit protein uS2,10.769886016845703,4.051846027374268,6.7180399894714355,1.4103481769561768,1.7294640201725997e-05
2pkea,16,46,0.9760366678237915,IPR001907,ATP-dependent Clp protease proteolytic subunit,11.246826171875,4.055119037628174,7.191707134246826,1.4716981649398804,0.005924573168158531
2pkea,16,46,0.9717141389846802,IPR005706,"Small ribosomal subunit protein uS2, bacteria/mitochondria/plastid",11.074951171875,4.055394649505615,7.019556522369385,1.4493825435638428,0.008861107751727104
2pkea,16,46,0.9760366678237915,IPR023562,Clp protease proteolytic subunit /Translocation-enhancing protein TepA,11.246826171875,4.055119037628174,7.191707134246826,1.4716981649398804,0.005924573168158531
2pkea,16,46,0.9553049206733704,IPR050054,Uracil phosphoribosyltransferase/Adenine phosphoribosyltransferase,10.729315757751465,4.049257755279541,6.680058002471924,1.405825138092041,1.2609450550371548e-07
2pkea,16,46,0.9758003950119019,IPR017850,"Alkaline-phosphatase-like, core domain superfamily",11.874605178833008,4.054895877838135,7.819709300994873,1.5501391887664795,0.024293186143040657
2pkea,16,46,0.956331193447113,IPR023591,"Small ribosomal subunit protein uS2, flavodoxin-like domain superfamily",10.769886016845703,4.051846027374268,6.7180399894714355,1.4103481769561768,1.7294640201725997e-05
2pkea,16,46,0.9747421145439148,IPR029033,Histidine phosphatase superfamily,11.663541793823242,4.05521297454834,7.608328819274902,1.5241527557373047,0.02665536105632782
2pkea,16,46,0.9566051959991455,IPR029052,Metallo-dependent phosphatase-like,11.04440689086914,4.054042816162109,6.990364074707031,1.4458791017532349,0.0027293169405311346
2pkea,16,46,0.9855062365531921,IPR029061,Thiamin diphosphate-binding fold,11.84838581085205,4.04399299621582,7.8043928146362305,1.5508345365524292,1.9352889082946412e-11
2pkea,16,46,0.9650577306747437,IPR036393,Acetylglutamate kinase-like superfamily,11.041071891784668,4.0421295166015625,6.9989423751831055,1.449689269065857,2.31394737355492e-13
2pkea,16,46,0.9841590523719788,IPR036416,Peptidyl-tRNA hydrolase superfamily,11.744140625,4.054322242736816,7.689818382263184,1.5344048738479614,0.002754240995272994
2pkea,16,46,0.9622177481651306,IPR036866,Ribonuclease Z/Hydroxyacylglutathione hydrolase-like,10.959266662597656,4.042417049407959,6.916849613189697,1.4388575553894043,4.04577684288282e-13
2pkea,16,166,0.9592719674110413,IPR000291,"D-alanine--D-alanine ligase/VANA/B/C, conserved site",1.040706992149353,0.11889109760522842,0.9218158721923828,3.129729986190796,3.4255249747872085e-09
2pkea,16,166,0.9833597540855408,IPR018078,"DNA-binding, RecF, conserved site",1.5065337419509888,0.11902602761983871,1.387507677078247,3.6617627143859863,0.0013795041013509035
2pkea,16,166,0.976130485534668,IPR018151,"Transcription elongation factor, GreA/GreB, conserved site",1.2798227071762085,0.11848752945661545,1.1613352298736572,3.4330151081085205,8.746533011749769e-12
2pkea,16,166,0.988254964351654,IPR020937,SecA conserved site,1.7690402269363403,0.11768539249897003,1.6513547897338867,3.909837245941162,3.2549910846096236e-14
2pkea,16,166,0.9874665141105652,IPR023632,"ATP synthase, F1 complex, gamma subunit conserved site",1.5702401399612427,0.11869089305400848,1.4515492916107178,3.7255825996398926,9.655236681282986e-07
2pkea,16,166,0.976130485534668,IPR001437,"Transcription elongation factor, GreA/GreB, C-terminal",1.2798227071762085,0.11848752945661545,1.1613352298736572,3.4330151081085205,8.746533011749769e-12
2pkea,16,166,0.9752110242843628,IPR003395,"RecF/RecN/SMC, N-terminal",1.3638852834701538,0.11887677758932114,1.2450084686279297,3.520062208175659,4.465176971280016e-06
2pkea,16,166,0.9650676846504211,IPR004160,"Translation elongation factor EFTu/EF1A, C-terminal",1.0926152467727661,0.11824341863393784,0.9743718504905701,3.207831621170044,1.1658089165878422e-17
2pkea,16,166,0.9739058017730713,IPR004839,"Aminotransferase, class I/classII, large domain",1.3098798990249634,0.1178516373038292,1.192028284072876,3.4742684364318848,1.3767528974859354e-18
2pkea,16,166,0.9592719674110413,IPR011095,"D-alanine--D-alanine ligase, C-terminal",1.040706992149353,0.11889109760522842,0.9218158721923828,3.129729986190796,3.4255249747872085e-09
2pkea,16,166,0.9889695048332214,IPR011115,"SecA DEAD-like, N-terminal",1.7681514024734497,0.1171906515955925,1.6509608030319214,3.915189266204834,9.995181097093163e-19
2pkea,16,166,0.9889695048332214,IPR011116,SecA Wing/Scaffold,1.7681514024734497,0.1171906515955925,1.6509608030319214,3.915189266204834,9.995181097093163e-19
2pkea,16,166,0.9585862755775452,IPR011127,"D-alanine--D-alanine ligase, N-terminal domain",1.0344644784927368,0.11899026483297348,0.9154742360115051,3.119847536087036,7.842466231977596e-08
2pkea,16,166,0.9889695048332214,IPR011130,"SecA, preprotein cross-linking domain",1.7681514024734497,0.1171906515955925,1.6509608030319214,3.915189266204834,9.995181097093163e-19
2pkea,16,166,0.9889695048332214,IPR014018,SecA motor DEAD,1.7681514024734497,0.1171906515955925,1.6509608030319214,3.915189266204834,9.995181097093163e-19
2pkea,16,166,0.976130485534668,IPR022691,"Transcription elongation factor, GreA/GreB, N-terminal",1.2798227071762085,0.11848752945661545,1.1613352298736572,3.4330151081085205,8.746533011749769e-12
2pkea,16,166,0.9515517950057983,IPR024759,"UvrB, YAD/RRR-motif-containing domain",0.9262927770614624,0.1194324642419815,0.8068603277206421,2.9551525115966797,0.028258027508854866
2pkea,16,166,0.9883902072906494,IPR028989,"Ribosome maturation factor RimP, N-terminal",1.6297200918197632,0.118183434009552,1.5115365982055664,3.785402297973633,2.9421028113763015e-11
2pkea,16,166,0.987662672996521,IPR028998,"Ribosome maturation factor RimP, C-terminal",1.609472632408142,0.11850631237030029,1.4909663200378418,3.763430595397949,3.0738195988533334e-08
2pkea,16,166,0.9621583819389343,IPR031166,EngA-type guanine nucleotide-binding (G) domain,1.0655517578125,0.11895603686571121,0.9465957283973694,3.1629788875579834,4.658697605464113e-08
2pkea,16,166,0.9621583819389343,IPR032859,"GTPase Der, C-terminal KH-domain-like",1.0655517578125,0.11895603686571121,0.9465957283973694,3.1629788875579834,4.658697605464113e-08
2pkea,16,166,0.9650676846504211,IPR033720,"Elongation factor Tu, domain 2",1.0926152467727661,0.11824341863393784,0.9743718504905701,3.207831621170044,1.1658089165878422e-17
2pkea,16,166,0.9515517950057983,IPR041471,"UvrB, interaction domain",0.9262927770614624,0.1194324642419815,0.8068603277206421,2.9551525115966797,0.028258027508854866
2pkea,16,166,0.9650676846504211,IPR041709,"Elongation factor Tu (EF-Tu), GTP-binding domain",1.0926152467727661,0.11824341863393784,0.9743718504905701,3.207831621170044,1.1658089165878422e-17
2pkea,16,166,0.9889695048332214,IPR044722,"SecA, C-terminal helicase domain",1.7681514024734497,0.1171906515955925,1.6509608030319214,3.915189266204834,9.995181097093163e-19
2pkea,16,166,0.985357403755188,IPR000131,"ATP synthase, F1 complex, gamma subunit",1.5080971717834473,0.11832955479621887,1.3897676467895508,3.671725273132324,4.893588312349095e-11
2pkea,16,166,0.9889695048332214,IPR000185,Protein translocase subunit SecA,1.7681514024734497,0.1171906515955925,1.6509608030319214,3.915189266204834,9.995181097093163e-19
2pkea,16,166,0.9802716970443726,IPR001238,"DNA-binding, RecF",1.4447834491729736,0.11893660575151443,1.325846791267395,3.6024672985076904,6.641352956648916e-05
2pkea,16,166,0.9858998656272888,IPR001991,Sodium:dicarboxylate symporter,1.5156656503677368,0.11915937066078186,1.3965063095092773,3.6688661575317383,0.032945144921541214
2pkea,16,166,0.9883902072906494,IPR003728,Ribosome maturation factor RimP,1.6297200918197632,0.118183434009552,1.5115365982055664,3.785402297973633,2.9421028113763015e-11
2pkea,16,166,0.964815616607666,IPR003758,Tetraacyldisaccharide 4'-kinase,1.1290080547332764,0.11918941885232925,1.00981867313385,3.2436065673828125,0.0003598979383241385
2pkea,16,166,0.9650676846504211,IPR004541,"Translation elongation factor EFTu/EF1A, bacterial/organelle",1.0926152467727661,0.11824341863393784,0.9743718504905701,3.207831621170044,1.1658089165878422e-17
2pkea,16,166,0.9515517950057983,IPR004807,"UvrABC system, subunit B",0.9262927770614624,0.1194324642419815,0.8068603277206421,2.9551525115966797,0.028258027508854866
2pkea,16,166,0.9592719674110413,IPR005905,D-alanine--D-alanine ligase,1.040706992149353,0.11889109760522842,0.9218158721923828,3.129729986190796,3.4255249747872085e-09
2pkea,16,166,0.976130485534668,IPR006359,Transcription elongation factor GreA,1.2798227071762085,0.11848752945661545,1.1613352298736572,3.4330151081085205,8.746533011749769e-12
2pkea,16,166,0.9621583819389343,IPR016484,GTPase Der,1.0655517578125,0.11895603686571121,0.9465957283973694,3.1629788875579834,4.658697605464113e-08
2pkea,16,166,0.976130485534668,IPR023459,Transcription elongation factor GreA/GreB family,1.2798227071762085,0.11848752945661545,1.1613352298736572,3.4330151081085205,8.746533011749769e-12
2pkea,16,166,0.976130485534668,IPR028624,Transcription elongation factor GreA/GreB,1.2798227071762085,0.11848752945661545,1.1613352298736572,3.4330151081085205,8.746533011749769e-12
2pkea,16,166,0.9650676846504211,IPR050055,Elongation factor Tu GTPase,1.0926152467727661,0.11824341863393784,0.9743718504905701,3.207831621170044,1.1658089165878422e-17
2pkea,16,166,0.9629561305046082,IPR009001,"Translation elongation factor EF1A/initiation factor IF2gamma, C-terminal",1.0623973608016968,0.11782477051019669,0.9445725679397583,3.1724863052368164,4.4710786229104206e-24
2pkea,16,166,0.9551923274993896,IPR016185,Pre-ATP-grasp domain superfamily,1.0343610048294067,0.11798124015331268,0.9163797497749329,3.131988048553467,8.87993937601839e-22
2pkea,16,166,0.9883902072906494,IPR035956,"RimP, N-terminal domain superfamily",1.6297200918197632,0.118183434009552,1.5115365982055664,3.785402297973633,2.9421028113763015e-11
2pkea,16,166,0.985357403755188,IPR035968,"ATP synthase, F1 complex, gamma subunit superfamily",1.5080971717834473,0.11832955479621887,1.3897676467895508,3.671725273132324,4.893588312349095e-11
2pkea,16,166,0.9889695048332214,IPR036266,"SecA, Wing/Scaffold superfamily",1.7681514024734497,0.1171906515955925,1.6509608030319214,3.915189266204834,9.995181097093163e-19
2pkea,16,166,0.9858998656272888,IPR036458,Sodium:dicarboxylate symporter superfamily,1.5156656503677368,0.11915937066078186,1.3965063095092773,3.6688661575317383,0.032945144921541214
2pkea,16,166,0.9889695048332214,IPR036670,"SecA, preprotein cross-linking domain superfamily",1.7681514024734497,0.1171906515955925,1.6509608030319214,3.915189266204834,9.995181097093163e-19
2pkea,16,166,0.976130485534668,IPR036805,"Transcription elongation factor, GreA/GreB, N-terminal domain superfamily",1.2798227071762085,0.11848752945661545,1.1613352298736572,3.4330151081085205,8.746533011749769e-12
2pkea,16,166,0.9879094362258911,IPR036847,"Ribosome maturation factor RimP, C-terminal domain superfamily",1.6134587526321411,0.11835267394781113,1.4951061010360718,3.7688705921173096,9.709596460183434e-10
2pkea,16,166,0.976130485534668,IPR036953,"Transcription elongation factor GreA/GreB, C-terminal domain superfamily",1.2798227071762085,0.11848752945661545,1.1613352298736572,3.4330151081085205,8.746533011749769e-12
2pkea,16,166,0.9985847473144531,IPR037196,"HSP90, C-terminal domain",2.903853178024292,0.11804722249507904,2.7858059406280518,4.620410442352295,0.00030319252982735634
2pkea,16,166,0.9802716970443726,IPR042174,"DNA-binding RecF, domain 2",1.4447834491729736,0.11893660575151443,1.325846791267395,3.6024672985076904,6.641352956648916e-05
2pkea,16,249,0.9915503263473511,IPR020904,"Short-chain dehydrogenase/reductase, conserved site",13.57536792755127,2.0705602169036865,11.504807472229004,2.7128913402557373,0.00017229930381290615
2pkea,16,249,0.9756520986557007,IPR000836,Phosphoribosyltransferase domain,11.722455024719238,2.038794994354248,9.683660507202148,2.5234789848327637,1.1962787200408173e-25
2pkea,16,249,0.9723307490348816,IPR001236,"Lactate/malate dehydrogenase, N-terminal",11.883535385131836,2.0724587440490723,9.811077117919922,2.5195417404174805,0.00030710623832419515
2pkea,16,249,0.9931000471115112,IPR006151,Quinate/shikimate 5-dehydrogenase/glutamyl-tRNA reductase,13.876946449279785,2.067680835723877,11.80926513671875,2.7465977668762207,7.023779289738741e-06
2pkea,16,249,0.9952173233032227,IPR020630,"Tetrahydrofolate dehydrogenase/cyclohydrolase, catalytic domain",14.214925765991211,2.070687770843506,12.144237518310547,2.7792177200317383,0.0005436265491880476
2pkea,16,249,0.9952173233032227,IPR020631,"Tetrahydrofolate dehydrogenase/cyclohydrolase, NAD(P)-binding domain",14.214925765991211,2.070687770843506,12.144237518310547,2.7792177200317383,0.0005436265491880476
2pkea,16,249,0.9723307490348816,IPR022383,"Lactate/malate dehydrogenase, C-terminal",11.883535385131836,2.0724587440490723,9.811077117919922,2.5195417404174805,0.00030710623832419515
2pkea,16,249,0.9981371760368347,IPR023753,FAD/NAD(P)-binding domain,15.069939613342285,2.070619583129883,12.999320030212402,2.863532304763794,0.0019228747114539146
2pkea,16,249,0.9638609290122986,IPR040131,"MnmG, N-terminal domain",10.9580078125,2.0759072303771973,8.882101058959961,2.4001646041870117,0.011151622980833054
2pkea,16,249,0.9952173233032227,IPR000672,Tetrahydrofolate dehydrogenase/cyclohydrolase,14.214925765991211,2.070687770843506,12.144237518310547,2.7792177200317383,0.0005436265491880476
2pkea,16,249,0.981112003326416,IPR001557,L-lactate/malate dehydrogenase,12.375822067260742,2.0726029872894287,10.303218841552734,2.5780017375946045,0.0005082441493868828
2pkea,16,249,0.9638609290122986,IPR002218,tRNA uridine 5-carboxymethylaminomethyl modification enzyme MnmG-related,10.9580078125,2.0759072303771973,8.882101058959961,2.4001646041870117,0.011151622980833054
2pkea,16,249,0.9876371026039124,IPR002347,Short-chain dehydrogenase/reductase SDR,13.095377922058105,2.0614304542541504,11.033946990966797,2.6673331260681152,4.2211328876717857e-10
2pkea,16,249,0.9626539945602417,IPR002903,Ribosomal RNA small subunit methyltransferase H,10.62196159362793,2.077301263809204,8.544660568237305,2.3542609214782715,0.047889940440654755
2pkea,16,249,0.9727579951286316,IPR050054,Uracil phosphoribosyltransferase/Adenine phosphoribosyltransferase,11.574920654296875,2.0653936862945557,9.509527206420898,2.486506462097168,4.2616559170483015e-09
2pkea,16,249,0.9769673347473145,IPR008927,"6-phosphogluconate dehydrogenase-like, C-terminal domain superfamily",11.987417221069336,2.0593416690826416,9.928075790405273,2.5412588119506836,1.934947427978395e-12
2pkea,16,249,0.9740210175514221,IPR013328,"6-phosphogluconate dehydrogenase, domain 2",11.784852027893066,2.075554609298706,9.709297180175781,2.5053577423095703,0.017526406794786453
2pkea,16,249,0.9725030064582825,IPR015955,"Lactate dehydrogenase/glycoside hydrolase, family 4, C-terminal",11.883807182312012,2.0714752674102783,9.812332153320312,2.5202596187591553,7.467047544196248e-05
2pkea,16,249,0.9626539945602417,IPR023397,"S-adenosyl-L-methionine-dependent methyltransferase, MraW, recognition domain superfamily",10.62196159362793,2.077301263809204,8.544660568237305,2.3542609214782715,0.047889940440654755
2pkea,16,249,0.9756520986557007,IPR029057,Phosphoribosyltransferase-like,11.722455024719238,2.038794994354248,9.683660507202148,2.5234789848327637,1.1962787200408173e-25
2pkea,16,249,0.959030032157898,IPR029063,S-adenosyl-L-methionine-dependent methyltransferase superfamily,9.996338844299316,1.946017861366272,8.050320625305176,2.360867500305176,0.0
2pkea,16,249,0.9643841981887817,IPR036188,FAD/NAD(P)-binding domain superfamily,11.747983932495117,2.017137050628662,9.730846405029297,2.542025089263916,8.112747730596944e-37
2pkea,16,249,0.9882975220680237,IPR036291,NAD(P)-binding domain superfamily,12.37092399597168,1.873879313468933,10.497044563293457,2.7228455543518066,0.0
2pkea,16,249,0.9932664632797241,IPR046346,"Aminoacid dehydrogenase-like, N-terminal domain superfamily",14.076412200927734,2.054051637649536,12.022360801696777,2.776728391647339,4.1598107879299573e-13
2pkea,16,387,0.9625726938247681,IPR000629,"ATP-dependent RNA helicase DEAD-box, conserved site",7.935698986053467,3.3773040771484375,4.558394908905029,1.2324810028076172,2.6481575265968615e-10
2pkea,16,387,0.9811457395553589,IPR003599,Immunoglobulin domain subtype,9.106954574584961,3.3778021335601807,5.729152679443359,1.4308795928955078,1.9906538284431008e-07
2pkea,16,387,0.9792101979255676,IPR007110,Immunoglobulin-like domain,8.942628860473633,3.3725979328155518,5.57003116607666,1.4068344831466675,2.3992548399409674e-13
2pkea,16,387,0.9619654417037964,IPR011545,DEAD/DEAH-box helicase domain,7.9099626541137695,3.3751070499420166,4.534855842590332,1.2287333011627197,4.675645721291533e-13
2pkea,16,387,0.9800690412521362,IPR013106,Immunoglobulin V-set domain,8.929835319519043,3.381546974182129,5.548288345336914,1.4009459018707275,0.0010402792831882834
2pkea,16,387,0.9638599157333374,IPR014014,"RNA helicase, DEAD-box type, Q motif",7.968648433685303,3.377204656600952,4.59144401550293,1.2385010719299316,2.1317875242843343e-10
2pkea,16,387,0.9633945822715759,IPR001806,Small GTPase,8.054931640625,3.38350510597229,4.671426773071289,1.2513494491577148,0.019905440509319305
2pkea,16,387,0.9661186337471008,IPR011989,Armadillo-like helical,9.982136726379395,3.3764469623565674,6.605690002441406,1.5638384819030762,5.466118182084756e-06
2pkea,16,387,0.968505322933197,IPR036179,Immunoglobulin-like domain superfamily,8.704154014587402,3.3707118034362793,5.333442211151123,1.368646502494812,2.443822189968428e-15
2pkea,16,387,0.9572851061820984,IPR036236,Zinc finger C2H2 superfamily,8.028255462646484,3.3788909912109375,4.649364471435547,1.2485324144363403,1.0153978990956603e-07
2pkea,16,387,0.9662575721740723,IPR036770,Ankyrin repeat-containing domain superfamily,8.968140602111816,3.3786823749542236,5.589458465576172,1.4083439111709595,5.372014584281715e-06
2pkea,16,387,0.9695742130279541,IPR002110,Ankyrin repeat,9.086787223815918,3.378992795944214,5.707794189453125,1.4271727800369263,1.3546191439672839e-05
2pkea,16,461,0.9924106001853943,IPR033128,"Adenylosuccinate synthase, active site",3.710908889770508,1.5096392631530762,2.2012696266174316,1.297559142112732,0.00030159184825606644
2pkea,16,461,0.9924106001853943,IPR018220,"Adenylosuccinate synthase, GTP-binding site",3.710908889770508,1.5096392631530762,2.2012696266174316,1.297559142112732,0.00030159184825606644
2pkea,16,461,0.979616105556488,IPR019926,"Large ribosomal subunit protein uL3, conserved site",3.350694179534912,1.510621190071106,1.8400729894638062,1.149308443069458,0.01829259656369686
2pkea,16,461,0.9674078226089478,IPR020606,"Small ribosomal subunit protein uS7, conserved site",3.0802557468414307,1.5099265575408936,1.570329189300537,1.0285621881484985,4.7030307541717775e-06
2pkea,16,461,0.9870941638946533,IPR022631,"S-adenosylmethionine synthetase, conserved site",3.519580125808716,1.509360909461975,2.010219097137451,1.2214559316635132,6.785288405808387e-06
2pkea,16,461,0.9848129153251648,IPR004364,"Aminoacyl-tRNA synthetase, class II (D/K/N)",3.6074516773223877,1.5085539817810059,2.098897695541382,1.2578041553497314,1.2278444216917705e-07
2pkea,16,461,0.9911259412765503,IPR004365,"OB-fold nucleic acid binding domain, AA-tRNA synthetase-type",3.669612169265747,1.5086272954940796,2.160984992980957,1.2823816537857056,2.2410951316942374e-07
2pkea,16,461,0.9870941638946533,IPR022628,"S-adenosylmethionine synthetase, N-terminal",3.519580125808716,1.509360909461975,2.010219097137451,1.2214559316635132,6.785288405808387e-06
2pkea,16,461,0.9870941638946533,IPR022629,"S-adenosylmethionine synthetase, central domain",3.519580125808716,1.509360909461975,2.010219097137451,1.2214559316635132,6.785288405808387e-06
2pkea,16,461,0.9870941638946533,IPR022630,"S-adenosylmethionine synthetase, C-terminal",3.519580125808716,1.509360909461975,2.010219097137451,1.2214559316635132,6.785288405808387e-06
2pkea,16,461,0.9676744937896729,IPR023798,Small ribosomal subunit protein uS7 domain,3.0869953632354736,1.5095956325531006,1.577399730682373,1.0320316553115845,3.1945526757226617e-07
2pkea,16,461,0.9676744937896729,IPR000235,Small ribosomal subunit protein uS7,3.0869953632354736,1.5095956325531006,1.577399730682373,1.0320316553115845,3.1945526757226617e-07
2pkea,16,461,0.9795767068862915,IPR000597,Large ribosomal subunit protein uL3,3.3451335430145264,1.5104458332061768,1.8346877098083496,1.1470797061920166,0.0044939774088561535
2pkea,16,461,0.9898149967193604,IPR001114,Adenylosuccinate synthetase,3.6612141132354736,1.5095083713531494,2.151705741882324,1.2782337665557861,9.103224874706939e-05
2pkea,16,461,0.9870941638946533,IPR002133,S-adenosylmethionine synthetase,3.519580125808716,1.509360909461975,2.010219097137451,1.2214559316635132,6.785288405808387e-06
2pkea,16,461,0.9923752546310425,IPR002312,"Aspartyl/Asparaginyl-tRNA synthetase, class IIb",3.7194159030914307,1.5100672245025635,2.209348678588867,1.3004536628723145,0.005849281791597605
2pkea,16,461,0.9669500589370728,IPR005717,"Small ribosomal subunit protein uS7, bacterial/organellar-type",3.0735394954681396,1.5097846984863281,1.5637547969818115,1.0255486965179443,1.3244836054582265e-06
2pkea,16,461,0.9782640337944031,IPR019927,"Large ribosomal subunit protein uL3, bacterial/organelle-type",3.292187452316284,1.5107090473175049,1.7814784049987793,1.1238110065460205,0.02060711570084095
2pkea,16,461,0.9870941638946533,IPR022636,S-adenosylmethionine synthetase superfamily,3.519580125808716,1.509360909461975,2.010219097137451,1.2214559316635132,6.785288405808387e-06
2pkea,16,461,0.9676744937896729,IPR036823,Small ribosomal subunit protein uS7 domain superfamily,3.0869953632354736,1.5095956325531006,1.577399730682373,1.0320316553115845,3.1945526757226617e-07
2pkea,16,461,0.9898149967193604,IPR042109,"Adenylosuccinate synthetase, domain 1",3.6612141132354736,1.5095083713531494,2.151705741882324,1.2782337665557861,9.103224874706939e-05
2pkea,16,461,0.9924106001853943,IPR042110,"Adenylosuccinate synthetase, domain 2",3.710908889770508,1.5096392631530762,2.2012696266174316,1.297559142112732,0.00030159184825606644
2pkea,16,461,0.9898149967193604,IPR042111,"Adenylosuccinate synthetase, domain 3",3.6612141132354736,1.5095083713531494,2.151705741882324,1.2782337665557861,9.103224874706939e-05
2pkea,16,547,0.9571501612663269,IPR018171,"Peptidyl-tRNA hydrolase, conserved site",5.69390869140625,2.4878921508789062,3.2060165405273438,1.194489598274231,0.03559992462396622
2pkea,16,547,0.9936996698379517,IPR000504,RNA recognition motif domain,7.335231781005859,2.479912281036377,4.855319499969482,1.5645476579666138,1.0143285517072442e-10
2pkea,16,547,0.9510012865066528,IPR000795,Translational (tr)-type GTP-binding domain,5.47216272354126,2.4720208644866943,3.0001418590545654,1.1464143991470337,1.2646605814282055e-30
2pkea,16,547,0.9772841334342957,IPR004160,"Translation elongation factor EFTu/EF1A, C-terminal",5.88563346862793,2.486903667449951,3.3987298011779785,1.2428412437438965,0.0003488398215267807
2pkea,16,547,0.9582522511482239,IPR027486,Small ribosomal subunit protein uS10 domain,5.5587992668151855,2.487185478210449,3.0716137886047363,1.1602534055709839,0.0006867670454084873
2pkea,16,547,0.9772841334342957,IPR033720,"Elongation factor Tu, domain 2",5.88563346862793,2.486903667449951,3.3987298011779785,1.2428412437438965,0.0003488398215267807
2pkea,16,547,0.9772841334342957,IPR041709,"Elongation factor Tu (EF-Tu), GTP-binding domain",5.88563346862793,2.486903667449951,3.3987298011779785,1.2428412437438965,0.0003488398215267807
2pkea,16,547,0.9669084548950195,IPR053905,"Elongation factor G-like, domain II",5.744434356689453,2.487484931945801,3.2569494247436523,1.207471251487732,0.0038770788814872503
2pkea,16,547,0.9571501612663269,IPR001328,Peptidyl-tRNA hydrolase,5.69390869140625,2.4878921508789062,3.2060165405273438,1.194489598274231,0.03559992462396622
2pkea,16,547,0.9902249574661255,IPR001806,Small GTPase,6.5513916015625,2.486517906188965,4.064873695373535,1.397668719291687,0.0016520606586709619
2pkea,16,547,0.9582522511482239,IPR001848,Small ribosomal subunit protein uS10,5.5587992668151855,2.487185478210449,3.0716137886047363,1.1602534055709839,0.0006867670454084873
2pkea,16,547,0.9772841334342957,IPR004541,"Translation elongation factor EFTu/EF1A, bacterial/organelle",5.88563346862793,2.486903667449951,3.3987298011779785,1.2428412437438965,0.0003488398215267807
2pkea,16,547,0.9772841334342957,IPR050055,Elongation factor Tu GTPase,5.88563346862793,2.486903667449951,3.3987298011779785,1.2428412437438965,0.0003488398215267807
2pkea,16,547,0.9757834076881409,IPR009001,"Translation elongation factor EF1A/initiation factor IF2gamma, C-terminal",5.848165988922119,2.4852869510650635,3.3628790378570557,1.23456609249115,4.1896944935615466e-07
2pkea,16,547,0.9935055375099182,IPR035979,RNA-binding domain superfamily,7.2863874435424805,2.4785985946655273,4.807788848876953,1.5556732416152954,1.2716774248217044e-12
2pkea,16,547,0.9571501612663269,IPR036416,Peptidyl-tRNA hydrolase superfamily,5.69390869140625,2.4878921508789062,3.2060165405273438,1.194489598274231,0.03559992462396622
2pkea,16,547,0.9582522511482239,IPR036838,Small ribosomal subunit protein uS10 domain superfamily,5.5587992668151855,2.487185478210449,3.0716137886047363,1.1602534055709839,0.0006867670454084873
2pkea,16,557,0.9546464681625366,IPR017972,"Cytochrome P450, conserved site",2.394829273223877,0.5558770895004272,1.8389521837234497,2.1070590019226074,4.451282214913231e-17
2pkea,16,557,0.9859577417373657,IPR018102,"Small ribosomal subunit protein uS11, conserved site",3.575106620788574,0.5558549761772156,3.019251585006714,2.6851799488067627,5.785295575932992e-10
2pkea,16,557,0.9757993221282959,IPR018151,"Transcription elongation factor, GreA/GreB, conserved site",2.898287296295166,0.5594567656517029,2.3388304710388184,2.3730762004852295,0.009208803996443748
2pkea,16,557,0.964697539806366,IPR018260,"Large ribosomal subunit protein uL22, conserved site",2.515516519546509,0.5589755177497864,1.9565410614013672,2.1699717044830322,8.664062988827936e-06
2pkea,16,557,0.9658632874488831,IPR020785,"Large ribosomal subunit protein uL11, conserved site",2.565504789352417,0.5598899722099304,2.005614757537842,2.1960017681121826,0.022711385041475296
2pkea,16,557,0.9790164828300476,IPR000182,GNAT domain,4.171384811401367,0.5581613779067993,3.6132235527038574,2.9017462730407715,0.03752675652503967
2pkea,16,557,0.9757993221282959,IPR001437,"Transcription elongation factor, GreA/GreB, C-terminal",2.898287296295166,0.5594567656517029,2.3388304710388184,2.3730762004852295,0.009208803996443748
2pkea,16,557,0.9736314415931702,IPR002048,EF-hand domain,3.0075459480285645,0.5561236143112183,2.4514222145080566,2.4350833892822266,5.489757520099614e-12
2pkea,16,557,0.9662115573883057,IPR020783,"Large ribosomal subunit protein uL11, C-terminal",2.5687255859375,0.5592821836471558,2.0094432830810547,2.199378728866577,0.0001770186936482787
2pkea,16,557,0.9662115573883057,IPR020784,"Large ribosomal subunit protein uL11, N-terminal",2.5687255859375,0.5592821836471558,2.0094432830810547,2.199378728866577,0.0001770186936482787
2pkea,16,557,0.9757993221282959,IPR022691,"Transcription elongation factor, GreA/GreB, N-terminal",2.898287296295166,0.5594567656517029,2.3388304710388184,2.3730762004852295,0.009208803996443748
2pkea,16,557,0.9543615579605103,IPR000577,"Carbohydrate kinase, FGGY",2.2841992378234863,0.5599108338356018,1.7242884635925293,2.0283937454223633,0.002960730576887727
2pkea,16,557,0.9662115573883057,IPR000911,Ribosomal protein uL11,2.5687255859375,0.5592821836471558,2.0094432830810547,2.199378728866577,0.0001770186936482787
2pkea,16,557,0.9652916789054871,IPR001063,Large ribosomal subunit protein uL22,2.523193359375,0.5577802658081055,1.9654130935668945,2.1774561405181885,5.808069025725615e-10
2pkea,16,557,0.9864278435707092,IPR001971,Small ribosomal subunit protein uS11,3.6033527851104736,0.5551816821098328,3.048171043395996,2.69828200340271,1.6812211345307304e-11
2pkea,16,557,0.9643662571907043,IPR005727,"Large ribosomal subunit protein uL22, bacterial/chloroplast-type",2.50341796875,0.5586076378822327,1.944810390472412,2.163966178894043,3.7825640220034984e-07
2pkea,16,557,0.9757993221282959,IPR006359,Transcription elongation factor GreA,2.898287296295166,0.5594567656517029,2.3388304710388184,2.3730762004852295,0.009208803996443748
2pkea,16,557,0.9677015542984009,IPR006519,"Large ribosomal subunit protein uL11, bacterial-type",2.6002604961395264,0.559436023235321,2.0408244132995605,2.216585397720337,0.0007551938178949058
2pkea,16,557,0.988639771938324,IPR019981,"Small ribosomal subunit protein uS11, bacterial-type",3.750195264816284,0.5561091303825378,3.1940860748291016,2.753499746322632,1.2573453389563838e-08
2pkea,16,557,0.9757993221282959,IPR023459,Transcription elongation factor GreA/GreB family,2.898287296295166,0.5594567656517029,2.3388304710388184,2.3730762004852295,0.009208803996443748
2pkea,16,557,0.9757993221282959,IPR028624,Transcription elongation factor GreA/GreB,2.898287296295166,0.5594567656517029,2.3388304710388184,2.3730762004852295,0.009208803996443748
2pkea,16,557,0.9643662571907043,IPR047867,"Large ribosomal subunit protein uL22, bacterial/organelle-type",2.50341796875,0.5586076378822327,1.944810390472412,2.163966178894043,3.7825640220034984e-07
2pkea,16,557,0.9744319915771484,IPR011992,EF-hand domain pair,3.0306999683380127,0.5555669069290161,2.475132942199707,2.4475924968719482,1.771495412384097e-13
2pkea,16,557,0.9633604288101196,IPR016181,Acyl-CoA N-acyltransferase,3.2482354640960693,0.5557661056518555,2.692469358444214,2.5470805168151855,1.6540548097854213e-10
2pkea,16,557,0.9652916789054871,IPR036394,Ribosomal protein uL22 superfamily,2.523193359375,0.5577802658081055,1.9654130935668945,2.1774561405181885,5.808069025725615e-10
2pkea,16,557,0.9662115573883057,IPR036769,"Large ribosomal subunit protein uL11, C-terminal domain superfamily",2.5687255859375,0.5592821836471558,2.0094432830810547,2.199378728866577,0.0001770186936482787
2pkea,16,557,0.9662115573883057,IPR036796,"Large ribosomal subunit protein uL11, N-terminal domain superfamily",2.5687255859375,0.5592821836471558,2.0094432830810547,2.199378728866577,0.0001770186936482787
2pkea,16,557,0.9757993221282959,IPR036805,"Transcription elongation factor, GreA/GreB, N-terminal domain superfamily",2.898287296295166,0.5594567656517029,2.3388304710388184,2.3730762004852295,0.009208803996443748
2pkea,16,557,0.9757993221282959,IPR036953,"Transcription elongation factor GreA/GreB, C-terminal domain superfamily",2.898287296295166,0.5594567656517029,2.3388304710388184,2.3730762004852295,0.009208803996443748
2pkea,16,557,0.9864278435707092,IPR036967,Small ribosomal subunit protein uS11 superfamily,3.6033527851104736,0.5551816821098328,3.048171043395996,2.69828200340271,1.6812211345307304e-11
2pkea,16,680,0.9663757681846619,IPR000629,"ATP-dependent RNA helicase DEAD-box, conserved site",6.923293113708496,1.8287580013275146,5.094534873962402,1.920586347579956,1.0252146354083891e-10
2pkea,16,680,0.9648873805999756,IPR016066,"Alpha-D-phosphohexomutase, conserved site",7.4574103355407715,1.8344826698303223,5.622927665710449,2.0232937335968018,0.003888765349984169
2pkea,16,680,0.961146354675293,IPR018102,"Small ribosomal subunit protein uS11, conserved site",6.609907627105713,1.833533525466919,4.776373863220215,1.849995493888855,8.132270522764884e-06
2pkea,16,680,0.9994631409645081,IPR018130,"Small ribosomal subunit protein uS2, conserved site",12.119420051574707,1.8224180936813354,10.297001838684082,2.733386754989624,2.604051019261533e-07
2pkea,16,680,0.9837706685066223,IPR018181,"Heat shock protein 70, conserved site",8.223424911499023,1.8306165933609009,6.392808437347412,2.1674017906188965,1.9006338334293105e-06
2pkea,16,680,0.969582200050354,IPR000836,Phosphoribosyltransferase domain,8.184582710266113,1.8102576732635498,6.374324798583984,2.176705837249756,2.705138742002416e-24
2pkea,16,680,0.9939308166503906,IPR001347,SIS domain,10.946335792541504,1.8312805891036987,9.115055084228516,2.5795154571533203,0.019075749441981316
2pkea,16,680,0.9591104984283447,IPR001650,"Helicase, C-terminal domain-like",6.615630626678467,1.8152393102645874,4.80039119720459,1.865710973739624,8.48795382867156e-27
2pkea,16,680,0.9648964405059814,IPR001763,Rhodanese-like domain,7.028132438659668,1.8341732025146484,5.1939592361450195,1.9380035400390625,0.00027180660981684923
2pkea,16,680,0.9822466969490051,IPR001926,"Tryptophan synthase beta chain-like, PALP domain",8.109015464782715,1.834630012512207,6.274385452270508,2.1440298557281494,0.012182768434286118
2pkea,16,680,0.9652704000473022,IPR005843,"Alpha-D-phosphohexomutase, C-terminal",7.486408233642578,1.8344334363937378,5.651974678039551,2.028931140899658,0.00374609068967402
2pkea,16,680,0.9657105207443237,IPR005844,"Alpha-D-phosphohexomutase, alpha/beta/alpha domain I",7.475618362426758,1.8338865041732788,5.6417317390441895,2.027280807495117,0.0009439982241019607
2pkea,16,680,0.9804875254631042,IPR005845,"Alpha-D-phosphohexomutase, alpha/beta/alpha domain II",7.965490818023682,1.8342316150665283,6.131258964538574,2.118579626083374,0.003432618686929345
2pkea,16,680,0.9804875254631042,IPR005846,"Alpha-D-phosphohexomutase, alpha/beta/alpha domain III",7.965490818023682,1.8342316150665283,6.131258964538574,2.118579626083374,0.003432618686929345
2pkea,16,680,0.962224006652832,IPR006131,"Aspartate/ornithine carbamoyltransferase, Asp/Orn-binding domain",6.688266277313232,1.8357923030853271,4.852474212646484,1.8652215003967285,0.005038974341005087
2pkea,16,680,0.962224006652832,IPR006132,"Aspartate/ornithine carbamoyltransferase, carbamoyl-P binding",6.688266277313232,1.8357923030853271,4.852474212646484,1.8652215003967285,0.005038974341005087
2pkea,16,680,0.9536447525024414,IPR011115,"SecA DEAD-like, N-terminal",6.272096633911133,1.836501121520996,4.435595512390137,1.7719801664352417,0.011497797444462776
2pkea,16,680,0.9536447525024414,IPR011116,SecA Wing/Scaffold,6.272096633911133,1.836501121520996,4.435595512390137,1.7719801664352417,0.011497797444462776
2pkea,16,680,0.9536447525024414,IPR011130,"SecA, preprotein cross-linking domain",6.272096633911133,1.836501121520996,4.435595512390137,1.7719801664352417,0.011497797444462776
2pkea,16,680,0.966821014881134,IPR011545,DEAD/DEAH-box helicase domain,6.935945987701416,1.826157569885254,5.109788417816162,1.9252735376358032,1.2588565715017375e-13
2pkea,16,680,0.9617963433265686,IPR014001,"Helicase superfamily 1/2, ATP-binding domain",6.6762800216674805,1.811936855316162,4.864343166351318,1.8815038204193115,1.5765827093963028e-30
2pkea,16,680,0.9659377932548523,IPR014014,"RNA helicase, DEAD-box type, Q motif",6.898293495178223,1.8288332223892212,5.069460391998291,1.9153081178665161,1.1048734149810002e-10
2pkea,16,680,0.9536447525024414,IPR014018,SecA motor DEAD,6.272096633911133,1.836501121520996,4.435595512390137,1.7719801664352417,0.011497797444462776
2pkea,16,680,0.9586807489395142,IPR020630,"Tetrahydrofolate dehydrogenase/cyclohydrolase, catalytic domain",6.4938154220581055,1.836590051651001,4.657225608825684,1.8220288753509521,0.025989366695284843
2pkea,16,680,0.9586807489395142,IPR020631,"Tetrahydrofolate dehydrogenase/cyclohydrolase, NAD(P)-binding domain",6.4938154220581055,1.836590051651001,4.657225608825684,1.8220288753509521,0.025989366695284843
2pkea,16,680,0.9536447525024414,IPR044722,"SecA, C-terminal helicase domain",6.272096633911133,1.836501121520996,4.435595512390137,1.7719801664352417,0.011497797444462776
2pkea,16,680,0.9536447525024414,IPR000185,Protein translocase subunit SecA,6.272096633911133,1.836501121520996,4.435595512390137,1.7719801664352417,0.011497797444462776
2pkea,16,680,0.9586807489395142,IPR000672,Tetrahydrofolate dehydrogenase/cyclohydrolase,6.4938154220581055,1.836590051651001,4.657225608825684,1.8220288753509521,0.025989366695284843
2pkea,16,680,0.9994601607322693,IPR001865,Small ribosomal subunit protein uS2,12.098366737365723,1.8214325904846191,10.276933670043945,2.731658935546875,5.6650126367685516e-08
2pkea,16,680,0.9615974426269531,IPR001971,Small ribosomal subunit protein uS11,6.624186038970947,1.832541823387146,4.791644096374512,1.8538892269134521,5.658023951582436e-07
2pkea,16,680,0.9906759858131409,IPR002903,Ribosomal RNA small subunit methyltransferase H,9.11328125,1.8331215381622314,7.280159950256348,2.3136603832244873,0.005697793327271938
2pkea,16,680,0.9993959069252014,IPR005706,"Small ribosomal subunit protein uS2, bacteria/mitochondria/plastid",12.167236328125,1.8274980783462524,10.339737892150879,2.7350518703460693,0.0005516074015758932
2pkea,16,680,0.9804875254631042,IPR005841,Alpha-D-phosphohexomutase superfamily,7.965490818023682,1.8342316150665283,6.131258964538574,2.118579626083374,0.003432618686929345
2pkea,16,680,0.962224006652832,IPR006130,Aspartate/ornithine carbamoyltransferase,6.688266277313232,1.8357923030853271,4.852474212646484,1.8652215003967285,0.005038974341005087
2pkea,16,680,0.9823976159095764,IPR013126,Heat shock protein 70 family,8.131415367126465,1.8301787376403809,6.301236629486084,2.1515140533447266,5.425062568065186e-07
2pkea,16,680,0.9641132354736328,IPR019981,"Small ribosomal subunit protein uS11, bacterial-type",6.738671779632568,1.8342326879501343,4.9044389724731445,1.8772797584533691,7.881264173192903e-05
2pkea,16,680,0.9881653785705566,IPR050054,Uracil phosphoribosyltransferase/Adenine phosphoribosyltransferase,9.043970108032227,1.825273036956787,7.2186970710754395,2.308835983276367,7.549948444207644e-10
2pkea,16,680,0.9657105207443237,IPR016055,"Alpha-D-phosphohexomutase, alpha/beta/alpha I/II/III",7.475618362426758,1.8338865041732788,5.6417317390441895,2.027280807495117,0.0009439982241019607
2pkea,16,680,0.9906759858131409,IPR023397,"S-adenosyl-L-methionine-dependent methyltransferase, MraW, recognition domain superfamily",9.11328125,1.8331215381622314,7.280159950256348,2.3136603832244873,0.005697793327271938
2pkea,16,680,0.9994601607322693,IPR023591,"Small ribosomal subunit protein uS2, flavodoxin-like domain superfamily",12.098366737365723,1.8214325904846191,10.276933670043945,2.731658935546875,5.6650126367685516e-08
2pkea,16,680,0.9738307595252991,IPR029033,Histidine phosphatase superfamily,7.4151692390441895,1.8356724977493286,5.57949686050415,2.014163017272949,0.02569202519953251
2pkea,16,680,0.9837706685066223,IPR029047,"Heat shock protein 70kD, peptide-binding domain superfamily",8.223424911499023,1.8306165933609009,6.392808437347412,2.1674017906188965,1.9006338334293105e-06
2pkea,16,680,0.9837725162506104,IPR029048,"Heat shock protein 70kD, C-terminal domain superfamily",8.225768089294434,1.8312525749206543,6.394515514373779,2.167311668395996,7.972894309205003e-06
2pkea,16,680,0.969582200050354,IPR029057,Phosphoribosyltransferase-like,8.184582710266113,1.8102576732635498,6.374324798583984,2.176705837249756,2.705138742002416e-24
2pkea,16,680,0.9822466969490051,IPR036052,"Tryptophan synthase beta chain-like, PALP domain superfamily",8.109015464782715,1.834630012512207,6.274385452270508,2.1440298557281494,0.012182768434286118
2pkea,16,680,0.9536447525024414,IPR036266,"SecA, Wing/Scaffold superfamily",6.272096633911133,1.836501121520996,4.435595512390137,1.7719801664352417,0.011497797444462776
2pkea,16,680,0.9641849994659424,IPR036412,HAD-like superfamily,7.479010105133057,1.831051230430603,5.647958755493164,2.0301673412323,1.4864411923554144e-06
2pkea,16,680,0.9536447525024414,IPR036670,"SecA, preprotein cross-linking domain superfamily",6.272096633911133,1.836501121520996,4.435595512390137,1.7719801664352417,0.011497797444462776
2pkea,16,680,0.9648964405059814,IPR036873,Rhodanese-like domain superfamily,7.028132438659668,1.8341732025146484,5.1939592361450195,1.9380035400390625,0.00027180660981684923
2pkea,16,680,0.9657105207443237,IPR036900,"Alpha-D-phosphohexomutase, C-terminal domain superfamily",7.475618362426758,1.8338865041732788,5.6417317390441895,2.027280807495117,0.0009439982241019607
2pkea,16,680,0.962224006652832,IPR036901,Aspartate/ornithine carbamoyltransferase superfamily,6.688266277313232,1.8357923030853271,4.852474212646484,1.8652215003967285,0.005038974341005087
2pkea,16,680,0.9615974426269531,IPR036967,Small ribosomal subunit protein uS11 superfamily,6.624186038970947,1.832541823387146,4.791644096374512,1.8538892269134521,5.658023951582436e-07
2pkea,16,680,0.9863085150718689,IPR037171,NagB/RpiA transferase-like,8.921295166015625,1.8284374475479126,7.092857837677002,2.2866339683532715,3.2540881989007175e-07
2pkea,16,680,0.9954323768615723,IPR046348,SIS domain superfamily,10.79734992980957,1.8207024335861206,8.97664737701416,2.5681021213531494,2.42391773319639e-10
2pkea,16,800,0.977270245552063,IPR008271,"Serine/threonine-protein kinase, active site",6.404072284698486,2.5727274417877197,3.8313448429107666,1.3156853914260864,1.8786089396961956e-24
2pkea,16,800,0.9773871302604675,IPR017441,"Protein kinase, ATP binding site",6.360410690307617,2.5740973949432373,3.78631329536438,1.305047631263733,1.0845315260786198e-22
2pkea,16,800,0.9812856912612915,IPR000073,Alpha/beta hydrolase fold-1,7.175968170166016,2.5853054523468018,4.590662956237793,1.4728331565856934,0.0038528484292328358
2pkea,16,800,0.9784722924232483,IPR000719,Protein kinase domain,6.40655517578125,2.5684704780578613,3.8380846977233887,1.3186336755752563,3.882253940907073e-31
2pkea,16,800,0.985493004322052,IPR000589,Small ribosomal subunit protein uS15,6.650505542755127,2.585740327835083,4.064764976501465,1.362881064414978,0.000613619398791343
2pkea,16,800,0.9529457688331604,IPR011009,Protein kinase-like domain superfamily,6.01189661026001,2.5657706260681152,3.4461259841918945,1.2284224033355713,3.447917785503701e-35
2pkea,16,800,0.9671146869659424,IPR012338,Beta-lactamase/transpeptidase-like,6.043220520019531,2.5867743492126465,3.4564461708068848,1.224157691001892,0.0037876213900744915
2pkea,16,800,0.9631567597389221,IPR029044,Nucleotide-diphospho-sugar transferases,6.39798641204834,2.573528289794922,3.824458122253418,1.3138645887374878,1.5532256724727683e-21
2pkea,16,889,0.9844247698783875,IPR008271,"Serine/threonine-protein kinase, active site",6.489496231079102,1.9705586433410645,4.518937587738037,1.7194945812225342,1.9343796307582844e-25
2pkea,16,889,0.9846246838569641,IPR017441,"Protein kinase, ATP binding site",6.505603313446045,1.9718416929244995,4.533761501312256,1.7221318483352661,1.2407890626303616e-23
2pkea,16,889,0.9996768832206726,IPR019775,"WD40 repeat, conserved site",12.365252494812012,1.9659792184829712,10.399272918701172,2.6529643535614014,3.566040518432345e-11
2pkea,16,889,0.9858313798904419,IPR000719,Protein kinase domain,6.541670322418213,1.9652256965637207,4.576444625854492,1.7349567413330078,2.2903098301919224e-32
2pkea,16,889,0.9542843103408813,IPR006073,GTP binding domain,5.07742166519165,1.9748210906982422,3.102600574493408,1.3623669147491455,5.9052459509513104e-27
2pkea,16,889,0.9806042313575745,IPR023753,FAD/NAD(P)-binding domain,6.140901565551758,1.9878276586532593,4.153073787689209,1.6272505521774292,0.016284195706248283
2pkea,16,889,0.9910387992858887,IPR001806,Small GTPase,7.1630859375,1.9857735633850098,5.17731237411499,1.8508728742599487,0.0014637167332693934
2pkea,16,889,0.9545267224311829,IPR011009,Protein kinase-like domain superfamily,5.990679740905762,1.9626384973526,4.028041362762451,1.6099178791046143,1.5008583301604346e-35
2pkea,16,889,0.9939250349998474,IPR015943,WD40/YVTN repeat-like-containing domain superfamily,10.467100143432617,1.9454841613769531,8.521615982055664,2.4276533126831055,7.13958630881531e-30
2pkea,16,889,0.998091995716095,IPR036322,WD40-repeat-containing domain superfamily,11.32135009765625,1.9547172784805298,9.366632461547852,2.5340068340301514,8.368835865411167e-21
2pkea,16,889,0.9989863634109497,IPR001680,WD40 repeat,11.596863746643066,1.9525867700576782,9.64427661895752,2.5702686309814453,1.4963512498305832e-21
2pkea,16,889,0.9994989037513733,IPR020472,"PAC1/LIS1-like, WD-40 repeat",12.435357093811035,1.9710357189178467,10.46432113647461,2.657414674758911,7.060762641231122e-08
2pkea,16,931,0.9550206065177917,IPR016066,"Alpha-D-phosphohexomutase, conserved site",10.941337585449219,2.733231544494629,8.20810604095459,2.0011041164398193,0.00962886679917574
2pkea,16,931,0.9798552393913269,IPR020556,"Amidase, conserved site",13.399731636047363,2.730113983154297,10.669617652893066,2.295165777206421,0.003473228309303522
2pkea,16,931,0.9561195373535156,IPR005843,"Alpha-D-phosphohexomutase, C-terminal",11.012200355529785,2.7331106662750244,8.27908992767334,2.010481595993042,0.008665948174893856
2pkea,16,931,0.955497682094574,IPR005844,"Alpha-D-phosphohexomutase, alpha/beta/alpha domain I",10.968685150146484,2.7323601245880127,8.23632526397705,2.0051658153533936,0.002554428530856967
2pkea,16,931,0.9594601392745972,IPR005845,"Alpha-D-phosphohexomutase, alpha/beta/alpha domain II",11.232007026672363,2.7335877418518066,8.498418807983398,2.038742780685425,0.02316439524292946
2pkea,16,931,0.9594601392745972,IPR005846,"Alpha-D-phosphohexomutase, alpha/beta/alpha domain III",11.232007026672363,2.7335877418518066,8.498418807983398,2.038742780685425,0.02316439524292946
2pkea,16,931,0.990799069404602,IPR006131,"Aspartate/ornithine carbamoyltransferase, Asp/Orn-binding domain",14.838849067687988,2.7265946865081787,12.11225414276123,2.444201707839966,0.00027504321769811213
2pkea,16,931,0.990799069404602,IPR006132,"Aspartate/ornithine carbamoyltransferase, carbamoyl-P binding",14.838849067687988,2.7265946865081787,12.11225414276123,2.444201707839966,0.00027504321769811213
2pkea,16,931,0.9612119793891907,IPR011761,ATP-grasp fold,12.047662734985352,2.7191998958587646,9.328462600708008,2.147493839263916,2.270785920410745e-10
2pkea,16,931,0.9743399620056152,IPR017926,Glutamine amidotransferase,12.723311424255371,2.720176935195923,10.003134727478027,2.225696563720703,1.4678462889605726e-09
2pkea,16,931,0.9964975118637085,IPR020630,"Tetrahydrofolate dehydrogenase/cyclohydrolase, catalytic domain",15.579915046691895,2.7266199588775635,12.85329532623291,2.5144965648651123,0.0006964164203964174
2pkea,16,931,0.9964975118637085,IPR020631,"Tetrahydrofolate dehydrogenase/cyclohydrolase, NAD(P)-binding domain",15.579915046691895,2.7266199588775635,12.85329532623291,2.5144965648651123,0.0006964164203964174
2pkea,16,931,0.9790880084037781,IPR023631,Amidase signature domain,13.300345420837402,2.7292141914367676,10.571130752563477,2.2849009037017822,0.0009061505552381277
2pkea,16,931,0.9790880084037781,IPR000120,Amidase,13.300345420837402,2.7292141914367676,10.571130752563477,2.2849009037017822,0.0009061505552381277
2pkea,16,931,0.9964975118637085,IPR000672,Tetrahydrofolate dehydrogenase/cyclohydrolase,15.579915046691895,2.7266199588775635,12.85329532623291,2.5144965648651123,0.0006964164203964174
2pkea,16,931,0.9903722405433655,IPR002082,Aspartate carbamoyltransferase,14.818451881408691,2.730262041091919,12.088190078735352,2.4402780532836914,0.024718260392546654
2pkea,16,931,0.9785218834877014,IPR004412,Glutamyl-tRNA(Gln) amidotransferase A subunit,13.227563858032227,2.7303898334503174,10.497174263000488,2.2763631343841553,0.0039414651691913605
2pkea,16,931,0.9594601392745972,IPR005841,Alpha-D-phosphohexomutase superfamily,11.232007026672363,2.7335877418518066,8.498418807983398,2.038742780685425,0.02316439524292946
2pkea,16,931,0.990799069404602,IPR006130,Aspartate/ornithine carbamoyltransferase,14.838849067687988,2.7265946865081787,12.11225414276123,2.444201707839966,0.00027504321769811213
2pkea,16,931,0.955497682094574,IPR016055,"Alpha-D-phosphohexomutase, alpha/beta/alpha I/II/III",10.968685150146484,2.7323601245880127,8.23632526397705,2.0051658153533936,0.002554428530856967
2pkea,16,931,0.9804437160491943,IPR016064,NAD kinase/diacylglycerol kinase-like domain superfamily,13.55838394165039,2.7298598289489746,10.828523635864258,2.3122811317443848,0.0032843374647200108
2pkea,16,931,0.96363365650177,IPR016185,Pre-ATP-grasp domain superfamily,12.4357328414917,2.725823402404785,9.709909439086914,2.1897222995758057,5.604164471151307e-06
2pkea,16,931,0.9804437160491943,IPR017438,"Inorganic polyphosphate/ATP-NAD kinase, N-terminal",13.55838394165039,2.7298598289489746,10.828523635864258,2.3122811317443848,0.0032843374647200108
2pkea,16,931,0.9505246877670288,IPR023404,"Radical SAM, alpha/beta horseshoe",10.735733032226562,2.7303740978240967,8.005358695983887,1.9752448797225952,9.895319817587733e-05
2pkea,16,931,0.9725955724716187,IPR029062,Class I glutamine amidotransferase-like,13.045930862426758,2.7006313800811768,10.34529972076416,2.272225856781006,4.6213181724879705e-20
2pkea,16,931,0.955497682094574,IPR036900,"Alpha-D-phosphohexomutase, C-terminal domain superfamily",10.968685150146484,2.7323601245880127,8.23632526397705,2.0051658153533936,0.002554428530856967
2pkea,16,931,0.990799069404602,IPR036901,Aspartate/ornithine carbamoyltransferase superfamily,14.838849067687988,2.7265946865081787,12.11225414276123,2.444201707839966,0.00027504321769811213
2pkea,16,931,0.9790880084037781,IPR036928,Amidase signature (AS) superfamily,13.300345420837402,2.7292141914367676,10.571130752563477,2.2849009037017822,0.0009061505552381277
2pkea,16,931,0.9667803645133972,IPR046346,"Aminoacid dehydrogenase-like, N-terminal domain superfamily",13.55107307434082,2.7146761417388916,10.836397171020508,2.319549798965454,8.790542599390605e-11
2pkea,16,945,0.977837860584259,IPR001305,"Heat shock protein DnaJ, cysteine-rich domain",3.517643451690674,1.1452713012695312,2.3723721504211426,1.6189072132110596,0.0003006689657922834
2pkea,16,945,0.9700272679328918,IPR002939,"Chaperone DnaJ, C-terminal",3.4244039058685303,1.145211100578308,2.2791929244995117,1.5802266597747803,0.00017617159755900502
2pkea,16,945,0.977837860584259,IPR012724,Chaperone DnaJ,3.517643451690674,1.1452713012695312,2.3723721504211426,1.6189072132110596,0.0003006689657922834
2pkea,16,945,0.9700272679328918,IPR008971,HSP40/DnaJ peptide-binding,3.4244039058685303,1.145211100578308,2.2791929244995117,1.5802266597747803,0.00017617159755900502
2pkea,16,945,0.977837860584259,IPR036410,"Heat shock protein DnaJ, cysteine-rich domain superfamily",3.517643451690674,1.1452713012695312,2.3723721504211426,1.6189072132110596,0.0003006689657922834
2pkea,16,1016,0.954002857208252,IPR020003,"ATPase, alpha/beta subunit, nucleotide-binding domain, active site",6.617166042327881,2.550837993621826,4.066328048706055,1.3752365112304688,1.2372952250096019e-15
2pkea,16,1016,0.9747759699821472,IPR000629,"ATP-dependent RNA helicase DEAD-box, conserved site",7.356748104095459,2.5530989170074463,4.803648948669434,1.5268131494522095,3.225211070434497e-11
2pkea,16,1016,0.9928399920463562,IPR003960,"ATPase, AAA-type, conserved site",9.138880729675293,2.5582971572875977,6.580583572387695,1.8368279933929443,0.024295656010508537
2pkea,16,1016,0.9908087253570557,IPR017871,"ABC transporter-like, conserved site",8.574271202087402,2.528210401535034,6.046060562133789,1.7618918418884277,2.1255399054163992e-34
2pkea,16,1016,0.9838961362838745,IPR018171,"Peptidyl-tRNA hydrolase, conserved site",8.010498046875,2.5587871074676514,5.4517107009887695,1.6464262008666992,0.0029218648560345173
2pkea,16,1016,0.9546906352043152,IPR020904,"Short-chain dehydrogenase/reductase, conserved site",6.724264621734619,2.5604312419891357,4.1638336181640625,1.39298415184021,0.012132815085351467
2pkea,16,1016,0.954002857208252,IPR000194,"ATPase, F1/V1/A1 complex, alpha/beta subunit, nucleotide-binding domain",6.617166042327881,2.550837993621826,4.066328048706055,1.3752365112304688,1.2372952250096019e-15
2pkea,16,1016,0.9518589973449707,IPR000836,Phosphoribosyltransferase domain,6.756949424743652,2.5451877117156982,4.211761474609375,1.4085943698883057,8.184596227171773e-22
2pkea,16,1016,0.9909716248512268,IPR003439,"ABC transporter-like, ATP-binding domain",8.58887004852295,2.5268945693969727,6.061975479125977,1.7650971412658691,1.1357846822835721e-35
2pkea,16,1016,0.9820242524147034,IPR003593,AAA+ ATPase domain,7.80316686630249,2.4742541313171387,5.328912734985352,1.6570602655410767,0.0
2pkea,16,1016,0.9767876267433167,IPR003959,"ATPase, AAA-type, core",7.896710395812988,2.5439579486846924,5.352752685546875,1.6341712474822998,1.076749339789887e-19
2pkea,16,1016,0.9529681205749512,IPR004100,"ATPase, F1/V1/A1 complex, alpha/beta subunit, N-terminal domain",6.572275638580322,2.551426649093628,4.020849227905273,1.3650832176208496,5.3678519216907895e-15
2pkea,16,1016,0.9747358560562134,IPR011545,DEAD/DEAH-box helicase domain,7.349083423614502,2.550715684890747,4.798367500305176,1.5266566276550293,3.608171636362671e-14
2pkea,16,1016,0.9760247468948364,IPR014014,"RNA helicase, DEAD-box type, Q motif",7.421420574188232,2.5529043674468994,4.868515968322754,1.5395503044128418,2.598775361573047e-11
2pkea,16,1016,0.9654474854469299,IPR019489,"Clp ATPase, C-terminal",7.0060906410217285,2.559060573577881,4.447030067443848,1.4529896974563599,0.00030622840858995914
2pkea,16,1016,0.957275390625,IPR020588,"DNA recombination and repair protein RecA-like, ATP-binding domain",6.694010257720947,2.5608971118927,4.133112907409668,1.3862159252166748,0.03417128697037697
2pkea,16,1016,0.9660923480987549,IPR055190,"ATP synthase A/B type, C-terminal domain",7.077853202819824,2.5598292350769043,4.51802396774292,1.4672586917877197,0.004061522893607616
2pkea,16,1016,0.9838961362838745,IPR001328,Peptidyl-tRNA hydrolase,8.010498046875,2.5587871074676514,5.4517107009887695,1.6464262008666992,0.0029218648560345173
2pkea,16,1016,0.9738237261772156,IPR001806,Small GTPase,7.3223876953125,2.559890031814575,4.762497901916504,1.5162266492843628,0.007525930181145668
2pkea,16,1016,0.9531647562980652,IPR002347,Short-chain dehydrogenase/reductase SDR,6.701021671295166,2.556734561920166,4.144287109375,1.3900730609893799,1.8005673041443515e-07
2pkea,16,1016,0.9591051936149597,IPR050054,Uracil phosphoribosyltransferase/Adenine phosphoribosyltransferase,6.885342121124268,2.5562543869018555,4.329087734222412,1.4294912815093994,7.641303767513818e-08
2pkea,16,1016,0.9839712381362915,IPR008995,"Molybdate/tungstate binding, C-terminal",7.887776851654053,2.55898380279541,5.328793048858643,1.62404203414917,0.002901111962273717
2pkea,16,1016,0.953741729259491,IPR029044,Nucleotide-diphospho-sugar transferases,6.947641372680664,2.545499086380005,4.402142524719238,1.4485690593719482,1.9243707485018364e-20
2pkea,16,1016,0.9518589973449707,IPR029057,Phosphoribosyltransferase-like,6.756949424743652,2.5451877117156982,4.211761474609375,1.4085943698883057,8.184596227171773e-22
2pkea,16,1016,0.9519212245941162,IPR036121,"ATPase, F1/V1/A1 complex, alpha/beta subunit, N-terminal domain superfamily",6.543570041656494,2.5523431301116943,3.9912269115448,1.3582500219345093,7.903020008163605e-14
2pkea,16,1016,0.9838961362838745,IPR036416,Peptidyl-tRNA hydrolase superfamily,8.010498046875,2.5587871074676514,5.4517107009887695,1.6464262008666992,0.0029218648560345173
2pkea,16,1024,0.9670347571372986,IPR018192,"Small ribosomal subunit protein uS5, N-terminal, conserved site",3.3831787109375,1.456563949584961,1.926614761352539,1.2158005237579346,0.014082749374210835
2pkea,16,1024,0.9750058650970459,IPR019926,"Large ribosomal subunit protein uL3, conserved site",3.571115732192993,1.4564745426177979,2.1146411895751953,1.2938843965530396,0.026853779330849648
2pkea,16,1024,0.9678571224212646,IPR005324,"Small ribosomal subunit protein uS5, C-terminal",3.400045871734619,1.456342339515686,1.943703532218933,1.2231948375701904,0.0034194360487163067
2pkea,16,1024,0.9604085087776184,IPR006137,"NADH:ubiquinone oxidoreductase-like, 20kDa subunit",3.2445068359375,1.4567862749099731,1.7877205610275269,1.1552001237869263,0.025752337649464607
2pkea,16,1024,0.9678571224212646,IPR013810,"Small ribosomal subunit protein uS5, N-terminal",3.400045871734619,1.456342339515686,1.943703532218933,1.2231948375701904,0.0034194360487163067
2pkea,16,1024,0.9509018063545227,IPR023631,Amidase signature domain,3.115492820739746,1.4568268060684204,1.6586660146713257,1.096621036529541,0.017347879707813263
2pkea,16,1024,0.9807437062263489,IPR033704,"dUTPase, trimeric",3.7473959922790527,1.4557507038116455,2.2916452884674072,1.3641151189804077,0.0009576702723279595
2pkea,16,1024,0.9509018063545227,IPR000120,Amidase,3.115492820739746,1.4568268060684204,1.6586660146713257,1.096621036529541,0.017347879707813263
2pkea,16,1024,0.9758332371711731,IPR000597,Large ribosomal subunit protein uL3,3.5927937030792236,1.4562278985977173,2.136565685272217,1.3028600215911865,0.006238601636141539
2pkea,16,1024,0.9678571224212646,IPR000851,Small ribosomal subunit protein uS5,3.400045871734619,1.456342339515686,1.943703532218933,1.2231948375701904,0.0034194360487163067
2pkea,16,1024,0.9745718836784363,IPR019927,"Large ribosomal subunit protein uL3, bacterial/organelle-type",3.5426433086395264,1.4565173387527466,2.0861258506774902,1.2822933197021484,0.02789282612502575
2pkea,16,1024,0.9807437062263489,IPR036157,dUTPase-like superfamily,3.7473959922790527,1.4557507038116455,2.2916452884674072,1.3641151189804077,0.0009576702723279595
2pkea,16,1024,0.9509018063545227,IPR036928,Amidase signature (AS) superfamily,3.115492820739746,1.4568268060684204,1.6586660146713257,1.096621036529541,0.017347879707813263
2pkea,16,1075,0.9513735771179199,IPR018357,"Hexapeptide transferase, conserved site",19.582176208496094,17.93813133239746,1.6440448760986328,0.12651070952415466,0.0049418797716498375
2pkea,16,1075,0.9771254658699036,IPR001305,"Heat shock protein DnaJ, cysteine-rich domain",20.08240509033203,17.93722915649414,2.1451759338378906,0.1629742532968521,0.00035593126085586846
2pkea,16,1075,0.967743992805481,IPR002939,"Chaperone DnaJ, C-terminal",20.003780364990234,17.937164306640625,2.0666160583496094,0.15732011198997498,0.00024855753872543573
2pkea,16,1075,0.9771254658699036,IPR012724,Chaperone DnaJ,20.08240509033203,17.93722915649414,2.1451759338378906,0.1629742532968521,0.00035593126085586846
2pkea,16,1075,0.967743992805481,IPR008971,HSP40/DnaJ peptide-binding,20.003780364990234,17.937164306640625,2.0666160583496094,0.15732011198997498,0.00024855753872543573
2pkea,16,1075,0.9623491168022156,IPR008995,"Molybdate/tungstate binding, C-terminal",19.65682029724121,17.93834114074707,1.7184791564941406,0.131982684135437,0.022337092086672783
2pkea,16,1075,0.9771254658699036,IPR036410,"Heat shock protein DnaJ, cysteine-rich domain superfamily",20.08240509033203,17.93722915649414,2.1451759338378906,0.1629742532968521,0.00035593126085586846
2pkea,16,1201,0.9807730913162231,IPR018215,"ClpP, Ser active site",4.12548828125,0.6610262393951416,3.4644620418548584,2.641763687133789,0.002617014804854989
2pkea,16,1201,0.9807122945785522,IPR033135,"ClpP, histidine active site",4.1173272132873535,0.6610376238822937,3.456289529800415,2.6388819217681885,0.0026323245838284492
2pkea,16,1201,0.9859761595726013,IPR020904,"Short-chain dehydrogenase/reductase, conserved site",4.920668601989746,0.6586309671401978,4.262037754058838,2.90129017829895,1.0361645763623528e-05
2pkea,16,1201,0.992649495601654,IPR035595,"UDP-glycosyltransferase family, conserved site",6.186067581176758,0.6592442989349365,5.526823043823242,3.2301156520843506,0.02621881105005741
2pkea,16,1201,0.9946320652961731,IPR000073,Alpha/beta hydrolase fold-1,8.201211929321289,0.6538005471229553,7.5474114418029785,3.648892402648926,2.1069281501695514e-05
2pkea,16,1201,0.9884152412414551,IPR001296,"Glycosyl transferase, family 1",5.532688140869141,0.6600292325019836,4.872658729553223,3.067356824874878,0.03743831440806389
2pkea,16,1201,0.9684236645698547,IPR005122,Uracil-DNA glycosylase-like,3.2859702110290527,0.6622031331062317,2.623767137527466,2.3109517097473145,0.008434382267296314
2pkea,16,1201,0.9741817712783813,IPR013766,Thioredoxin domain,4.031407356262207,0.6577797532081604,3.3736276626586914,2.6155850887298584,6.009530650885608e-10
2pkea,16,1201,0.9808694124221802,IPR001907,ATP-dependent Clp protease proteolytic subunit,4.124267578125,0.6603341698646545,3.4639334678649902,2.642847776412964,9.692345338407904e-05
2pkea,16,1201,0.9927541613578796,IPR002213,UDP-glucuronosyl/UDP-glucosyltransferase,6.185225963592529,0.6581385135650635,5.527087211608887,3.2323410511016846,0.0008176981937140226
2pkea,16,1201,0.9843265414237976,IPR002347,Short-chain dehydrogenase/reductase SDR,4.755158424377441,0.655216634273529,4.099941730499268,2.8594274520874023,4.260352053780947e-12
2pkea,16,1201,0.9700841903686523,IPR013078,"Histidine phosphatase superfamily, clade-1",3.338416576385498,0.6623976230621338,2.6760189533233643,2.3333728313446045,0.0348934680223465
2pkea,16,1201,0.9808694124221802,IPR023562,Clp protease proteolytic subunit /Translocation-enhancing protein TepA,4.124267578125,0.6603341698646545,3.4639334678649902,2.642847776412964,9.692345338407904e-05
2pkea,16,1201,0.9694274663925171,IPR017850,"Alkaline-phosphatase-like, core domain superfamily",3.817913055419922,0.6611413359642029,3.156771659851074,2.5297317504882812,0.0015993596753105521
2pkea,16,1201,0.9706359505653381,IPR029033,Histidine phosphatase superfamily,3.368196725845337,0.6618168950080872,2.7063798904418945,2.3474504947662354,0.0014165386091917753
2pkea,16,1201,0.9814905524253845,IPR029058,Alpha/Beta hydrolase fold,8.085430145263672,0.6188368797302246,7.466593265533447,3.707670211791992,0.0
2pkea,16,1201,0.9684236645698547,IPR036895,Uracil-DNA glycosylase-like domain superfamily,3.2859702110290527,0.6622031331062317,2.623767137527466,2.3109517097473145,0.008434382267296314
2pkea,16,1236,0.9529140591621399,IPR020904,"Short-chain dehydrogenase/reductase, conserved site",7.612897872924805,2.2339673042297363,5.378930568695068,1.7688311338424683,0.009474263526499271
2pkea,16,1236,0.9752248525619507,IPR001236,"Lactate/malate dehydrogenase, N-terminal",8.704355239868164,2.2314600944519043,6.47289514541626,1.963742971420288,0.0002576057449914515
2pkea,16,1236,0.9704762697219849,IPR006131,"Aspartate/ornithine carbamoyltransferase, Asp/Orn-binding domain",8.34620189666748,2.2327184677124023,6.113483428955078,1.9023120403289795,0.0016925004310905933
2pkea,16,1236,0.9704762697219849,IPR006132,"Aspartate/ornithine carbamoyltransferase, carbamoyl-P binding",8.34620189666748,2.2327184677124023,6.113483428955078,1.9023120403289795,0.0016925004310905933
2pkea,16,1236,0.9514973163604736,IPR013848,"Methylthiotransferase, N-terminal",7.418431282043457,2.233259677886963,5.185171604156494,1.7319566011428833,0.0008547573816031218
2pkea,16,1236,0.9502415657043457,IPR017926,Glutamine amidotransferase,7.93005895614624,2.227715253829956,5.702343940734863,1.831760287284851,4.187531033039704e-08
2pkea,16,1236,0.9786971807479858,IPR020588,"DNA recombination and repair protein RecA-like, ATP-binding domain",8.832255363464355,2.2325520515441895,6.599703311920166,1.9840816259384155,0.003084869822487235
2pkea,16,1236,0.9727595448493958,IPR020630,"Tetrahydrofolate dehydrogenase/cyclohydrolase, catalytic domain",8.461181640625,2.2331466674804688,6.228034973144531,1.9217746257781982,0.0054265037178993225
2pkea,16,1236,0.9727595448493958,IPR020631,"Tetrahydrofolate dehydrogenase/cyclohydrolase, NAD(P)-binding domain",8.461181640625,2.2331466674804688,6.228034973144531,1.9217746257781982,0.0054265037178993225
2pkea,16,1236,0.9752248525619507,IPR022383,"Lactate/malate dehydrogenase, C-terminal",8.704355239868164,2.2314600944519043,6.47289514541626,1.963742971420288,0.0002576057449914515
2pkea,16,1236,0.9516648650169373,IPR055190,"ATP synthase A/B type, C-terminal domain",7.4680495262146,2.2342138290405273,5.233835697174072,1.7409578561782837,0.0106834527105093
2pkea,16,1236,0.9727595448493958,IPR000672,Tetrahydrofolate dehydrogenase/cyclohydrolase,8.461181640625,2.2331466674804688,6.228034973144531,1.9217746257781982,0.0054265037178993225
2pkea,16,1236,0.9744948744773865,IPR001557,L-lactate/malate dehydrogenase,8.632506370544434,2.2322309017181396,6.400275230407715,1.951286792755127,0.001131171826273203
2pkea,16,1236,0.9836822152137756,IPR002903,Ribosomal RNA small subunit methyltransferase H,9.461197853088379,2.2322678565979004,7.2289299964904785,2.0835063457489014,0.008220835588872433
2pkea,16,1236,0.9514973163604736,IPR005839,Methylthiotransferase,7.418431282043457,2.233259677886963,5.185171604156494,1.7319566011428833,0.0008547573816031218
2pkea,16,1236,0.9704762697219849,IPR006130,Aspartate/ornithine carbamoyltransferase,8.34620189666748,2.2327184677124023,6.113483428955078,1.9023120403289795,0.0016925004310905933
2pkea,16,1236,0.9741482734680176,IPR015955,"Lactate dehydrogenase/glycoside hydrolase, family 4, C-terminal",8.64050579071045,2.23093318939209,6.409572601318359,1.95346200466156,7.138129149097949e-05
2pkea,16,1236,0.9836822152137756,IPR023397,"S-adenosyl-L-methionine-dependent methyltransferase, MraW, recognition domain superfamily",9.461197853088379,2.2322678565979004,7.2289299964904785,2.0835063457489014,0.008220835588872433
2pkea,16,1236,0.9606987237930298,IPR029062,Class I glutamine amidotransferase-like,8.465850830078125,2.214982509613037,6.250868320465088,1.934353232383728,5.386541212326672e-19
2pkea,16,1236,0.9894744157791138,IPR029063,S-adenosyl-L-methionine-dependent methyltransferase superfamily,10.724534034729004,2.088526725769043,8.636007308959961,2.3603506088256836,0.0
2pkea,16,1236,0.9704762697219849,IPR036901,Aspartate/ornithine carbamoyltransferase superfamily,8.34620189666748,2.2327184677124023,6.113483428955078,1.9023120403289795,0.0016925004310905933
2pkea,16,1236,0.9514973163604736,IPR038135,"Methylthiotransferase, N-terminal domain superfamily",7.418431282043457,2.233259677886963,5.185171604156494,1.7319566011428833,0.0008547573816031218
2pkea,16,1254,0.954643964767456,IPR008271,"Serine/threonine-protein kinase, active site",7.4755120277404785,2.3889424800872803,5.086569786071777,1.645794153213501,1.1606487022016207e-21
2pkea,16,1254,0.9597650766372681,IPR017441,"Protein kinase, ATP binding site",7.737712860107422,2.3891844749450684,5.3485283851623535,1.6953829526901245,1.2019629002863066e-20
2pkea,16,1254,0.9590097069740295,IPR020904,"Short-chain dehydrogenase/reductase, conserved site",7.469898700714111,2.406785011291504,5.063113689422607,1.6339755058288574,0.00781602319329977
2pkea,16,1254,0.9572696685791016,IPR000719,Protein kinase domain,7.593791484832764,2.382561683654785,5.2112298011779785,1.6723008155822754,5.711471879974191e-28
2pkea,16,1254,0.9842363595962524,IPR001357,BRCT domain,9.609800338745117,2.4045846462249756,7.2052154541015625,1.9987127780914307,0.011561883613467216
2pkea,16,1254,0.978335976600647,IPR002048,EF-hand domain,9.067558288574219,2.3980515003204346,6.669507026672363,1.9188454151153564,4.223137839431956e-09
2pkea,16,1254,0.9743193984031677,IPR003583,"Helix-hairpin-helix DNA-binding motif, class 1",10.907720565795898,2.388129949569702,8.519590377807617,2.1913902759552,2.1768513640968434e-12
2pkea,16,1254,0.9839550852775574,IPR004150,"NAD-dependent DNA ligase, OB-fold",9.55814266204834,2.403229236602783,7.154913425445557,1.9917500019073486,0.0006726632709614933
2pkea,16,1254,0.9839550852775574,IPR013839,"NAD-dependent DNA ligase, adenylation",9.55814266204834,2.403229236602783,7.154913425445557,1.9917500019073486,0.0006726632709614933
2pkea,16,1254,0.9839550852775574,IPR013840,"NAD-dependent DNA ligase, N-terminal",9.55814266204834,2.403229236602783,7.154913425445557,1.9917500019073486,0.0006726632709614933
2pkea,16,1254,0.9998998641967773,IPR013849,"DNA helicase, Holliday junction RuvA type, domain I, bacterial",15.392020225524902,2.397199869155884,12.994820594787598,2.6827545166015625,0.012939819134771824
2pkea,16,1254,0.9620236754417419,IPR015967,"Recombination protein RecR, zinc finger domain",7.938016891479492,2.4059879779815674,5.532029151916504,1.7221431732177734,0.00585006782785058
2pkea,16,1254,0.9902756810188293,IPR031167,OBG-type guanine nucleotide-binding (G) domain,12.295805931091309,2.401540517807007,9.894265174865723,2.356128215789795,0.029385220259428024
2pkea,16,1254,0.9620236754417419,IPR034137,"RecR, TOPRIM domain",7.938016891479492,2.4059879779815674,5.532029151916504,1.7221431732177734,0.00585006782785058
2pkea,16,1254,0.9998998641967773,IPR000085,Holliday junction branch migration complex subunit RuvA,15.392020225524902,2.397199869155884,12.994820594787598,2.6827545166015625,0.012939819134771824
2pkea,16,1254,0.9620236754417419,IPR000093,DNA recombination protein RecR,7.938016891479492,2.4059879779815674,5.532029151916504,1.7221431732177734,0.00585006782785058
2pkea,16,1254,0.984130859375,IPR001679,NAD-dependent DNA ligase,9.586921691894531,2.403899669647217,7.1830220222473145,1.9956849813461304,0.002774308668449521
2pkea,16,1254,0.9581392407417297,IPR002347,Short-chain dehydrogenase/reductase SDR,7.409730911254883,2.4023733139038086,5.007357597351074,1.6249548196792603,8.4233512609444e-08
2pkea,16,1254,0.9634197354316711,IPR010994,RuvA domain 2-like,9.916272163391113,2.3784570693969727,7.537815093994141,2.0597658157348633,4.4323544161052e-21
2pkea,16,1254,0.9743746519088745,IPR011992,EF-hand domain pair,8.828601837158203,2.3973846435546875,6.431217193603516,1.8807175159454346,5.006958736508693e-10
2pkea,16,1254,0.9620236754417419,IPR023627,Recombination protein RecR,7.938016891479492,2.4059879779815674,5.532029151916504,1.7221431732177734,0.00585006782785058
2pkea,16,1254,0.9842363595962524,IPR036420,BRCT domain superfamily,9.609800338745117,2.4045846462249756,7.2052154541015625,1.9987127780914307,0.011561883613467216
2pkea,16,1254,0.950067400932312,IPR001611,Leucine-rich repeat,8.410512924194336,2.402174234390259,6.008338928222656,1.807847023010254,3.730695607373491e-05
2pkea,16,1370,0.9658183455467224,IPR033704,"dUTPase, trimeric",23.664522171020508,21.93874740600586,1.7257747650146484,0.10924403369426727,0.004323433618992567
2pkea,16,1370,0.9777331352233887,IPR001806,Small GTPase,23.6484375,21.938945770263672,1.7094917297363281,0.10825005918741226,0.005413725506514311
2pkea,16,1370,0.9658183455467224,IPR036157,dUTPase-like superfamily,23.664522171020508,21.93874740600586,1.7257747650146484,0.10924403369426727,0.004323433618992567
2pkea,16,1399,0.958529531955719,IPR008271,"Serine/threonine-protein kinase, active site",13.415182113647461,6.460518836975098,6.954663276672363,1.0541423559188843,4.516878198905215e-22
2pkea,16,1399,0.9709987044334412,IPR017441,"Protein kinase, ATP binding site",13.857681274414062,6.460436820983887,7.397244453430176,1.1009800434112549,6.462180918405387e-22
2pkea,16,1399,0.9577365517616272,IPR000629,"ATP-dependent RNA helicase DEAD-box, conserved site",13.212733268737793,6.476474285125732,6.7362589836120605,1.0286462306976318,6.102636174176723e-10
2pkea,16,1399,0.9780937433242798,IPR017871,"ABC transporter-like, conserved site",15.135408401489258,6.440164089202881,8.695243835449219,1.2327560186386108,2.916451736773593e-32
2pkea,16,1399,0.9581924676895142,IPR018171,"Peptidyl-tRNA hydrolase, conserved site",13.19140625,6.485954761505127,6.705451488494873,1.0242053270339966,0.03230763599276543
2pkea,16,1399,0.9518355131149292,IPR018357,"Hexapeptide transferase, conserved site",13.043222427368164,6.484879016876221,6.558343410491943,1.0081465244293213,0.004687632899731398
2pkea,16,1399,0.9646342396736145,IPR020612,"Methylthiotransferase, conserved site",13.692578315734863,6.48226261138916,7.210315704345703,1.0788224935531616,9.267775021726266e-05
2pkea,16,1399,0.9702582359313965,IPR020904,"Short-chain dehydrogenase/reductase, conserved site",14.115272521972656,6.483709335327148,7.631563186645508,1.1223634481430054,0.0027863315772265196
2pkea,16,1399,0.9639546871185303,IPR000719,Protein kinase domain,13.617658615112305,6.451536655426025,7.166121959686279,1.0777617692947388,6.822171688194973e-29
2pkea,16,1399,0.9625486731529236,IPR002792,TRAM domain,13.489130020141602,6.480563640594482,7.008566379547119,1.0576039552688599,2.36866276281944e-06
2pkea,16,1399,0.9770680069923401,IPR003439,"ABC transporter-like, ATP-binding domain",15.101524353027344,6.4386420249938965,8.662881851196289,1.2298635244369507,2.8410842552550497e-33
2pkea,16,1399,0.951323926448822,IPR011545,DEAD/DEAH-box helicase domain,13.025773048400879,6.473751068115234,6.5520219802856445,1.008692979812622,3.768413532612147e-12
2pkea,16,1399,0.9768533706665039,IPR013848,"Methylthiotransferase, N-terminal",13.9296875,6.482533931732178,7.447153568267822,1.103531002998352,9.092723485082388e-05
2pkea,16,1399,0.9568639397621155,IPR014014,"RNA helicase, DEAD-box type, Q motif",13.185863494873047,6.476555347442627,6.70930814743042,1.025691270828247,7.055713791004337e-10
2pkea,16,1399,0.9581924676895142,IPR001328,Peptidyl-tRNA hydrolase,13.19140625,6.485954761505127,6.705451488494873,1.0242053270339966,0.03230763599276543
2pkea,16,1399,0.9642917513847351,IPR002347,Short-chain dehydrogenase/reductase SDR,13.739659309387207,6.477802276611328,7.261857032775879,1.0847676992416382,3.743425835978087e-08
2pkea,16,1399,0.9768533706665039,IPR005839,Methylthiotransferase,13.9296875,6.482533931732178,7.447153568267822,1.103531002998352,9.092723485082388e-05
2pkea,16,1399,0.9894393682479858,IPR008995,"Molybdate/tungstate binding, C-terminal",15.067015647888184,6.482948303222656,8.584067344665527,1.2166694402694702,0.0017743728822097182
2pkea,16,1399,0.9701778292655945,IPR011032,GroES-like superfamily,13.906608581542969,6.4818339347839355,7.424774646759033,1.1012945175170898,4.925113171339035e-05
2pkea,16,1399,0.9598513841629028,IPR023404,"Radical SAM, alpha/beta horseshoe",13.5545015335083,6.481831073760986,7.0726704597473145,1.0642966032028198,4.3878480937564746e-05
2pkea,16,1399,0.9581924676895142,IPR036416,Peptidyl-tRNA hydrolase superfamily,13.19140625,6.485954761505127,6.705451488494873,1.0242053270339966,0.03230763599276543
2pkea,16,1399,0.9768533706665039,IPR038135,"Methylthiotransferase, N-terminal domain superfamily",13.9296875,6.482533931732178,7.447153568267822,1.103531002998352,9.092723485082388e-05
2pkea,16,1402,0.9623520374298096,IPR000629,"ATP-dependent RNA helicase DEAD-box, conserved site",5.457415580749512,1.5965602397918701,3.8608553409576416,1.7732418775558472,2.5631941014125914e-10
2pkea,16,1402,0.9699999094009399,IPR018102,"Small ribosomal subunit protein uS11, conserved site",5.9231181144714355,1.5986288785934448,4.324489116668701,1.8895127773284912,3.1851216135692084e-06
2pkea,16,1402,0.9896926283836365,IPR018181,"Heat shock protein 70, conserved site",7.989180088043213,1.5947145223617554,6.394465446472168,2.324740171432495,1.0852749028344988e-06
2pkea,16,1402,0.9600319266319275,IPR001763,Rhodanese-like domain,5.491296768188477,1.6007505655288696,3.8905463218688965,1.77838933467865,0.0005326757091097534
2pkea,16,1402,0.9593573808670044,IPR004843,"Calcineurin-like, phosphoesterase domain",5.535266876220703,1.6014553308486938,3.933811664581299,1.7892602682113647,0.007578846998512745
2pkea,16,1402,0.9624557495117188,IPR011545,DEAD/DEAH-box helicase domain,5.454912185668945,1.5946316719055176,3.8602805137634277,1.7743237018585205,3.916471097084595e-13
2pkea,16,1402,0.9628234505653381,IPR014014,"RNA helicase, DEAD-box type, Q motif",5.487687110900879,1.5964691638946533,3.8912179470062256,1.7813044786453247,2.367374629663743e-10
2pkea,16,1402,0.9977984428405762,IPR018484,"Carbohydrate kinase FGGY, N-terminal",11.200082778930664,1.5898833274841309,9.610198974609375,2.816507577896118,7.963184543768875e-06
2pkea,16,1402,0.997898280620575,IPR018485,"Carbohydrate kinase FGGY, C-terminal",11.251347541809082,1.5888177156448364,9.662529945373535,2.8240630626678467,1.738357127578638e-06
2pkea,16,1402,0.9984910488128662,IPR000577,"Carbohydrate kinase, FGGY",11.682942390441895,1.5930078029632568,10.089934349060059,2.8745694160461426,0.0031903854105621576
2pkea,16,1402,0.97007817029953,IPR001971,Small ribosomal subunit protein uS11,5.922688961029053,1.5977628231048584,4.324926376342773,1.8901900053024292,2.1438023622977198e-07
2pkea,16,1402,0.9895542860031128,IPR013126,Heat shock protein 70 family,7.95158576965332,1.5941565036773682,6.357429504394531,2.3184401988983154,2.569314858646976e-07
2pkea,16,1402,0.9703056216239929,IPR019981,"Small ribosomal subunit protein uS11, bacterial-type",5.94921875,1.5994431972503662,4.349775314331055,1.8951213359832764,4.54238906968385e-05
2pkea,16,1402,0.9741113185882568,IPR016039,Thiolase-like,6.207134246826172,1.5993880033493042,4.607746124267578,1.956398367881775,0.00011539813567651436
2pkea,16,1402,0.9782273173332214,IPR017850,"Alkaline-phosphatase-like, core domain superfamily",6.616492748260498,1.6006189584732056,5.015873908996582,2.0474278926849365,0.019751733168959618
2pkea,16,1402,0.9747888445854187,IPR029033,Histidine phosphatase superfamily,6.4102864265441895,1.600928783416748,4.809357643127441,2.0014708042144775,0.026719866320490837
2pkea,16,1402,0.9896926283836365,IPR029047,"Heat shock protein 70kD, peptide-binding domain superfamily",7.989180088043213,1.5947145223617554,6.394465446472168,2.324740171432495,1.0852749028344988e-06
2pkea,16,1402,0.9895440936088562,IPR029048,"Heat shock protein 70kD, C-terminal domain superfamily",7.9742255210876465,1.5953850746154785,6.378840446472168,2.3214306831359863,4.758324848808115e-06
2pkea,16,1402,0.9609213471412659,IPR029052,Metallo-dependent phosphatase-like,5.644853591918945,1.6008635759353638,4.043990135192871,1.818076729774475,0.0017756448360159993
2pkea,16,1402,0.9600319266319275,IPR036873,Rhodanese-like domain superfamily,5.491296768188477,1.6007505655288696,3.8905463218688965,1.77838933467865,0.0005326757091097534
2pkea,16,1402,0.9506189823150635,IPR036876,UVR domain superfamily,5.61007833480835,1.6013277769088745,4.0087504386901855,1.8087432384490967,0.017384929582476616
2pkea,16,1402,0.97007817029953,IPR036967,Small ribosomal subunit protein uS11 superfamily,5.922688961029053,1.5977628231048584,4.324926376342773,1.8901900053024292,2.1438023622977198e-07
2pkea,16,1402,0.976473331451416,IPR043129,"ATPase, nucleotide binding domain",8.189698219299316,1.5450183153152466,6.644680023193359,2.406177043914795,0.0
2pkea,16,1465,0.9594325423240662,IPR020625,"Schiff base-forming aldolase, active site",4.341579914093018,1.159235954284668,3.1823439598083496,1.9050334692001343,0.0010006001684814692
2pkea,16,1465,0.9792388677597046,IPR020861,"Triosephosphate isomerase, active site",5.479817867279053,1.158482313156128,4.321335792541504,2.241879463195801,0.009348929859697819
2pkea,16,1465,0.9673978090286255,IPR018171,"Peptidyl-tRNA hydrolase, conserved site",4.6895751953125,1.1593157052993774,3.530259609222412,2.016171455383301,0.006812931038439274
2pkea,16,1465,0.9879552721977234,IPR018223,"Argininosuccinate synthase, conserved site",6.304991245269775,1.1572426557540894,5.1477484703063965,2.4457905292510986,0.004198487848043442
2pkea,16,1465,0.9988129734992981,IPR001048,Aspartate/glutamate/uridylate kinase,10.302083969116211,1.1328719854354858,9.169212341308594,3.1848666667938232,4.6109561972767924e-17
2pkea,16,1465,0.9753235578536987,IPR004821,Cytidyltransferase-like domain,5.199732780456543,1.149980068206787,4.049752712249756,2.17681622505188,4.11134466594848e-16
2pkea,16,1465,0.9819425940513611,IPR011063,"tRNA(Ile)-lysidine/2-thiocytidine synthase, N-terminal",5.649181365966797,1.158677577972412,4.490503787994385,2.285550117492676,0.03175431117415428
2pkea,16,1465,0.992384672164917,IPR016009,tRNA methyltransferase TRMD/TRM10-type domain,6.9642333984375,1.1556705236434937,5.808562755584717,2.591221809387207,0.0006019276916049421
2pkea,16,1465,0.9629193544387817,IPR022310,NAD/GMP synthase,4.522777080535889,1.1589092016220093,3.36386775970459,1.9644289016723633,0.0006941096507944167
2pkea,16,1465,0.9879552721977234,IPR048267,"Arginosuccinate synthase-like, N-terminal domain",6.304991245269775,1.1572426557540894,5.1477484703063965,2.4457905292510986,0.004198487848043442
2pkea,16,1465,0.9879552721977234,IPR048268,Arginosuccinate synthase C-terminal domain,6.304991245269775,1.1572426557540894,5.1477484703063965,2.4457905292510986,0.004198487848043442
2pkea,16,1465,0.9792388677597046,IPR000652,Triosephosphate isomerase,5.479817867279053,1.158482313156128,4.321335792541504,2.241879463195801,0.009348929859697819
2pkea,16,1465,0.9981971383094788,IPR001057,Glutamate/acetylglutamate kinase,10.533528327941895,1.1499505043029785,9.383577346801758,3.1953325271606445,0.00033639921457506716
2pkea,16,1465,0.9673978090286255,IPR001328,Peptidyl-tRNA hydrolase,4.6895751953125,1.1593157052993774,3.530259609222412,2.016171455383301,0.006812931038439274
2pkea,16,1465,0.9879552721977234,IPR001518,Argininosuccinate synthase,6.304991245269775,1.1572426557540894,5.1477484703063965,2.4457905292510986,0.004198487848043442
2pkea,16,1465,0.9782747626304626,IPR001980,Phosphopantetheine adenylyltransferase,5.40147590637207,1.1573246717453003,4.2441511154174805,2.2225475311279297,0.00013434122956823558
2pkea,16,1465,0.9592911005020142,IPR002220,DapA-like,4.335183620452881,1.1589292287826538,3.1762542724609375,1.9032881259918213,0.0002686603693291545
2pkea,16,1465,0.9782589673995972,IPR002305,"Aminoacyl-tRNA synthetase, class Ic",5.405036449432373,1.1556154489517212,4.249421119689941,2.225630521774292,4.2845627490351035e-07
2pkea,16,1465,0.9797357320785522,IPR002307,Tyrosine-tRNA ligase,5.4854960441589355,1.1571732759475708,4.328322887420654,2.245004653930664,0.00011459970119176432
2pkea,16,1465,0.992384672164917,IPR002649,tRNA (guanine-N1-)-methyltransferase TrmD,6.9642333984375,1.1556705236434937,5.808562755584717,2.591221809387207,0.0006019276916049421
2pkea,16,1465,0.9530655145645142,IPR003742,RNA methyltransferase RlmH,4.138671875,1.1596019268035889,2.979069948196411,1.8355257511138916,0.0019378148717805743
2pkea,16,1465,0.9594325423240662,IPR005263,"4-hydroxy-tetrahydrodipicolinate synthase, DapA",4.341579914093018,1.159235954284668,3.1823439598083496,1.9050334692001343,0.0010006001684814692
2pkea,16,1465,0.9977432489395142,IPR011817,Uridylate kinase,10.340444564819336,1.1530205011367798,9.187423706054688,3.1647956371307373,0.03858290612697601
2pkea,16,1465,0.9794533848762512,IPR022896,"Triosephosphate isomerase, bacterial/eukaryotic",5.493582725524902,1.15889573097229,4.334687232971191,2.2449841499328613,0.03927206993103027
2pkea,16,1465,0.9879552721977234,IPR023434,"Argininosuccinate synthase, type 1 subfamily",6.304991245269775,1.1572426557540894,5.1477484703063965,2.4457905292510986,0.004198487848043442
2pkea,16,1465,0.9804092645645142,IPR024088,"Tyrosine-tRNA ligase, bacterial-type",5.5367431640625,1.1579581499099731,4.378785133361816,2.257441997528076,0.0019550942815840244
2pkea,16,1465,0.992384672164917,IPR023148,"tRNA (guanine-N(1)-)-methyltransferase, C-terminal domain superfamily",6.9642333984375,1.1556705236434937,5.808562755584717,2.591221809387207,0.0006019276916049421
2pkea,16,1465,0.9879552721977234,IPR024074,"Argininosuccinate synthetase, catalytic/multimerisation domain body",6.304991245269775,1.1572426557540894,5.1477484703063965,2.4457905292510986,0.004198487848043442
2pkea,16,1465,0.9522718191146851,IPR029001,Inosine triphosphate pyrophosphatase-like,4.097196578979492,1.159970998764038,2.937225580215454,1.8205358982086182,0.007653268054127693
2pkea,16,1465,0.9651976227760315,IPR029026,"tRNA (guanine-N1-)-methyltransferase, N-terminal",5.248873233795166,1.1489746570587158,4.099898338317871,2.191648244857788,2.5154737128282943e-16
2pkea,16,1465,0.9651976227760315,IPR029028,Alpha/beta knot methyltransferases,5.248873233795166,1.1489746570587158,4.099898338317871,2.191648244857788,2.5154737128282943e-16
2pkea,16,1465,0.9792388677597046,IPR035990,Triosephosphate isomerase superfamily,5.479817867279053,1.158482313156128,4.321335792541504,2.241879463195801,0.009348929859697819
2pkea,16,1465,0.9988129734992981,IPR036393,Acetylglutamate kinase-like superfamily,10.302083969116211,1.1328719854354858,9.169212341308594,3.1848666667938232,4.6109561972767924e-17
2pkea,16,1465,0.9673978090286255,IPR036416,Peptidyl-tRNA hydrolase superfamily,4.6895751953125,1.1593157052993774,3.530259609222412,2.016171455383301,0.006812931038439274
2pkea,16,1503,0.9872608780860901,IPR018171,"Peptidyl-tRNA hydrolase, conserved site",8.710693359375,2.818082809448242,5.892610549926758,1.628068447113037,0.002197985304519534
2pkea,16,1503,0.9627291560173035,IPR033690,"Adenylate kinase, conserved site",6.9744038581848145,2.8196165561676025,4.154787063598633,1.3065658807754517,0.00042648904491215944
2pkea,16,1503,0.9800745844841003,IPR000836,Phosphoribosyltransferase domain,8.437679290771484,2.797618865966797,5.6400604248046875,1.5926417112350464,2.081150899960147e-25
2pkea,16,1503,0.9578073620796204,IPR004839,"Aminotransferase, class I/classII, large domain",6.876102447509766,2.8202102184295654,4.055891990661621,1.2857831716537476,0.0025918500032275915
2pkea,16,1503,0.9584006071090698,IPR017452,"GPCR, rhodopsin-like, 7TM",6.703205585479736,2.8123364448547363,3.890869140625,1.2530767917633057,6.199199512827835e-15
2pkea,16,1503,0.9599829912185669,IPR000276,"G protein-coupled receptor, rhodopsin-like",6.749908447265625,2.812943935394287,3.936964511871338,1.2627819776535034,5.6128041938611345e-14
2pkea,16,1503,0.9635729789733887,IPR000715,"Glycosyl transferase, family 4",7.097380638122559,2.8206679821014404,4.276712417602539,1.331244707107544,0.01996499113738537
2pkea,16,1503,0.9625926613807678,IPR000850,Adenylate kinase/UMP-CMP kinase,6.952832221984863,2.819243907928467,4.1335883140563965,1.3022873401641846,0.00011752883438020945
2pkea,16,1503,0.9872608780860901,IPR001328,Peptidyl-tRNA hydrolase,8.710693359375,2.818082809448242,5.892610549926758,1.628068447113037,0.002197985304519534
2pkea,16,1503,0.9576603770256042,IPR006259,Adenylate kinase subfamily,6.648092746734619,2.821004629135132,3.8270881175994873,1.2367262840270996,0.009457588195800781
2pkea,16,1503,0.9718614816665649,IPR050054,Uracil phosphoribosyltransferase/Adenine phosphoribosyltransferase,7.9951171875,2.814040184020996,5.181077003479004,1.5064711570739746,1.233996727023623e-08
2pkea,16,1503,0.9523293375968933,IPR023214,HAD superfamily,8.570384979248047,2.813694715499878,5.75669002532959,1.6068891286849976,2.5505778467049822e-06
2pkea,16,1503,0.9800745844841003,IPR029057,Phosphoribosyltransferase-like,8.437679290771484,2.797618865966797,5.6400604248046875,1.5926417112350464,2.081150899960147e-25
2pkea,16,1503,0.9639366269111633,IPR036412,HAD-like superfamily,8.795907974243164,2.8137521743774414,5.982155799865723,1.6443321704864502,1.993506430153502e-06
2pkea,16,1503,0.9872608780860901,IPR036416,Peptidyl-tRNA hydrolase superfamily,8.710693359375,2.818082809448242,5.892610549926758,1.628068447113037,0.002197985304519534
2pkea,16,1599,0.9904355406761169,IPR006196,"RNA-binding domain, S1, IF1 type",19.6015625,15.97751235961914,3.6240501403808594,0.2949249744415283,8.650323434267193e-05
2pkea,16,1599,0.9971657395362854,IPR004368,Translation initiation factor IF-1,19.89270782470703,15.978163719177246,3.914544105529785,0.3161371648311615,0.003835887648165226
2pkea,16,1698,0.9846571087837219,IPR018215,"ClpP, Ser active site",6.7628350257873535,1.1420291662216187,5.620805740356445,2.5660159587860107,0.021426890045404434
2pkea,16,1698,0.9608969688415527,IPR020003,"ATPase, alpha/beta subunit, nucleotide-binding domain, active site",4.667943477630615,1.1354148387908936,3.5325286388397217,2.0395548343658447,3.1179878358471834e-17
2pkea,16,1698,0.9847500920295715,IPR033135,"ClpP, histidine active site",6.775111675262451,1.142012119293213,5.633099555969238,2.5686540603637695,0.02125485986471176
2pkea,16,1698,0.9965522289276123,IPR017871,"ABC transporter-like, conserved site",10.192852020263672,1.0907344818115234,9.102117538452148,3.224172592163086,4.056373865298472e-37
2pkea,16,1698,0.9519212245941162,IPR020904,"Short-chain dehydrogenase/reductase, conserved site",4.341988563537598,1.1444625854492188,3.197525978088379,1.9236730337142944,0.00668641272932291
2pkea,16,1698,0.9608969688415527,IPR000194,"ATPase, F1/V1/A1 complex, alpha/beta subunit, nucleotide-binding domain",4.667943477630615,1.1354148387908936,3.5325286388397217,2.0395548343658447,3.1179878358471834e-17
2pkea,16,1698,0.9945552349090576,IPR000432,"DNA mismatch repair protein MutS, C-terminal",10.081290245056152,1.1311028003692627,8.950187683105469,3.1558656692504883,1.7307000632627023e-07
2pkea,16,1698,0.9563890695571899,IPR000793,"ATP synthase, alpha subunit, C-terminal",4.492982387542725,1.1418554782867432,3.3511269092559814,1.976280689239502,4.1687695784276e-07
2pkea,16,1698,0.9639220237731934,IPR000836,Phosphoribosyltransferase domain,4.9934892654418945,1.1294188499450684,3.864070415496826,2.1444549560546875,1.5165736518042695e-24
2pkea,16,1698,0.9966363906860352,IPR003439,"ABC transporter-like, ATP-binding domain",10.185229301452637,1.0889532566070557,9.09627628326416,3.2254512310028076,0.0
2pkea,16,1698,0.9606112241744995,IPR004100,"ATPase, F1/V1/A1 complex, alpha/beta subunit, N-terminal domain",4.656517028808594,1.1358153820037842,3.5207016468048096,2.0355100631713867,1.258592492039772e-16
2pkea,16,1698,0.9678217172622681,IPR005475,"Transketolase-like, pyrimidine-binding domain",5.349117755889893,1.143589973449707,4.2055277824401855,2.2257184982299805,0.02225898765027523
2pkea,16,1698,0.9945051074028015,IPR007695,"DNA mismatch repair protein MutS-like, N-terminal",10.120898246765137,1.1364216804504395,8.984476089477539,3.154754400253296,0.001906955149024725
2pkea,16,1698,0.9945552349090576,IPR007696,"DNA mismatch repair protein MutS, core",10.081290245056152,1.1311028003692627,8.950187683105469,3.1558656692504883,1.7307000632627023e-07
2pkea,16,1698,0.9944849014282227,IPR007860,"DNA mismatch repair protein MutS, connector domain",10.11236572265625,1.1355353593826294,8.97683048248291,3.154663324356079,0.0004036156751681119
2pkea,16,1698,0.9944849014282227,IPR007861,"DNA mismatch repair protein MutS, clamp",10.11236572265625,1.1355353593826294,8.97683048248291,3.154663324356079,0.0004036156751681119
2pkea,16,1698,0.9830885529518127,IPR013766,Thioredoxin domain,7.6200737953186035,1.134332537651062,6.485741138458252,2.74794864654541,9.239229825652728e-09
2pkea,16,1698,0.9853482246398926,IPR015590,Aldehyde dehydrogenase domain,6.903408050537109,1.1383682489395142,5.765039920806885,2.6003286838531494,2.549944156271522e-06
2pkea,16,1698,0.9772538542747498,IPR020587,"DNA recombination and repair protein RecA, monomer-monomer interface",5.7215399742126465,1.143489122390747,4.57805061340332,2.3229482173919678,0.04051565006375313
2pkea,16,1698,0.9738081097602844,IPR020588,"DNA recombination and repair protein RecA-like, ATP-binding domain",5.530639171600342,1.1428778171539307,4.387761116027832,2.2747623920440674,0.0031049225945025682
2pkea,16,1698,0.9563890695571899,IPR033732,"ATP synthase, F1 complex, alpha subunit nucleotide-binding domain",4.492982387542725,1.1418554782867432,3.3511269092559814,1.976280689239502,4.1687695784276e-07
2pkea,16,1698,0.9650405645370483,IPR055190,"ATP synthase A/B type, C-terminal domain",4.914947509765625,1.1434868574142456,3.77146053314209,2.1037235260009766,0.001815601484850049
2pkea,16,1698,0.9848445057868958,IPR001907,ATP-dependent Clp protease proteolytic subunit,6.7725830078125,1.1408876180648804,5.63169527053833,2.5695369243621826,0.0010559030342847109
2pkea,16,1698,0.9563890695571899,IPR005294,"ATP synthase, F1 complex, alpha subunit",4.492982387542725,1.1418554782867432,3.3511269092559814,1.976280689239502,4.1687695784276e-07
2pkea,16,1698,0.9945051074028015,IPR005748,DNA mismatch repair protein MutS,10.120898246765137,1.1364216804504395,8.984476089477539,3.154754400253296,0.001906955149024725
2pkea,16,1698,0.9942908883094788,IPR017261,DNA mismatch repair protein MutS/MSH,10.075592041015625,1.135594367980957,8.939997673034668,3.149332284927368,0.0004115791816730052
2pkea,16,1698,0.9848445057868958,IPR023562,Clp protease proteolytic subunit /Translocation-enhancing protein TepA,6.7725830078125,1.1408876180648804,5.63169527053833,2.5695369243621826,0.0010559030342847109
2pkea,16,1698,0.9945552349090576,IPR045076,DNA mismatch repair MutS,10.081290245056152,1.1311028003692627,8.950187683105469,3.1558656692504883,1.7307000632627023e-07
2pkea,16,1698,0.9705850481987,IPR050054,Uracil phosphoribosyltransferase/Adenine phosphoribosyltransferase,5.2649993896484375,1.1391711235046387,4.125828266143799,2.2084362506866455,3.455689956410879e-09
2pkea,16,1698,0.9931108355522156,IPR008995,"Molybdate/tungstate binding, C-terminal",9.896037101745605,1.135882019996643,8.760154724121094,3.1230251789093018,0.0004634266661014408
2pkea,16,1698,0.9945051074028015,IPR016151,"DNA mismatch repair protein MutS, N-terminal",10.120898246765137,1.1364216804504395,8.984476089477539,3.154754400253296,0.001906955149024725
2pkea,16,1698,0.9810231924057007,IPR016161,Aldehyde/histidinol dehydrogenase,6.519401550292969,1.136980652809143,5.382421016693115,2.519519090652466,1.2498949431005713e-08
2pkea,16,1698,0.9853482246398926,IPR016162,"Aldehyde dehydrogenase, N-terminal",6.903408050537109,1.1383682489395142,5.765039920806885,2.6003286838531494,2.549944156271522e-06
2pkea,16,1698,0.9853482246398926,IPR016163,"Aldehyde dehydrogenase, C-terminal",6.903408050537109,1.1383682489395142,5.765039920806885,2.6003286838531494,2.549944156271522e-06
2pkea,16,1698,0.9656618237495422,IPR024034,"ATPase, F1/V1 complex, beta/alpha subunit, C-terminal",4.949700832366943,1.1441900730133057,3.8055107593536377,2.113001823425293,0.027002720162272453
2pkea,16,1698,0.9506344199180603,IPR029045,ClpP/crotonase-like domain superfamily,4.825634956359863,1.1355067491531372,3.6901283264160156,2.087369680404663,4.413764597815386e-15
2pkea,16,1698,0.9639220237731934,IPR029057,Phosphoribosyltransferase-like,4.9934892654418945,1.1294188499450684,3.864070415496826,2.1444549560546875,1.5165736518042695e-24
2pkea,16,1698,0.9662728905677795,IPR029061,Thiamin diphosphate-binding fold,5.114628314971924,1.1383670568466187,3.9762611389160156,2.1676509380340576,1.1037425140525414e-10
2pkea,16,1698,0.9605118036270142,IPR036121,"ATPase, F1/V1/A1 complex, alpha/beta subunit, N-terminal domain superfamily",4.6566338539123535,1.136521816253662,3.5201120376586914,2.03464937210083,1.833314087630708e-15
2pkea,16,1698,0.9945552349090576,IPR036187,"DNA mismatch repair protein MutS, core domain superfamily",10.081290245056152,1.1311028003692627,8.950187683105469,3.1558656692504883,1.7307000632627023e-07
2pkea,16,1698,0.9945613145828247,IPR036678,"MutS, connector domain superfamily",10.117301940917969,1.1346278190612793,8.982673645019531,3.1565208435058594,8.475060167256743e-05
2pkea,16,1698,0.9563890695571899,IPR038376,"ATP synthase, alpha subunit, C-terminal domain superfamily",4.492982387542725,1.1418554782867432,3.3511269092559814,1.976280689239502,4.1687695784276e-07
2pkea,16,1749,0.9518076777458191,IPR003732,D-aminoacyl-tRNA deacylase DTD,6.92274284362793,5.130372047424316,1.7923707962036133,0.43227747082710266,0.004733790643513203
2pkea,16,1749,0.9518076777458191,IPR023509,D-aminoacyl-tRNA deacylase-like superfamily,6.92274284362793,5.130372047424316,1.7923707962036133,0.43227747082710266,0.004733790643513203
2pkea,16,1868,0.951812207698822,IPR016066,"Alpha-D-phosphohexomutase, conserved site",9.047541618347168,2.391967296600342,6.655574321746826,1.91932213306427,0.014342108741402626
2pkea,16,1868,0.9805720448493958,IPR018171,"Peptidyl-tRNA hydrolase, conserved site",10.801025390625,2.3898239135742188,8.411201477050781,2.1761858463287354,0.003578799543902278
2pkea,16,1868,0.9773762822151184,IPR020556,"Amidase, conserved site",10.594775199890137,2.3901546001434326,8.204620361328125,2.1481709480285645,0.004839112516492605
2pkea,16,1868,0.9598771929740906,IPR004821,Cytidyltransferase-like domain,9.489834785461426,2.3769638538360596,7.112871170043945,1.9972569942474365,4.225616980890051e-14
2pkea,16,1868,0.9524427056312561,IPR005843,"Alpha-D-phosphohexomutase, C-terminal",9.097105026245117,2.39188289642334,6.705222129821777,1.9272546768188477,0.013510121032595634
2pkea,16,1868,0.9521973133087158,IPR005844,"Alpha-D-phosphohexomutase, alpha/beta/alpha domain I",9.071918487548828,2.39125657081604,6.680662155151367,1.9236327409744263,0.003931066021323204
2pkea,16,1868,0.9541015625,IPR005845,"Alpha-D-phosphohexomutase, alpha/beta/alpha domain II",9.198681831359863,2.3923914432525635,6.806290626525879,1.9429675340652466,0.04109366983175278
2pkea,16,1868,0.9541015625,IPR005846,"Alpha-D-phosphohexomutase, alpha/beta/alpha domain III",9.198681831359863,2.3923914432525635,6.806290626525879,1.9429675340652466,0.04109366983175278
2pkea,16,1868,0.9876819849014282,IPR006131,"Aspartate/ornithine carbamoyltransferase, Asp/Orn-binding domain",11.394607543945312,2.387970447540283,9.006637573242188,2.254488229751587,0.00042160923476330936
2pkea,16,1868,0.9876819849014282,IPR006132,"Aspartate/ornithine carbamoyltransferase, carbamoyl-P binding",11.394607543945312,2.387970447540283,9.006637573242188,2.254488229751587,0.00042160923476330936
2pkea,16,1868,0.9506720304489136,IPR011761,ATP-grasp fold,9.324067115783691,2.3824570178985596,6.941610336303711,1.9685031175613403,1.558388085243223e-09
2pkea,16,1868,0.9750694632530212,IPR020630,"Tetrahydrofolate dehydrogenase/cyclohydrolase, catalytic domain",10.462890625,2.3903658390045166,8.072525024414062,2.129971981048584,0.006009333301335573
2pkea,16,1868,0.9750694632530212,IPR020631,"Tetrahydrofolate dehydrogenase/cyclohydrolase, NAD(P)-binding domain",10.462890625,2.3903658390045166,8.072525024414062,2.129971981048584,0.006009333301335573
2pkea,16,1868,0.9773792028427124,IPR023631,Amidase signature domain,10.589568138122559,2.389341354370117,8.200226783752441,2.1479527950286865,0.0011922125704586506
2pkea,16,1868,0.9773792028427124,IPR000120,Amidase,10.589568138122559,2.389341354370117,8.200226783752441,2.1479527950286865,0.0011922125704586506
2pkea,16,1868,0.9750694632530212,IPR000672,Tetrahydrofolate dehydrogenase/cyclohydrolase,10.462890625,2.3903658390045166,8.072525024414062,2.129971981048584,0.006009333301335573
2pkea,16,1868,0.9805720448493958,IPR001328,Peptidyl-tRNA hydrolase,10.801025390625,2.3898239135742188,8.411201477050781,2.1761858463287354,0.003578799543902278
2pkea,16,1868,0.9723196029663086,IPR001980,Phosphopantetheine adenylyltransferase,10.30946159362793,2.3890249729156494,7.920436859130859,2.109469175338745,0.0005008949665352702
2pkea,16,1868,0.9871713519096375,IPR002082,Aspartate carbamoyltransferase,11.333890914916992,2.390761137008667,8.943129539489746,2.2450952529907227,0.035427678376436234
2pkea,16,1868,0.9774702191352844,IPR004412,Glutamyl-tRNA(Gln) amidotransferase A subunit,10.599194526672363,2.3901469707489014,8.209047317504883,2.148777484893799,0.004796535242348909
2pkea,16,1868,0.9541015625,IPR005841,Alpha-D-phosphohexomutase superfamily,9.198681831359863,2.3923914432525635,6.806290626525879,1.9429675340652466,0.04109366983175278
2pkea,16,1868,0.9876819849014282,IPR006130,Aspartate/ornithine carbamoyltransferase,11.394607543945312,2.387970447540283,9.006637573242188,2.254488229751587,0.00042160923476330936
2pkea,16,1868,0.9521973133087158,IPR016055,"Alpha-D-phosphohexomutase, alpha/beta/alpha I/II/III",9.071918487548828,2.39125657081604,6.680662155151367,1.9236327409744263,0.003931066021323204
2pkea,16,1868,0.980299711227417,IPR016064,NAD kinase/diacylglycerol kinase-like domain superfamily,10.923444747924805,2.389627695083618,8.533817291259766,2.192564010620117,0.0036722735967487097
2pkea,16,1868,0.9560487866401672,IPR016185,Pre-ATP-grasp domain superfamily,9.813891410827637,2.3869423866271973,7.4269490242004395,2.0396554470062256,1.62647120305337e-05
2pkea,16,1868,0.980299711227417,IPR017438,"Inorganic polyphosphate/ATP-NAD kinase, N-terminal",10.923444747924805,2.389627695083618,8.533817291259766,2.192564010620117,0.0036722735967487097
2pkea,16,1868,0.9805720448493958,IPR036416,Peptidyl-tRNA hydrolase superfamily,10.801025390625,2.3898239135742188,8.411201477050781,2.1761858463287354,0.003578799543902278
2pkea,16,1868,0.9521973133087158,IPR036900,"Alpha-D-phosphohexomutase, C-terminal domain superfamily",9.071918487548828,2.39125657081604,6.680662155151367,1.9236327409744263,0.003931066021323204
2pkea,16,1868,0.9876819849014282,IPR036901,Aspartate/ornithine carbamoyltransferase superfamily,11.394607543945312,2.387970447540283,9.006637573242188,2.254488229751587,0.00042160923476330936
2pkea,16,1868,0.9773792028427124,IPR036928,Amidase signature (AS) superfamily,10.589568138122559,2.389341354370117,8.200226783752441,2.1479527950286865,0.0011922125704586506
2pkea,16,1896,0.9748557806015015,IPR017871,"ABC transporter-like, conserved site",4.208561897277832,0.9907205700874329,3.217841386795044,2.0867626667022705,3.4357486639078056e-34
2pkea,16,1896,0.9988673329353333,IPR019775,"WD40 repeat, conserved site",15.162651062011719,0.9733254313468933,14.189325332641602,3.9614410400390625,3.1900753739988463e-12
2pkea,16,1896,0.9743858575820923,IPR020904,"Short-chain dehydrogenase/reductase, conserved site",3.948873996734619,1.0066348314285278,2.942239284515381,1.9718865156173706,0.00041355210123583674
2pkea,16,1896,0.9738268852233887,IPR003439,"ABC transporter-like, ATP-binding domain",4.196260452270508,0.990155816078186,3.2061047554016113,2.083362102508545,3.001716660320869e-35
2pkea,16,1896,0.9513119459152222,IPR003593,AAA+ ATPase domain,3.514183282852173,0.9670620560646057,2.547121286392212,1.8614940643310547,0.0
2pkea,16,1896,0.9575598835945129,IPR003959,"ATPase, AAA-type, core",3.4205610752105713,1.000990390777588,2.4195706844329834,1.7727904319763184,3.852104373934613e-19
2pkea,16,1896,0.9702494144439697,IPR006131,"Aspartate/ornithine carbamoyltransferase, Asp/Orn-binding domain",3.647135019302368,1.0071487426757812,2.639986276626587,1.8564724922180176,0.0006369795883074403
2pkea,16,1896,0.9702494144439697,IPR006132,"Aspartate/ornithine carbamoyltransferase, carbamoyl-P binding",3.647135019302368,1.0071487426757812,2.639986276626587,1.8564724922180176,0.0006369795883074403
2pkea,16,1896,0.9561192393302917,IPR019489,"Clp ATPase, C-terminal",3.318063735961914,1.0072460174560547,2.3108177185058594,1.7199110984802246,0.00018191759590990841
2pkea,16,1896,0.9716889262199402,IPR020040,"Large ribosomal subunit protein uL6, alpha-beta domain",3.7525112628936768,1.0077940225601196,2.7447171211242676,1.8966412544250488,0.042172785848379135
2pkea,16,1896,0.9729316830635071,IPR020630,"Tetrahydrofolate dehydrogenase/cyclohydrolase, catalytic domain",3.9549968242645264,1.0069196224212646,2.9480772018432617,1.9737136363983154,0.0020588994957506657
2pkea,16,1896,0.9729316830635071,IPR020631,"Tetrahydrofolate dehydrogenase/cyclohydrolase, NAD(P)-binding domain",3.9549968242645264,1.0069196224212646,2.9480772018432617,1.9737136363983154,0.0020588994957506657
2pkea,16,1896,0.9729316830635071,IPR000672,Tetrahydrofolate dehydrogenase/cyclohydrolase,3.9549968242645264,1.0069196224212646,2.9480772018432617,1.9737136363983154,0.0020588994957506657
2pkea,16,1896,0.9716889262199402,IPR000702,Large ribosomal subunit protein uL6-like,3.7525112628936768,1.0077940225601196,2.7447171211242676,1.8966412544250488,0.042172785848379135
2pkea,16,1896,0.9710881114006042,IPR002082,Aspartate carbamoyltransferase,3.6783621311187744,1.007897973060608,2.670464038848877,1.8676995038986206,0.04441472142934799
2pkea,16,1896,0.9682134985923767,IPR002347,Short-chain dehydrogenase/reductase SDR,3.7638096809387207,1.0044622421264648,2.759347438812256,1.9057559967041016,2.278382371656562e-09
2pkea,16,1896,0.9702494144439697,IPR006130,Aspartate/ornithine carbamoyltransferase,3.647135019302368,1.0071487426757812,2.639986276626587,1.8564724922180176,0.0006369795883074403
2pkea,16,1896,0.9719770550727844,IPR008995,"Molybdate/tungstate binding, C-terminal",3.7149250507354736,1.0073044300079346,2.707620620727539,1.8828189373016357,0.002261761110275984
2pkea,16,1896,0.9993700981140137,IPR015943,WD40/YVTN repeat-like-containing domain superfamily,13.780763626098633,0.9384353160858154,12.842328071594238,3.87623929977417,5.376318104737587e-33
2pkea,16,1896,0.9987088441848755,IPR036322,WD40-repeat-containing domain superfamily,13.937888145446777,0.9571173787117004,12.9807710647583,3.864157199859619,1.397587000456616e-22
2pkea,16,1896,0.9716889262199402,IPR036789,"Large ribosomal subunit protein uL6-like, alpha-beta domain superfamily",3.7525112628936768,1.0077940225601196,2.7447171211242676,1.8966412544250488,0.042172785848379135
2pkea,16,1896,0.9702494144439697,IPR036901,Aspartate/ornithine carbamoyltransferase superfamily,3.647135019302368,1.0071487426757812,2.639986276626587,1.8564724922180176,0.0006369795883074403
2pkea,16,1896,0.9990073442459106,IPR001680,WD40 repeat,14.26577091217041,0.9543976783752441,13.311372756958008,3.901808261871338,2.6347876926013083e-23
2pkea,16,1896,0.9988656640052795,IPR020472,"PAC1/LIS1-like, WD-40 repeat",15.50244426727295,0.9796865582466125,14.522757530212402,3.9840168952941895,9.58854329269343e-09
2pkea,16,1994,0.9953685402870178,IPR018215,"ClpP, Ser active site",11.218889236450195,1.9984296560287476,9.220459938049316,2.4889838695526123,0.016992617398500443
2pkea,16,1994,0.9947032928466797,IPR033135,"ClpP, histidine active site",10.996373176574707,1.998741626739502,8.997631072998047,2.4598567485809326,0.01798912137746811
2pkea,16,1994,0.9880755543708801,IPR017871,"ABC transporter-like, conserved site",9.537590026855469,1.9620975255966187,7.5754923820495605,2.2812206745147705,3.2207608490469866e-34
2pkea,16,1994,0.9832708239555359,IPR033690,"Adenylate kinase, conserved site",9.094932556152344,1.9978537559509277,7.097078800201416,2.1866047382354736,3.579784242901951e-05
2pkea,16,1994,0.9877424836158752,IPR003439,"ABC transporter-like, ATP-binding domain",9.511343955993652,1.9607492685317993,7.550594806671143,2.2782366275787354,2.1093144099552053e-35
2pkea,16,1994,0.9558733701705933,IPR004160,"Translation elongation factor EFTu/EF1A, C-terminal",6.090277194976807,2.0039830207824707,4.086294174194336,1.6036304235458374,0.002603282453492284
2pkea,16,1994,0.9845809936523438,IPR006073,GTP binding domain,8.719669342041016,1.9694874286651611,6.750182151794434,2.1464459896087646,8.417583978618284e-32
2pkea,16,1994,0.9610282778739929,IPR020588,"DNA recombination and repair protein RecA-like, ATP-binding domain",6.45233154296875,2.0042214393615723,4.448110103607178,1.6867713928222656,0.021146878600120544
2pkea,16,1994,0.9830620288848877,IPR031167,OBG-type guanine nucleotide-binding (G) domain,8.750813484191895,2.001889944076538,6.748923301696777,2.128047227859497,0.04819260537624359
2pkea,16,1994,0.9558733701705933,IPR033720,"Elongation factor Tu, domain 2",6.090277194976807,2.0039830207824707,4.086294174194336,1.6036304235458374,0.002603282453492284
2pkea,16,1994,0.9558733701705933,IPR041709,"Elongation factor Tu (EF-Tu), GTP-binding domain",6.090277194976807,2.0039830207824707,4.086294174194336,1.6036304235458374,0.002603282453492284
2pkea,16,1994,0.983113706111908,IPR000850,Adenylate kinase/UMP-CMP kinase,9.044824600219727,1.9972431659698486,7.047581672668457,2.1790754795074463,8.709460416866932e-06
2pkea,16,1994,0.9951328635215759,IPR001907,ATP-dependent Clp protease proteolytic subunit,11.106689453125,1.9967626333236694,9.1099271774292,2.475687026977539,0.0008451103349216282
2pkea,16,1994,0.9558733701705933,IPR004541,"Translation elongation factor EFTu/EF1A, bacterial/organelle",6.090277194976807,2.0039830207824707,4.086294174194336,1.6036304235458374,0.002603282453492284
2pkea,16,1994,0.9505276083946228,IPR006062,Histidine biosynthesis protein,5.929107666015625,1.9987610578536987,3.9303464889526367,1.5687017440795898,1.2585987807511856e-10
2pkea,16,1994,0.980104386806488,IPR006259,Adenylate kinase subfamily,8.475069046020508,2.000331163406372,6.474738121032715,2.0829789638519287,0.0008682922925800085
2pkea,16,1994,0.9574865698814392,IPR023016,HisA/PriA,6.165096282958984,2.0042648315429688,4.160831451416016,1.621043086051941,0.0080229751765728
2pkea,16,1994,0.9951328635215759,IPR023562,Clp protease proteolytic subunit /Translocation-enhancing protein TepA,11.106689453125,1.9967626333236694,9.1099271774292,2.475687026977539,0.0008451103349216282
2pkea,16,1994,0.9551637172698975,IPR044524,"Histidine biosynthesis, HisA-like",6.100857257843018,2.0039637088775635,4.096893310546875,1.6061484813690186,0.002796976361423731
2pkea,16,1994,0.9558733701705933,IPR050055,Elongation factor Tu GTPase,6.090277194976807,2.0039830207824707,4.086294174194336,1.6036304235458374,0.002603282453492284
2pkea,16,1994,0.9882155060768127,IPR008995,"Molybdate/tungstate binding, C-terminal",9.461568832397461,1.9993985891342163,7.462170124053955,2.242506265640259,0.001652986858971417
2pkea,16,1994,0.9545934200286865,IPR009001,"Translation elongation factor EF1A/initiation factor IF2gamma, C-terminal",6.04279899597168,2.002044439315796,4.040754318237305,1.5937358140945435,5.210545623413054e-06
2pkea,16,1994,0.9789010286331177,IPR029045,ClpP/crotonase-like domain superfamily,8.717691421508789,1.9850813150405884,6.73261022567749,2.1347408294677734,4.3047623895227334e-17
2pkea,16,2148,0.9977384209632874,IPR001345,"Phosphoglycerate/bisphosphoglycerate mutase, active site",9.19921875,0.626499354839325,8.57271957397461,3.876103401184082,0.04771988466382027
2pkea,16,2148,0.9600613713264465,IPR018130,"Small ribosomal subunit protein uS2, conserved site",2.982375383377075,0.6309914588928223,2.351383924484253,2.2407467365264893,1.511607621296207e-07
2pkea,16,2148,0.9886595010757446,IPR018181,"Heat shock protein 70, conserved site",5.214868545532227,0.6262933611869812,4.58857536315918,3.057697296142578,2.306119739614587e-09
2pkea,16,2148,0.973912239074707,IPR018483,"Carbohydrate kinase, FGGY, conserved site",3.6199820041656494,0.6320450305938721,2.9879369735717773,2.5178604125976562,0.011327505111694336
2pkea,16,2148,0.9789884686470032,IPR023865,"Aliphatic acid kinase, short-chain, conserved site",4.068103790283203,0.6311176419258118,3.436986207962036,2.6883528232574463,0.0013051286805421114
2pkea,16,2148,0.977827787399292,IPR000836,Phosphoribosyltransferase domain,3.9225656986236572,0.6184173822402954,3.3041481971740723,2.665121555328369,1.0498706801431306e-31
2pkea,16,2148,0.9954383373260498,IPR001048,Aspartate/glutamate/uridylate kinase,6.642345905303955,0.6148330569267273,6.027513027191162,3.4334027767181396,1.1053996611903274e-20
2pkea,16,2148,0.9751567244529724,IPR004821,Cytidyltransferase-like domain,3.9388427734375,0.6236632466316223,3.3151795864105225,2.658909559249878,6.31178938562366e-20
2pkea,16,2148,0.9525406956672668,IPR005122,Uracil-DNA glycosylase-like,2.646437883377075,0.6331107020378113,2.013327121734619,2.0634992122650146,0.016761956736445427
2pkea,16,2148,0.9682202339172363,IPR006641,YqgF/RNase H-like domain,3.354717493057251,0.6323902606964111,2.72232723236084,2.4072813987731934,0.018988098949193954
2pkea,16,2148,0.972118079662323,IPR018484,"Carbohydrate kinase FGGY, N-terminal",3.5248970985412598,0.6304299235343933,2.8944671154022217,2.4831502437591553,7.020212819952576e-07
2pkea,16,2148,0.9730135202407837,IPR018485,"Carbohydrate kinase FGGY, C-terminal",3.5660500526428223,0.6300573945045471,2.93599271774292,2.500748872756958,1.2081660827334417e-07
2pkea,16,2148,0.9657419323921204,IPR023753,FAD/NAD(P)-binding domain,3.2283899784088135,0.6320348978042603,2.5963549613952637,2.3527159690856934,0.0009611201239749789
2pkea,16,2148,0.9742079973220825,IPR000577,"Carbohydrate kinase, FGGY",3.6341664791107178,0.6314252614974976,3.0027413368225098,2.5249178409576416,0.0003979214234277606
2pkea,16,2148,0.9802011847496033,IPR000890,"Aliphatic acid kinase, short-chain",4.140950679779053,0.6313669085502625,3.5095837116241455,2.713388681411743,0.006356848869472742
2pkea,16,2148,0.9951797723770142,IPR001057,Glutamate/acetylglutamate kinase,6.922770023345947,0.6258543133735657,6.296915531158447,3.4674274921417236,6.901170763740083e-06
2pkea,16,2148,0.9798198938369751,IPR001576,Phosphoglycerate kinase,4.036858558654785,0.6315023899078369,3.4053561687469482,2.6763501167297363,0.006584796588867903
2pkea,16,2148,0.9603012800216675,IPR001865,Small ribosomal subunit protein uS2,2.992143154144287,0.6307342648506165,2.3614089488983154,2.2460520267486572,3.092184286401789e-08
2pkea,16,2148,0.9740727543830872,IPR001980,Phosphopantetheine adenylyltransferase,3.619032144546509,0.6305501461029053,2.9884819984436035,2.5208981037139893,2.823881459335098e-06
2pkea,16,2148,0.9682202339172363,IPR005227,Putative pre-16S rRNA nuclease,3.354717493057251,0.6323902606964111,2.72232723236084,2.4072813987731934,0.018988098949193954
2pkea,16,2148,0.9651755094528198,IPR005706,"Small ribosomal subunit protein uS2, bacteria/mitochondria/plastid",3.22637939453125,0.6317779421806335,2.5946013927459717,2.3524038791656494,0.00020660813606809825
2pkea,16,2148,0.9841393232345581,IPR005764,Adenine phosphoribosyl transferase,4.683268070220947,0.6310666799545288,4.052201271057129,2.8916282653808594,0.024984508752822876
2pkea,16,2148,0.9664637446403503,IPR005765,Uracil phosphoribosyl transferase,3.2794594764709473,0.6322233080863953,2.6472361087799072,2.374929189682007,0.004448410589247942
2pkea,16,2148,0.9975199699401855,IPR005952,Phosphoglycerate mutase 1,9.083096504211426,0.6266272664070129,8.456469535827637,3.8574817180633545,0.04857422411441803
2pkea,16,2148,0.9940460920333862,IPR011817,Uridylate kinase,6.456881046295166,0.6283522844314575,5.828528881072998,3.36116886138916,0.0017367568798363209
2pkea,16,2148,0.9885119795799255,IPR012725,Chaperone DnaK,5.242037296295166,0.6299335956573486,4.612103462219238,3.056833028793335,0.0029297275468707085
2pkea,16,2148,0.9977162480354309,IPR013078,"Histidine phosphatase superfamily, clade-1",9.144831657409668,0.6248534321784973,8.519978523254395,3.8713436126708984,0.0012240021023899317
2pkea,16,2148,0.9883493781089783,IPR013126,Heat shock protein 70 family,5.16380500793457,0.625946044921875,4.537858963012695,3.0443012714385986,4.219773419578132e-10
2pkea,16,2148,0.9664637446403503,IPR034332,"Uracil phosphoribosyltransferase, bacterial-type",3.2794594764709473,0.6322233080863953,2.6472361087799072,2.374929189682007,0.004448410589247942
2pkea,16,2148,0.9752375483512878,IPR050054,Uracil phosphoribosyltransferase/Adenine phosphoribosyltransferase,3.927371025085449,0.6273493766784668,3.3000216484069824,2.646199941635132,4.394963559750664e-12
2pkea,16,2148,0.9798198938369751,IPR015824,"Phosphoglycerate kinase, N-terminal",4.036858558654785,0.6315023899078369,3.4053561687469482,2.6763501167297363,0.006584796588867903
2pkea,16,2148,0.9538393616676331,IPR016185,Pre-ATP-grasp domain superfamily,2.6743311882019043,0.6314350366592407,2.042896270751953,2.082449197769165,8.03003814553449e-08
2pkea,16,2148,0.9995572566986084,IPR023214,HAD superfamily,14.47584056854248,0.6026336550712585,13.873207092285156,4.586197853088379,1.847213788180868e-12
2pkea,16,2148,0.9603012800216675,IPR023591,"Small ribosomal subunit protein uS2, flavodoxin-like domain superfamily",2.992143154144287,0.6307342648506165,2.3614089488983154,2.2460520267486572,3.092184286401789e-08
2pkea,16,2148,0.9975329637527466,IPR029033,Histidine phosphatase superfamily,8.847460746765137,0.6235935688018799,8.223867416381836,3.8265624046325684,3.2380277843913063e-05
2pkea,16,2148,0.9546758532524109,IPR029035,DHS-like NAD/FAD-binding domain superfamily,3.723871946334839,0.6316001415252686,3.0922718048095703,2.559697151184082,0.013710740953683853
2pkea,16,2148,0.9886595010757446,IPR029047,"Heat shock protein 70kD, peptide-binding domain superfamily",5.214868545532227,0.6262933611869812,4.58857536315918,3.057697296142578,2.306119739614587e-09
2pkea,16,2148,0.9887951016426086,IPR029048,"Heat shock protein 70kD, C-terminal domain superfamily",5.237643241882324,0.6267074942588806,4.610935688018799,3.06303071975708,1.2997714016194095e-08
2pkea,16,2148,0.977827787399292,IPR029057,Phosphoribosyltransferase-like,3.9225656986236572,0.6184173822402954,3.3041481971740723,2.665121555328369,1.0498706801431306e-31
2pkea,16,2148,0.9798198938369751,IPR036043,Phosphoglycerate kinase superfamily,4.036858558654785,0.6315023899078369,3.4053561687469482,2.6763501167297363,0.006584796588867903
2pkea,16,2148,0.9954383373260498,IPR036393,Acetylglutamate kinase-like superfamily,6.642345905303955,0.6148330569267273,6.027513027191162,3.4334027767181396,1.1053996611903274e-20
2pkea,16,2148,0.9997995495796204,IPR036412,HAD-like superfamily,14.83940601348877,0.6031860709190369,14.236220359802246,4.620662689208984,1.0971846695073673e-11
2pkea,16,2148,0.9525406956672668,IPR036895,Uracil-DNA glycosylase-like domain superfamily,2.646437883377075,0.6331107020378113,2.013327121734619,2.0634992122650146,0.016761956736445427
2pkea,16,2148,0.9682202339172363,IPR037027,YqgF/RNase H-like domain superfamily,3.354717493057251,0.6323902606964111,2.72232723236084,2.4072813987731934,0.018988098949193954
2pkea,16,2340,0.9811447262763977,IPR017907,"Zinc finger, RING-type, conserved site",5.6834611892700195,0.5617973804473877,5.121664047241211,3.3386223316192627,0.00036315698525868356
2pkea,16,2340,0.9826659560203552,IPR018264,"Large ribosomal subunit protein bL33, conserved site",5.33323335647583,0.5622532963752747,4.770979881286621,3.245692729949951,0.0003099791065324098
2pkea,16,2340,0.9612663984298706,IPR001305,"Heat shock protein DnaJ, cysteine-rich domain",3.1809895038604736,0.5637444853782654,2.6172449588775635,2.4963366985321045,4.1098539327322214e-07
2pkea,16,2340,0.9789243936538696,IPR001841,"Zinc finger, RING-type",5.825164318084717,0.5558090209960938,5.269355297088623,3.3896117210388184,4.2152227346624327e-13
2pkea,16,2340,0.990859866142273,IPR005144,ATP-cone domain,6.483072757720947,0.5613494515419006,5.921723365783691,3.5296809673309326,0.0009673883323557675
2pkea,16,2340,0.9624341130256653,IPR007862,"Adenylate kinase, active site lid domain",3.3358561992645264,0.5651307106018066,2.7707254886627197,2.5613749027252197,0.014493491500616074
2pkea,16,2340,0.9969056248664856,IPR013087,Zinc finger C2H2-type,18.724855422973633,0.5174748301506042,18.207380294799805,5.1772942543029785,4.0440219082742794e-18
2pkea,16,2340,0.990859866142273,IPR055173,"Transcriptional repressor NrdR-like, N-terminal domain",6.483072757720947,0.5613494515419006,5.921723365783691,3.5296809673309326,0.0009673883323557675
2pkea,16,2340,0.9723279476165771,IPR000473,Large ribosomal subunit protein bL36,4.1513671875,0.5619946718215942,3.5893726348876953,2.884932518005371,8.83941240203967e-08
2pkea,16,2340,0.9927427172660828,IPR001383,"Large ribosomal subunit protein bL28, bacterial-type",6.941796779632568,0.5620757937431335,6.379721164703369,3.6264469623565674,0.04570184275507927
2pkea,16,2340,0.9561892151832581,IPR001648,Small ribosomal subunit protein bS18,2.957481861114502,0.5653457641601562,2.3921360969543457,2.3871383666992188,0.0045531983487308025
2pkea,16,2340,0.9807911515235901,IPR001705,Large ribosomal subunit protein bL33,5.1353759765625,0.561136782169342,4.574239253997803,3.1940197944641113,1.2096414820916834e-06
2pkea,16,2340,0.990859866142273,IPR003796,Ribonucleotide reductase regulator NrdR-like,6.483072757720947,0.5613494515419006,5.921723365783691,3.5296809673309326,0.0009673883323557675
2pkea,16,2340,0.9612663984298706,IPR012724,Chaperone DnaJ,3.1809895038604736,0.5637444853782654,2.6172449588775635,2.4963366985321045,4.1098539327322214e-07
2pkea,16,2340,0.9927427172660828,IPR026569,Large ribosomal subunit protein bL28,6.941796779632568,0.5620757937431335,6.379721164703369,3.6264469623565674,0.04570184275507927
2pkea,16,2340,0.9806576371192932,IPR044957,"Large ribosomal subunit protein bL32, bacterial type",5.0703125,0.5616925954818726,4.508619785308838,3.174196243286133,8.309984877996612e-06
2pkea,16,2340,0.9638795852661133,IPR011332,Zinc-binding ribosomal protein,5.161394119262695,0.5486205816268921,4.612773418426514,3.233853816986084,2.1329219614621762e-26
2pkea,16,2340,0.9803222417831421,IPR013083,"Zinc finger, RING/FYVE/PHD-type",5.843597888946533,0.5493963956832886,5.294201374053955,3.4109113216400146,4.715594974611902e-23
2pkea,16,2340,0.9797545075416565,IPR013088,"Zinc finger, NHR/GATA-type",5.138003349304199,0.5592980980873108,4.578705310821533,3.1994926929473877,6.961967113916501e-10
2pkea,16,2340,0.9723279476165771,IPR035977,Large ribosomal subunit protein bL36 superfamily,4.1513671875,0.5619946718215942,3.5893726348876953,2.884932518005371,8.83941240203967e-08
2pkea,16,2340,0.9997917413711548,IPR036236,Zinc finger C2H2 superfamily,20.16510772705078,0.517371416091919,19.647735595703125,5.284489154815674,1.247424892025816e-16
2pkea,16,2340,0.9612663984298706,IPR036410,"Heat shock protein DnaJ, cysteine-rich domain superfamily",3.1809895038604736,0.5637444853782654,2.6172449588775635,2.4963366985321045,4.1098539327322214e-07
2pkea,16,2340,0.9561892151832581,IPR036870,Small ribosomal subunit protein bS18 superfamily,2.957481861114502,0.5653457641601562,2.3921360969543457,2.3871383666992188,0.0045531983487308025
2pkea,16,2340,0.9927427172660828,IPR037147,Large ribosomal subunit protein bL28 superfamily,6.941796779632568,0.5620757937431335,6.379721164703369,3.6264469623565674,0.04570184275507927
2pkea,16,2340,0.9807911515235901,IPR038584,Large ribosomal subunit protein bL33 superfamily,5.1353759765625,0.561136782169342,4.574239253997803,3.1940197944641113,1.2096414820916834e-06
2pkea,16,2471,0.9962404370307922,IPR000836,Phosphoribosyltransferase domain,15.340802192687988,4.18121337890625,11.159588813781738,1.8753769397735596,1.1630293229621001e-27
2pkea,16,2471,0.9623679518699646,IPR001763,Rhodanese-like domain,12.742701530456543,4.224174499511719,8.518527030944824,1.5929263830184937,0.0004211696214042604
2pkea,16,2471,0.9907995462417603,IPR001926,"Tryptophan synthase beta chain-like, PALP domain",13.950439453125,4.225772857666016,9.724666595458984,1.7230199575424194,0.0065194396302104
2pkea,16,2471,0.991176187992096,IPR006131,"Aspartate/ornithine carbamoyltransferase, Asp/Orn-binding domain",13.844056129455566,4.224005222320557,9.620050430297852,1.7125798463821411,0.0003292529727332294
2pkea,16,2471,0.991176187992096,IPR006132,"Aspartate/ornithine carbamoyltransferase, carbamoyl-P binding",13.844056129455566,4.224005222320557,9.620050430297852,1.7125798463821411,0.0003292529727332294
2pkea,16,2471,0.981116771697998,IPR006151,Quinate/shikimate 5-dehydrogenase/glutamyl-tRNA reductase,13.47485637664795,4.222780704498291,9.2520751953125,1.6740013360977173,5.394181062001735e-05
2pkea,16,2471,0.9677655100822449,IPR015590,Aldehyde dehydrogenase domain,12.850683212280273,4.223104476928711,8.627578735351562,1.6054658889770508,6.183141522342339e-05
2pkea,16,2471,0.9841966032981873,IPR020630,"Tetrahydrofolate dehydrogenase/cyclohydrolase, catalytic domain",13.446044921875,4.225606441497803,9.220438003540039,1.6699482202529907,0.0028050425462424755
2pkea,16,2471,0.9841966032981873,IPR020631,"Tetrahydrofolate dehydrogenase/cyclohydrolase, NAD(P)-binding domain",13.446044921875,4.225606441497803,9.220438003540039,1.6699482202529907,0.0028050425462424755
2pkea,16,2471,0.9725354909896851,IPR023753,FAD/NAD(P)-binding domain,13.01487922668457,4.227177619934082,8.787701606750488,1.6223918199539185,0.0329635851085186
2pkea,16,2471,0.9841966032981873,IPR000672,Tetrahydrofolate dehydrogenase/cyclohydrolase,13.446044921875,4.225606441497803,9.220438003540039,1.6699482202529907,0.0028050425462424755
2pkea,16,2471,0.9737768173217773,IPR001907,ATP-dependent Clp protease proteolytic subunit,12.98974609375,4.226337432861328,8.763408660888672,1.6198899745941162,0.007470392622053623
2pkea,16,2471,0.9905474781990051,IPR002082,Aspartate carbamoyltransferase,13.796504020690918,4.226962089538574,9.569541931152344,1.7066062688827515,0.029168259352445602
2pkea,16,2471,0.9993777275085449,IPR005765,Uracil phosphoribosyl transferase,16.53878402709961,4.223117351531982,12.315666198730469,1.9694695472717285,0.013753529638051987
2pkea,16,2471,0.991176187992096,IPR006130,Aspartate/ornithine carbamoyltransferase,13.844056129455566,4.224005222320557,9.620050430297852,1.7125798463821411,0.0003292529727332294
2pkea,16,2471,0.9737768173217773,IPR023562,Clp protease proteolytic subunit /Translocation-enhancing protein TepA,12.98974609375,4.226337432861328,8.763408660888672,1.6198899745941162,0.007470392622053623
2pkea,16,2471,0.9993777275085449,IPR034332,"Uracil phosphoribosyltransferase, bacterial-type",16.53878402709961,4.223117351531982,12.315666198730469,1.9694695472717285,0.013753529638051987
2pkea,16,2471,0.9992133378982544,IPR050054,Uracil phosphoribosyltransferase/Adenine phosphoribosyltransferase,15.978215217590332,4.209761619567871,11.768453598022461,1.9242924451828003,1.727646498084212e-10
2pkea,16,2471,0.9660497903823853,IPR016161,Aldehyde/histidinol dehydrogenase,12.780192375183105,4.219814777374268,8.56037712097168,1.5986545085906982,3.797450176534767e-07
2pkea,16,2471,0.9677655100822449,IPR016162,"Aldehyde dehydrogenase, N-terminal",12.850683212280273,4.223104476928711,8.627578735351562,1.6054658889770508,6.183141522342339e-05
2pkea,16,2471,0.9677655100822449,IPR016163,"Aldehyde dehydrogenase, C-terminal",12.850683212280273,4.223104476928711,8.627578735351562,1.6054658889770508,6.183141522342339e-05
2pkea,16,2471,0.9962404370307922,IPR029057,Phosphoribosyltransferase-like,15.340802192687988,4.18121337890625,11.159588813781738,1.8753769397735596,1.1630293229621001e-27
2pkea,16,2471,0.9907995462417603,IPR036052,"Tryptophan synthase beta chain-like, PALP domain superfamily",13.950439453125,4.225772857666016,9.724666595458984,1.7230199575424194,0.0065194396302104
2pkea,16,2471,0.9623679518699646,IPR036873,Rhodanese-like domain superfamily,12.742701530456543,4.224174499511719,8.518527030944824,1.5929263830184937,0.0004211696214042604
2pkea,16,2471,0.991176187992096,IPR036901,Aspartate/ornithine carbamoyltransferase superfamily,13.844056129455566,4.224005222320557,9.620050430297852,1.7125798463821411,0.0003292529727332294
2pkea,16,2471,0.9860330820083618,IPR046346,"Aminoacid dehydrogenase-like, N-terminal domain superfamily",13.653107643127441,4.2120361328125,9.441071510314941,1.6966361999511719,4.409697433593873e-12
2pkea,16,2471,0.9702264070510864,IPR046348,SIS domain superfamily,13.008753776550293,4.217502117156982,8.791252136230469,1.62501859664917,1.4639033985019978e-08
2pkea,16,2646,0.9730536341667175,IPR022631,"S-adenosylmethionine synthetase, conserved site",20.342708587646484,17.514705657958984,2.8280029296875,0.21594426035881042,3.568096144590527e-05
2pkea,16,2646,0.9730536341667175,IPR022628,"S-adenosylmethionine synthetase, N-terminal",20.342708587646484,17.514705657958984,2.8280029296875,0.21594426035881042,3.568096144590527e-05
2pkea,16,2646,0.9730536341667175,IPR022629,"S-adenosylmethionine synthetase, central domain",20.342708587646484,17.514705657958984,2.8280029296875,0.21594426035881042,3.568096144590527e-05
2pkea,16,2646,0.9730536341667175,IPR022630,"S-adenosylmethionine synthetase, C-terminal",20.342708587646484,17.514705657958984,2.8280029296875,0.21594426035881042,3.568096144590527e-05
2pkea,16,2646,0.9730536341667175,IPR002133,S-adenosylmethionine synthetase,20.342708587646484,17.514705657958984,2.8280029296875,0.21594426035881042,3.568096144590527e-05
2pkea,16,2646,0.9730536341667175,IPR022636,S-adenosylmethionine synthetase superfamily,20.342708587646484,17.514705657958984,2.8280029296875,0.21594426035881042,3.568096144590527e-05
2pkea,16,2677,0.9847692847251892,IPR020003,"ATPase, alpha/beta subunit, nucleotide-binding domain, active site",6.275327205657959,0.6829638481140137,5.592363357543945,3.1997883319854736,2.9421056553978872e-24
2pkea,16,2677,0.9563332796096802,IPR019798,"Serine hydroxymethyltransferase, pyridoxal phosphate binding site",3.3734588623046875,0.7016175389289856,2.6718413829803467,2.265451192855835,0.00042745351674966514
2pkea,16,2677,0.9802975654602051,IPR000629,"ATP-dependent RNA helicase DEAD-box, conserved site",5.915759086608887,0.6902158856391907,5.225543022155762,3.0994226932525635,1.295589091230827e-15
2pkea,16,2677,0.9963484406471252,IPR003960,"ATPase, AAA-type, conserved site",13.478907585144043,0.6879852414131165,12.790922164916992,4.292160987854004,0.00017750757979229093
2pkea,16,2677,0.9694452285766602,IPR017871,"ABC transporter-like, conserved site",4.628734111785889,0.6802271604537964,3.9485068321228027,2.766507863998413,0.0
2pkea,16,2677,0.9735201001167297,IPR020937,SecA conserved site,5.186627388000488,0.699610710144043,4.487016677856445,2.8901517391204834,0.0017918688245117664
2pkea,16,2677,0.964177131652832,IPR049704,Aminotransferases class-III pyridoxal-phosphate attachment site,4.252150535583496,0.6984297037124634,3.5537209510803223,2.605985164642334,6.114726147643523e-08
2pkea,16,2677,0.9847692847251892,IPR000194,"ATPase, F1/V1/A1 complex, alpha/beta subunit, nucleotide-binding domain",6.275327205657959,0.6829638481140137,5.592363357543945,3.1997883319854736,2.9421056553978872e-24
2pkea,16,2677,0.9681044220924377,IPR000432,"DNA mismatch repair protein MutS, C-terminal",4.665615558624268,0.6975595355033875,3.9680559635162354,2.7416584491729736,3.457836683651294e-08
2pkea,16,2677,0.9819295406341553,IPR000793,"ATP synthase, alpha subunit, C-terminal",5.964166641235352,0.6932423114776611,5.2709245681762695,3.104868173599243,2.6118321047596815e-11
2pkea,16,2677,0.9708189368247986,IPR000836,Phosphoribosyltransferase domain,4.797767162322998,0.6840900182723999,4.113677024841309,2.8100838661193848,5.986729252042966e-31
2pkea,16,2677,0.9807897210121155,IPR001650,"Helicase, C-terminal domain-like",5.821461200714111,0.6750138401985168,5.14644718170166,3.1083710193634033,0.0
2pkea,16,2677,0.9693852066993713,IPR003439,"ABC transporter-like, ATP-binding domain",4.6182427406311035,0.6795029640197754,3.938739776611328,2.764770984649658,0.0
2pkea,16,2677,0.9762282967567444,IPR003593,AAA+ ATPase domain,8.444217681884766,0.5680597424507141,7.876157760620117,3.8938238620758057,0.0
2pkea,16,2677,0.997388482093811,IPR003959,"ATPase, AAA-type, core",13.715481758117676,0.6483973264694214,13.067084312438965,4.402760982513428,3.1099182481173787e-28
2pkea,16,2677,0.9845155477523804,IPR004100,"ATPase, F1/V1/A1 complex, alpha/beta subunit, N-terminal domain",6.228695869445801,0.6837125420570374,5.544983386993408,3.1874473094940186,1.764555311690206e-23
2pkea,16,2677,0.976749837398529,IPR004839,"Aminotransferase, class I/classII, large domain",5.591712951660156,0.6970821619033813,4.8946309089660645,3.003868818283081,1.5108887509995839e-06
2pkea,16,2677,0.9660156965255737,IPR007695,"DNA mismatch repair protein MutS-like, N-terminal",4.505876541137695,0.7001838684082031,3.805692672729492,2.685981512069702,0.0007420069887302816
2pkea,16,2677,0.9681044220924377,IPR007696,"DNA mismatch repair protein MutS, core",4.665615558624268,0.6975595355033875,3.9680559635162354,2.7416584491729736,3.457836683651294e-08
2pkea,16,2677,0.9657389521598816,IPR007860,"DNA mismatch repair protein MutS, connector domain",4.466772079467773,0.699865460395813,3.76690673828125,2.674062490463257,0.0001519666111562401
2pkea,16,2677,0.9657389521598816,IPR007861,"DNA mismatch repair protein MutS, clamp",4.466772079467773,0.699865460395813,3.76690673828125,2.674062490463257,0.0001519666111562401
2pkea,16,2677,0.9977509379386902,IPR008823,"RuvB, winged helix, C-terminal domain",14.859174728393555,0.6874693036079407,14.17170524597168,4.43389368057251,0.0009712689206935465
2pkea,16,2677,0.9977509379386902,IPR008824,"RuvB-like, AAA+ ATPase domain",14.859174728393555,0.6874693036079407,14.17170524597168,4.43389368057251,0.0009712689206935465
2pkea,16,2677,0.9741560816764832,IPR011115,"SecA DEAD-like, N-terminal",5.235798358917236,0.6981785297393799,4.537619590759277,2.9067208766937256,1.1142220500914846e-05
2pkea,16,2677,0.9741560816764832,IPR011116,SecA Wing/Scaffold,5.235798358917236,0.6981785297393799,4.537619590759277,2.9067208766937256,1.1142220500914846e-05
2pkea,16,2677,0.9741560816764832,IPR011130,"SecA, preprotein cross-linking domain",5.235798358917236,0.6981785297393799,4.537619590759277,2.9067208766937256,1.1142220500914846e-05
2pkea,16,2677,0.9802995920181274,IPR011545,DEAD/DEAH-box helicase domain,5.878726959228516,0.6877239942550659,5.19100284576416,3.0955810546875,2.7228115522830773e-19
2pkea,16,2677,0.9806602597236633,IPR014001,"Helicase superfamily 1/2, ATP-binding domain",5.782045841217041,0.6721673607826233,5.1098785400390625,3.104665994644165,0.0
2pkea,16,2677,0.9805516600608826,IPR014014,"RNA helicase, DEAD-box type, Q motif",5.948104381561279,0.6901184916496277,5.257986068725586,3.1074931621551514,1.2274893363374757e-15
2pkea,16,2677,0.9741560816764832,IPR014018,SecA motor DEAD,5.235798358917236,0.6981785297393799,4.537619590759277,2.9067208766937256,1.1142220500914846e-05
2pkea,16,2677,0.9978037476539612,IPR019489,"Clp ATPase, C-terminal",14.70361328125,0.679246187210083,14.024367332458496,4.436070919036865,1.5558510924051916e-08
2pkea,16,2677,0.987632691860199,IPR020587,"DNA recombination and repair protein RecA, monomer-monomer interface",6.828125,0.6973093152046204,6.130815505981445,3.291598081588745,0.00043445162009447813
2pkea,16,2677,0.9880621433258057,IPR020588,"DNA recombination and repair protein RecA-like, ATP-binding domain",6.87744140625,0.6960022449493408,6.181439399719238,3.304687261581421,1.2034002793370746e-05
2pkea,16,2677,0.9819295406341553,IPR033732,"ATP synthase, F1 complex, alpha subunit nucleotide-binding domain",5.964166641235352,0.6932423114776611,5.2709245681762695,3.104868173599243,2.6118321047596815e-11
2pkea,16,2677,0.9563332796096802,IPR039429,Serine hydroxymethyltransferase-like domain,3.3734588623046875,0.7016175389289856,2.6718413829803467,2.265451192855835,0.00042745351674966514
2pkea,16,2677,0.9977509379386902,IPR041445,"RuvB, AAA lid domain",14.859174728393555,0.6874693036079407,14.17170524597168,4.43389368057251,0.0009712689206935465
2pkea,16,2677,0.9964005947113037,IPR041569,"AAA ATPase, AAA+ lid domain",13.549269676208496,0.6917492151260376,12.85752010345459,4.291801452636719,0.04387488216161728
2pkea,16,2677,0.9741560816764832,IPR044722,"SecA, C-terminal helicase domain",5.235798358917236,0.6981785297393799,4.537619590759277,2.9067208766937256,1.1142220500914846e-05
2pkea,16,2677,0.9891203045845032,IPR049261,"RecA-like, C-terminal",7.033907413482666,0.6982897520065308,6.335617542266846,3.3324079513549805,0.013241063803434372
2pkea,16,2677,0.9891203045845032,IPR049428,"RecA-like, N-terminal",7.033907413482666,0.6982897520065308,6.335617542266846,3.3324079513549805,0.013241063803434372
2pkea,16,2677,0.9864445924758911,IPR055190,"ATP synthase A/B type, C-terminal domain",6.714613914489746,0.6956602931022644,6.018953800201416,3.2708287239074707,2.5066497073567007e-06
2pkea,16,2677,0.9741560816764832,IPR000185,Protein translocase subunit SecA,5.235798358917236,0.6981785297393799,4.537619590759277,2.9067208766937256,1.1142220500914846e-05
2pkea,16,2677,0.9563332796096802,IPR001085,Serine hydroxymethyltransferase,3.3734588623046875,0.7016175389289856,2.6718413829803467,2.265451192855835,0.00042745351674966514
2pkea,16,2677,0.9977509379386902,IPR004605,Holliday junction branch migration complex subunit RuvB,14.859174728393555,0.6874693036079407,14.17170524597168,4.43389368057251,0.0009712689206935465
2pkea,16,2677,0.9660024046897888,IPR004639,"Tetrapyrrole biosynthesis, glutamate-1-semialdehyde aminotransferase",4.5145087242126465,0.7005529999732971,3.813955783843994,2.6879823207855225,0.0037498557940125465
2pkea,16,2677,0.9819295406341553,IPR005294,"ATP synthase, F1 complex, alpha subunit",5.964166641235352,0.6932423114776611,5.2709245681762695,3.104868173599243,2.6118321047596815e-11
2pkea,16,2677,0.9881808161735535,IPR005722,"ATP synthase, F1 complex, beta subunit",6.981738090515137,0.6977233290672302,6.284014701843262,3.322838544845581,0.002426805440336466
2pkea,16,2677,0.9660156965255737,IPR005748,DNA mismatch repair protein MutS,4.505876541137695,0.7001838684082031,3.805692672729492,2.685981512069702,0.0007420069887302816
2pkea,16,2677,0.9709808230400085,IPR005765,Uracil phosphoribosyl transferase,4.992885112762451,0.6998823285102844,4.293002605438232,2.8346686363220215,0.0023024175316095352
2pkea,16,2677,0.9643920063972473,IPR005814,Aminotransferase class-III,4.268979072570801,0.6976785063743591,3.571300506591797,2.61323618888855,2.44342235333761e-09
2pkea,16,2677,0.9891203045845032,IPR013765,DNA recombination and repair protein RecA,7.033907413482666,0.6982897520065308,6.335617542266846,3.3324079513549805,0.013241063803434372
2pkea,16,2677,0.9659580588340759,IPR017261,DNA mismatch repair protein MutS/MSH,4.494500160217285,0.6998210549354553,3.7946791648864746,2.683082103729248,0.00014831341104581952
2pkea,16,2677,0.9709808230400085,IPR034332,"Uracil phosphoribosyltransferase, bacterial-type",4.992885112762451,0.6998823285102844,4.293002605438232,2.8346686363220215,0.0023024175316095352
2pkea,16,2677,0.9681044220924377,IPR045076,DNA mismatch repair MutS,4.665615558624268,0.6975595355033875,3.9680559635162354,2.7416584491729736,3.457836683651294e-08
2pkea,16,2677,0.9563332796096802,IPR049943,Serine hydroxymethyltransferase-like,3.3734588623046875,0.7016175389289856,2.6718413829803467,2.265451192855835,0.00042745351674966514
2pkea,16,2677,0.9971490502357483,IPR050052,ATP-dependent Clp protease ATP-binding subunit ClpX,14.342382431030273,0.6854070425033569,13.656975746154785,4.3871588706970215,2.6000210709753446e-05
2pkea,16,2677,0.9881808161735535,IPR050053,ATPase alpha/beta chains,6.981738090515137,0.6977233290672302,6.284014701843262,3.322838544845581,0.002426805440336466
2pkea,16,2677,0.9720735549926758,IPR050054,Uracil phosphoribosyltransferase/Adenine phosphoribosyltransferase,5.039588451385498,0.6945955157279968,4.3449931144714355,2.8590400218963623,5.179911187480624e-12
2pkea,16,2677,0.9620611667633057,IPR008995,"Molybdate/tungstate binding, C-terminal",4.024179935455322,0.7005747556686401,3.3236050605773926,2.5220632553100586,0.00022825477935839444
2pkea,16,2677,0.9556402564048767,IPR015421,"Pyridoxal phosphate-dependent transferase, major domain",3.6696486473083496,0.6786746382713318,2.990973949432373,2.434828519821167,0.0
2pkea,16,2677,0.9571958780288696,IPR015422,"Pyridoxal phosphate-dependent transferase, small domain",3.8190689086914062,0.6804698705673218,3.138598918914795,2.4885964393615723,0.0
2pkea,16,2677,0.9556402564048767,IPR015424,Pyridoxal phosphate-dependent transferase,3.6696486473083496,0.6786746382713318,2.990973949432373,2.434828519821167,0.0
2pkea,16,2677,0.9660156965255737,IPR016151,"DNA mismatch repair protein MutS, N-terminal",4.505876541137695,0.7001838684082031,3.805692672729492,2.685981512069702,0.0007420069887302816
2pkea,16,2677,0.9556394815444946,IPR023366,"ATP synthase subunit alpha, N-terminal domain-like superfamily",5.693105220794678,0.6923905611038208,5.0007147789001465,3.039536952972412,2.0989836604923262e-11
2pkea,16,2677,0.9891203045845032,IPR023400,"DNA recombination and repair protein RecA, C-terminal, superfamily",7.033907413482666,0.6982897520065308,6.335617542266846,3.3324079513549805,0.013241063803434372
2pkea,16,2677,0.9864563345909119,IPR024034,"ATPase, F1/V1 complex, beta/alpha subunit, C-terminal",6.755761623382568,0.6968041062355042,6.058957576751709,3.2772727012634277,8.41532091726549e-05
2pkea,16,2677,0.9708189368247986,IPR029057,Phosphoribosyltransferase-like,4.797767162322998,0.6840900182723999,4.113677024841309,2.8100838661193848,5.986729252042966e-31
2pkea,16,2677,0.9843008518218994,IPR036121,"ATPase, F1/V1/A1 complex, alpha/beta subunit, N-terminal domain superfamily",6.219363689422607,0.6848613619804382,5.5345025062561035,3.1828620433807373,5.812411967992944e-22
2pkea,16,2677,0.9681044220924377,IPR036187,"DNA mismatch repair protein MutS, core domain superfamily",4.665615558624268,0.6975595355033875,3.9680559635162354,2.7416584491729736,3.457836683651294e-08
2pkea,16,2677,0.9741560816764832,IPR036266,"SecA, Wing/Scaffold superfamily",5.235798358917236,0.6981785297393799,4.537619590759277,2.9067208766937256,1.1142220500914846e-05
2pkea,16,2677,0.9741560816764832,IPR036670,"SecA, preprotein cross-linking domain superfamily",5.235798358917236,0.6981785297393799,4.537619590759277,2.9067208766937256,1.1142220500914846e-05
2pkea,16,2677,0.9656180143356323,IPR036678,"MutS, connector domain superfamily",4.447744846343994,0.699520468711853,3.7482242584228516,2.6686151027679443,3.0737828637938946e-05
2pkea,16,2677,0.9819295406341553,IPR038376,"ATP synthase, alpha subunit, C-terminal domain superfamily",5.964166641235352,0.6932423114776611,5.2709245681762695,3.104868173599243,2.6118321047596815e-11
2pkea,16,2733,0.9911625981330872,IPR018268,"Small ribosomal subunit protein uS10, conserved site",6.665457725524902,2.403169631958008,4.2622880935668945,1.4717594385147095,0.02821926586329937
2pkea,16,2733,0.9882287979125977,IPR001179,FKBP-type peptidyl-prolyl cis-trans isomerase domain,6.896999835968018,2.4010441303253174,4.495955467224121,1.5223009586334229,0.00010621186083881184
2pkea,16,2733,0.9785224795341492,IPR001305,"Heat shock protein DnaJ, cysteine-rich domain",6.141847610473633,2.4024055004119873,3.7394421100616455,1.35418701171875,0.0002981285797432065
2pkea,16,2733,0.9782639741897583,IPR002939,"Chaperone DnaJ, C-terminal",6.130612850189209,2.402052640914917,3.728560209274292,1.351757526397705,7.593319605803117e-05
2pkea,16,2733,0.9955753684043884,IPR008880,"Trigger factor, C-terminal",7.079318523406982,2.4007153511047363,4.678603172302246,1.5601401329040527,4.7989553422667086e-05
2pkea,16,2733,0.9955753684043884,IPR008881,"Trigger factor, ribosome-binding, bacterial",7.079318523406982,2.4007153511047363,4.678603172302246,1.5601401329040527,4.7989553422667086e-05
2pkea,16,2733,0.9767628312110901,IPR020783,"Large ribosomal subunit protein uL11, C-terminal",6.080810546875,2.403252601623535,3.677557945251465,1.3392693996429443,0.0057697300799191
2pkea,16,2733,0.9767628312110901,IPR020784,"Large ribosomal subunit protein uL11, N-terminal",6.080810546875,2.403252601623535,3.677557945251465,1.3392693996429443,0.0057697300799191
2pkea,16,2733,0.9890238642692566,IPR027486,Small ribosomal subunit protein uS10 domain,6.571957111358643,2.401212215423584,4.170744895935059,1.4525541067123413,2.270991353725549e-05
2pkea,16,2733,0.9767628312110901,IPR000911,Ribosomal protein uL11,6.080810546875,2.403252601623535,3.677557945251465,1.3392693996429443,0.0057697300799191
2pkea,16,2733,0.9890238642692566,IPR001848,Small ribosomal subunit protein uS10,6.571957111358643,2.401212215423584,4.170744895935059,1.4525541067123413,2.270991353725549e-05
2pkea,16,2733,0.9955753684043884,IPR005215,Trigger factor,7.079318523406982,2.4007153511047363,4.678603172302246,1.5601401329040527,4.7989553422667086e-05
2pkea,16,2733,0.97578364610672,IPR006519,"Large ribosomal subunit protein uL11, bacterial-type",6.0447916984558105,2.4036753177642822,3.6411163806915283,1.330444574356079,0.025291265919804573
2pkea,16,2733,0.9785224795341492,IPR012724,Chaperone DnaJ,6.141847610473633,2.4024055004119873,3.7394421100616455,1.35418701171875,0.0002981285797432065
2pkea,16,2733,0.9875665307044983,IPR020930,"Large ribosomal subunit protein uL5, bacterial-type",6.950629234313965,2.400947332382202,4.549681663513184,1.5335339307785034,0.00011403373355278745
2pkea,16,2733,0.9782639741897583,IPR008971,HSP40/DnaJ peptide-binding,6.130612850189209,2.402052640914917,3.728560209274292,1.351757526397705,7.593319605803117e-05
2pkea,16,2733,0.9895469546318054,IPR008978,HSP20-like chaperone,6.952129364013672,2.401400566101074,4.550728797912598,1.533572793006897,0.0003977164451498538
2pkea,16,2733,0.952648937702179,IPR020094,"Pseudouridine synthase TruA/RsuA/RluB/E/F, N-terminal",5.469783782958984,2.4039247035980225,3.065859079360962,1.1860861778259277,0.014837648719549179
2pkea,16,2733,0.957276463508606,IPR027304,Trigger factor/SurA domain superfamily,6.451348781585693,2.400224208831787,4.051124572753906,1.4264256954193115,1.622470335860271e-05
2pkea,16,2733,0.9785224795341492,IPR036410,"Heat shock protein DnaJ, cysteine-rich domain superfamily",6.141847610473633,2.4024055004119873,3.7394421100616455,1.35418701171875,0.0002981285797432065
2pkea,16,2733,0.9955753684043884,IPR036611,Trigger factor ribosome-binding domain superfamily,7.079318523406982,2.4007153511047363,4.678603172302246,1.5601401329040527,4.7989553422667086e-05
2pkea,16,2733,0.9767628312110901,IPR036769,"Large ribosomal subunit protein uL11, C-terminal domain superfamily",6.080810546875,2.403252601623535,3.677557945251465,1.3392693996429443,0.0057697300799191
2pkea,16,2733,0.9767628312110901,IPR036796,"Large ribosomal subunit protein uL11, N-terminal domain superfamily",6.080810546875,2.403252601623535,3.677557945251465,1.3392693996429443,0.0057697300799191
2pkea,16,2733,0.9890238642692566,IPR036838,Small ribosomal subunit protein uS10 domain superfamily,6.571957111358643,2.401212215423584,4.170744895935059,1.4525541067123413,2.270991353725549e-05
2pkea,16,2733,0.9955753684043884,IPR037041,"Trigger factor, C-terminal domain superfamily",7.079318523406982,2.4007153511047363,4.678603172302246,1.5601401329040527,4.7989553422667086e-05
2pkea,16,2906,0.9506639838218689,IPR019979,"Small ribosomal subunit protein uS17, conserved site",2.507704019546509,1.0572912693023682,1.4504127502441406,1.2459806203842163,0.003713883925229311
2pkea,16,2906,0.9784649610519409,IPR001841,"Zinc finger, RING-type",4.361403942108154,1.0519593954086304,3.3094444274902344,2.0516998767852783,4.318910384881747e-08
2pkea,16,2906,0.9936527013778687,IPR002048,EF-hand domain,5.662732124328613,1.0479034185409546,4.614828586578369,2.433978796005249,2.4316998414875e-10
2pkea,16,2906,0.9514181017875671,IPR006196,"RNA-binding domain, S1, IF1 type",2.5378689765930176,1.0572367906570435,1.4806321859359741,1.263305425643921,0.003441730048507452
2pkea,16,2906,0.9546994566917419,IPR009081,Phosphopantetheine binding ACP domain,2.6005284786224365,1.0572785139083862,1.5432499647140503,1.2984356880187988,0.00890407431870699
2pkea,16,2906,0.9644855856895447,IPR013766,Thioredoxin domain,3.4422171115875244,1.0541707277297974,2.3880462646484375,1.7072159051895142,3.042927119167871e-07
2pkea,16,2906,0.9512313604354858,IPR000266,Small ribosomal subunit protein uS17,2.5105645656585693,1.0567034482955933,1.453861117362976,1.2484276294708252,2.2692373022437096e-05
2pkea,16,2906,0.9546994566917419,IPR003231,Acyl carrier protein,2.6005284786224365,1.0572785139083862,1.5432499647140503,1.2984356880187988,0.00890407431870699
2pkea,16,2906,0.9502789378166199,IPR019984,"Small ribosomal subunit protein uS17, bacteria/chloroplast",2.4940476417541504,1.0568839311599731,1.4371637105941772,1.2386584281921387,8.928251190809533e-05
2pkea,16,2906,0.9937718510627747,IPR011992,EF-hand domain pair,5.639622211456299,1.047042727470398,4.592579364776611,2.429264545440674,1.1975467492653102e-11
2pkea,16,2906,0.9564791917800903,IPR016181,Acyl-CoA N-acyltransferase,3.376464605331421,1.0540961027145386,2.322368621826172,1.6794933080673218,2.514669290576421e-07
2pkea,16,2906,0.974591076374054,IPR023214,HAD superfamily,3.506500482559204,1.05401611328125,2.452484369277954,1.734121322631836,7.460877071707728e-08
2pkea,16,2906,0.9746612906455994,IPR036412,HAD-like superfamily,3.532804489135742,1.0542012453079224,2.4786033630371094,1.744649887084961,2.9582653837678663e-07
2pkea,16,2906,0.9546994566917419,IPR036736,ACP-like superfamily,2.6005284786224365,1.0572785139083862,1.5432499647140503,1.2984356880187988,0.00890407431870699
2pkea,16,2952,0.9520611763000488,IPR000629,"ATP-dependent RNA helicase DEAD-box, conserved site",4.28687858581543,1.2752689123153687,3.0116095542907715,1.749114751815796,4.1729220079389506e-10
2pkea,16,2952,0.9686947464942932,IPR018102,"Small ribosomal subunit protein uS11, conserved site",4.841264247894287,1.276461124420166,3.564803123474121,1.9232228994369507,1.4206015066520195e-06
2pkea,16,2952,0.967954158782959,IPR018181,"Heat shock protein 70, conserved site",4.812351226806641,1.2768791913986206,3.5354719161987305,1.9141086339950562,6.200833013281226e-06
2pkea,16,2952,0.9794421195983887,IPR018192,"Small ribosomal subunit protein uS5, N-terminal, conserved site",5.291259765625,1.27788245677948,4.0133771896362305,2.049844741821289,0.002060361672192812
2pkea,16,2952,0.9961946606636047,IPR020937,SecA conserved site,7.136286735534668,1.276099443435669,5.860187530517578,2.483421564102173,0.00886616762727499
2pkea,16,2952,0.9679521322250366,IPR001048,Aspartate/glutamate/uridylate kinase,4.8450517654418945,1.2717972993850708,3.5732545852661133,1.9296319484710693,2.865933266529494e-14
2pkea,16,2952,0.9863495230674744,IPR001059,"Translation elongation factor P/YeiP, central",5.7322916984558105,1.2776217460632324,4.454669952392578,2.165639877319336,0.004679477773606777
2pkea,16,2952,0.9697346091270447,IPR001763,Rhodanese-like domain,4.904725074768066,1.277411699295044,3.6273133754730225,1.9409373998641968,8.009921293705702e-05
2pkea,16,2952,0.9502094984054565,IPR004150,"NAD-dependent DNA ligase, OB-fold",4.199814319610596,1.2793389558792114,2.920475482940674,1.7149157524108887,0.008993814699351788
2pkea,16,2952,0.9796536564826965,IPR005324,"Small ribosomal subunit protein uS5, C-terminal",5.299632549285889,1.277466058731079,4.0221662521362305,2.052596092224121,0.00047153106424957514
2pkea,16,2952,0.968218207359314,IPR006171,TOPRIM domain,5.775902271270752,1.273949146270752,4.501953125,2.180727243423462,3.8107822319943807e-07
2pkea,16,2952,0.9963879585266113,IPR011115,"SecA DEAD-like, N-terminal",7.148168563842773,1.2743180990219116,5.873850345611572,2.4878368377685547,8.148094639182091e-05
2pkea,16,2952,0.9963879585266113,IPR011116,SecA Wing/Scaffold,7.148168563842773,1.2743180990219116,5.873850345611572,2.4878368377685547,8.148094639182091e-05
2pkea,16,2952,0.9963879585266113,IPR011130,"SecA, preprotein cross-linking domain",7.148168563842773,1.2743180990219116,5.873850345611572,2.4878368377685547,8.148094639182091e-05
2pkea,16,2952,0.9535760879516602,IPR011545,DEAD/DEAH-box helicase domain,4.338259696960449,1.273577332496643,3.0646824836730957,1.7682185173034668,5.218472680888764e-13
2pkea,16,2952,0.9863495230674744,IPR013185,"Translation elongation factor, KOW-like",5.7322916984558105,1.2776217460632324,4.454669952392578,2.165639877319336,0.004679477773606777
2pkea,16,2952,0.9796536564826965,IPR013810,"Small ribosomal subunit protein uS5, N-terminal",5.299632549285889,1.277466058731079,4.0221662521362305,2.052596092224121,0.00047153106424957514
2pkea,16,2952,0.9502094984054565,IPR013839,"NAD-dependent DNA ligase, adenylation",4.199814319610596,1.2793389558792114,2.920475482940674,1.7149157524108887,0.008993814699351788
2pkea,16,2952,0.9502094984054565,IPR013840,"NAD-dependent DNA ligase, N-terminal",4.199814319610596,1.2793389558792114,2.920475482940674,1.7149157524108887,0.008993814699351788
2pkea,16,2952,0.9510397911071777,IPR014014,"RNA helicase, DEAD-box type, Q motif",4.259283542633057,1.275351881980896,2.983931541442871,1.7397041320800781,4.96430285767957e-10
2pkea,16,2952,0.9963879585266113,IPR014018,SecA motor DEAD,7.148168563842773,1.2743180990219116,5.873850345611572,2.4878368377685547,8.148094639182091e-05
2pkea,16,2952,0.9863495230674744,IPR015365,"Elongation factor P, C-terminal",5.7322916984558105,1.2776217460632324,4.454669952392578,2.165639877319336,0.004679477773606777
2pkea,16,2952,0.9925697445869446,IPR015967,"Recombination protein RecR, zinc finger domain",6.525620460510254,1.2753783464431763,5.250242233276367,2.3551783561706543,0.00012224841339047998
2pkea,16,2952,0.9524551630020142,IPR020783,"Large ribosomal subunit protein uL11, C-terminal",4.251708984375,1.2795482873916626,2.972160816192627,1.7323969602584839,0.026441024616360664
2pkea,16,2952,0.9524551630020142,IPR020784,"Large ribosomal subunit protein uL11, N-terminal",4.251708984375,1.2795482873916626,2.972160816192627,1.7323969602584839,0.026441024616360664
2pkea,16,2952,0.9925697445869446,IPR034137,"RecR, TOPRIM domain",6.525620460510254,1.2753783464431763,5.250242233276367,2.3551783561706543,0.00012224841339047998
2pkea,16,2952,0.9963879585266113,IPR044722,"SecA, C-terminal helicase domain",7.148168563842773,1.2743180990219116,5.873850345611572,2.4878368377685547,8.148094639182091e-05
2pkea,16,2952,0.9925697445869446,IPR000093,DNA recombination protein RecR,6.525620460510254,1.2753783464431763,5.250242233276367,2.3551783561706543,0.00012224841339047998
2pkea,16,2952,0.9963879585266113,IPR000185,Protein translocase subunit SecA,7.148168563842773,1.2743180990219116,5.873850345611572,2.4878368377685547,8.148094639182091e-05
2pkea,16,2952,0.9796536564826965,IPR000851,Small ribosomal subunit protein uS5,5.299632549285889,1.277466058731079,4.0221662521362305,2.052596092224121,0.00047153106424957514
2pkea,16,2952,0.9524551630020142,IPR000911,Ribosomal protein uL11,4.251708984375,1.2795482873916626,2.972160816192627,1.7323969602584839,0.026441024616360664
2pkea,16,2952,0.9697140455245972,IPR001057,Glutamate/acetylglutamate kinase,4.971436023712158,1.2783946990966797,3.6930413246154785,1.9593180418014526,0.005254837218672037
2pkea,16,2952,0.9711366891860962,IPR001790,Large ribosomal subunit protein uL10,4.9712677001953125,1.2787649631500244,3.692502737045288,1.9588513374328613,0.01871543936431408
2pkea,16,2952,0.9690444469451904,IPR001971,Small ribosomal subunit protein uS11,4.849446773529053,1.2757267951965332,3.5737199783325195,1.9264894723892212,8.558505726341537e-08
2pkea,16,2952,0.9789455533027649,IPR005712,"Small ribosomal subunit protein uS5, bacterial-type",5.271763324737549,1.2787134647369385,3.9930498600006104,2.043581247329712,0.039543528109788895
2pkea,16,2952,0.9865776300430298,IPR011768,Translation elongation factor P,5.752511024475098,1.2780394554138184,4.474471569061279,2.170248031616211,0.02053416334092617
2pkea,16,2952,0.9674124121665955,IPR013126,Heat shock protein 70 family,4.78963041305542,1.2765750885009766,3.5130553245544434,1.90762460231781,1.6778114968474256e-06
2pkea,16,2952,0.9725425839424133,IPR019981,"Small ribosomal subunit protein uS11, bacterial-type",4.969922065734863,1.2769176959991455,3.6930043697357178,1.9605463743209839,1.4278531125455629e-05
2pkea,16,2952,0.9863495230674744,IPR020599,Translation elongation factor P/YeiP,5.7322916984558105,1.2776217460632324,4.454669952392578,2.165639877319336,0.004679477773606777
2pkea,16,2952,0.9987678527832031,IPR023214,HAD superfamily,9.229496002197266,1.2651894092559814,7.964306831359863,2.866887092590332,1.1159141388716876e-09
2pkea,16,2952,0.9925697445869446,IPR023627,Recombination protein RecR,6.525620460510254,1.2753783464431763,5.250242233276367,2.3551783561706543,0.00012224841339047998
2pkea,16,2952,0.967954158782959,IPR029047,"Heat shock protein 70kD, peptide-binding domain superfamily",4.812351226806641,1.2768791913986206,3.5354719161987305,1.9141086339950562,6.200833013281226e-06
2pkea,16,2952,0.9677881002426147,IPR029048,"Heat shock protein 70kD, C-terminal domain superfamily",4.807851314544678,1.2772424221038818,3.530608892440796,1.9123486280441284,2.51052242674632e-05
2pkea,16,2952,0.9963879585266113,IPR036266,"SecA, Wing/Scaffold superfamily",7.148168563842773,1.2743180990219116,5.873850345611572,2.4878368377685547,8.148094639182091e-05
2pkea,16,2952,0.9679521322250366,IPR036393,Acetylglutamate kinase-like superfamily,4.8450517654418945,1.2717972993850708,3.5732545852661133,1.9296319484710693,2.865933266529494e-14
2pkea,16,2952,0.9986141920089722,IPR036412,HAD-like superfamily,9.027809143066406,1.2664525508880615,7.761356353759766,2.833571434020996,5.425845994722067e-09
2pkea,16,2952,0.9963879585266113,IPR036670,"SecA, preprotein cross-linking domain superfamily",7.148168563842773,1.2743180990219116,5.873850345611572,2.4878368377685547,8.148094639182091e-05
2pkea,16,2952,0.9524551630020142,IPR036769,"Large ribosomal subunit protein uL11, C-terminal domain superfamily",4.251708984375,1.2795482873916626,2.972160816192627,1.7323969602584839,0.026441024616360664
2pkea,16,2952,0.9524551630020142,IPR036796,"Large ribosomal subunit protein uL11, N-terminal domain superfamily",4.251708984375,1.2795482873916626,2.972160816192627,1.7323969602584839,0.026441024616360664
2pkea,16,2952,0.9697346091270447,IPR036873,Rhodanese-like domain superfamily,4.904725074768066,1.277411699295044,3.6273133754730225,1.9409373998641968,8.009921293705702e-05
2pkea,16,2952,0.9690444469451904,IPR036967,Small ribosomal subunit protein uS11 superfamily,4.849446773529053,1.2757267951965332,3.5737199783325195,1.9264894723892212,8.558505726341537e-08
2pkea,16,2952,0.9711366891860962,IPR043141,Large ribosomal subunit protein uL10-like domain superfamily,4.9712677001953125,1.2787649631500244,3.692502737045288,1.9588513374328613,0.01871543936431408
2pkea,16,3073,0.9639704823493958,IPR018171,"Peptidyl-tRNA hydrolase, conserved site",3.90753173828125,1.021018385887146,2.8865132331848145,1.9362345933914185,0.006662807893007994
2pkea,16,3073,0.9720980525016785,IPR001048,Aspartate/glutamate/uridylate kinase,4.465371608734131,1.0135554075241089,3.4518160820007324,2.139341115951538,6.153224258516766e-15
2pkea,16,3073,0.9552175402641296,IPR001763,Rhodanese-like domain,3.4622650146484375,1.020998239517212,2.4412667751312256,1.7617216110229492,0.00028324019513092935
2pkea,16,3073,0.9519050717353821,IPR004160,"Translation elongation factor EFTu/EF1A, C-terminal",3.3442294597625732,1.0214557647705078,2.3227736949920654,1.7110329866409302,0.001510945032350719
2pkea,16,3073,0.9871606230735779,IPR005122,Uracil-DNA glycosylase-like,6.307082176208496,1.0182323455810547,5.288849830627441,2.630891799926758,0.01451872754842043
2pkea,16,3073,0.9519050717353821,IPR033720,"Elongation factor Tu, domain 2",3.3442294597625732,1.0214557647705078,2.3227736949920654,1.7110329866409302,0.001510945032350719
2pkea,16,3073,0.9519050717353821,IPR041709,"Elongation factor Tu (EF-Tu), GTP-binding domain",3.3442294597625732,1.0214557647705078,2.3227736949920654,1.7110329866409302,0.001510945032350719
2pkea,16,3073,0.9723933339118958,IPR001057,Glutamate/acetylglutamate kinase,4.47027587890625,1.0201164484024048,3.4501595497131348,2.1316158771514893,0.002960538025945425
2pkea,16,3073,0.9639704823493958,IPR001328,Peptidyl-tRNA hydrolase,3.90753173828125,1.021018385887146,2.8865132331848145,1.9362345933914185,0.006662807893007994
2pkea,16,3073,0.9519050717353821,IPR004541,"Translation elongation factor EFTu/EF1A, bacterial/organelle",3.3442294597625732,1.0214557647705078,2.3227736949920654,1.7110329866409302,0.001510945032350719
2pkea,16,3073,0.9519050717353821,IPR050055,Elongation factor Tu GTPase,3.3442294597625732,1.0214557647705078,2.3227736949920654,1.7110329866409302,0.001510945032350719
2pkea,16,3073,0.9520505666732788,IPR009001,"Translation elongation factor EF1A/initiation factor IF2gamma, C-terminal",3.345292806625366,1.0202893018722534,2.3250036239624023,1.7131400108337402,2.170708057747106e-06
2pkea,16,3073,0.9930428862571716,IPR017850,"Alkaline-phosphatase-like, core domain superfamily",7.799903869628906,1.0154601335525513,6.7844438552856445,2.9413084983825684,0.0018139940220862627
2pkea,16,3073,0.9738852381706238,IPR023214,HAD superfamily,5.590478420257568,1.0146547555923462,4.575823783874512,2.4619686603546143,2.6694413790551152e-08
2pkea,16,3073,0.9646870493888855,IPR029033,Histidine phosphatase superfamily,3.874479055404663,1.0213570594787598,2.8531219959259033,1.923500895500183,0.02491389960050583
2pkea,16,3073,0.9589648246765137,IPR029044,Nucleotide-diphospho-sugar transferases,5.694523334503174,1.0021750926971436,4.692348480224609,2.5064260959625244,2.0827496784403015e-22
2pkea,16,3073,0.9720980525016785,IPR036393,Acetylglutamate kinase-like superfamily,4.465371608734131,1.0135554075241089,3.4518160820007324,2.139341115951538,6.153224258516766e-15
2pkea,16,3073,0.9757637977600098,IPR036412,HAD-like superfamily,5.711671829223633,1.0148340463638306,4.696837902069092,2.492655038833618,8.577686116950645e-08
2pkea,16,3073,0.9639704823493958,IPR036416,Peptidyl-tRNA hydrolase superfamily,3.90753173828125,1.021018385887146,2.8865132331848145,1.9362345933914185,0.006662807893007994
2pkea,16,3073,0.9552175402641296,IPR036873,Rhodanese-like domain superfamily,3.4622650146484375,1.020998239517212,2.4412667751312256,1.7617216110229492,0.00028324019513092935
2pkea,16,3073,0.9871606230735779,IPR036895,Uracil-DNA glycosylase-like domain superfamily,6.307082176208496,1.0182323455810547,5.288849830627441,2.630891799926758,0.01451872754842043
2pkea,16,3108,0.9592216610908508,IPR001611,Leucine-rich repeat,5.617331504821777,2.8347437381744385,2.782587766647339,0.9866615533828735,1.322081789112417e-05
2pkea,16,3203,0.9872158765792847,IPR018136,"Aconitase family, 4Fe-4S cluster binding site",5.439290523529053,1.7260960340499878,3.7131943702697754,1.6558973789215088,0.00012113757838960737
2pkea,16,3203,0.9584496021270752,IPR001412,"Aminoacyl-tRNA synthetase, class I, conserved site",4.361477375030518,1.712114691734314,2.649362564086914,1.3490291833877563,3.2450990922387775e-36
2pkea,16,3203,0.9828242659568787,IPR018370,"Chaperonin Cpn60, conserved site",5.21973991394043,1.7275413274765015,3.4921984672546387,1.5952492952346802,0.013846061192452908
2pkea,16,3203,0.9872158765792847,IPR001030,"Aconitase/3-isopropylmalate dehydratase large subunit, alpha/beta/alpha domain",5.439290523529053,1.7260960340499878,3.7131943702697754,1.6558973789215088,0.00012113757838960737
2pkea,16,3203,0.9608706831932068,IPR002300,"Aminoacyl-tRNA synthetase, class Ia",4.478240966796875,1.7261748313903809,2.752066135406494,1.375345230102539,8.098000989775755e-07
2pkea,16,3203,0.9581580758094788,IPR003156,DHHA1 domain,4.38185453414917,1.728534460067749,2.653320074081421,1.3419839143753052,0.03238781914114952
2pkea,16,3203,0.9552034735679626,IPR004364,"Aminoacyl-tRNA synthetase, class II (D/K/N)",4.3543620109558105,1.726736307144165,2.6276257038116455,1.3344051837921143,6.0816096265625674e-06
2pkea,16,3203,0.953636646270752,IPR004365,"OB-fold nucleic acid binding domain, AA-tRNA synthetase-type",4.3019328117370605,1.7271150350570679,2.574817657470703,1.3166124820709229,2.5935549274436198e-05
2pkea,16,3203,0.9901418685913086,IPR005123,Oxoglutarate/iron-dependent dioxygenase domain,6.090034484863281,1.7262338399887085,4.363800525665283,1.8188141584396362,0.00719668623059988
2pkea,16,3203,0.9563589096069336,IPR012947,"Threonyl/alanyl tRNA synthetase, SAD",4.334836959838867,1.7262582778930664,2.608578681945801,1.328321099281311,4.188246691683162e-07
2pkea,16,3203,0.9594609141349792,IPR013155,"Methionyl/Valyl/Leucyl/Isoleucyl-tRNA synthetase, anticodon-binding",4.4383368492126465,1.7254548072814941,2.7128820419311523,1.3630341291427612,2.1067373623395724e-08
2pkea,16,3203,0.9586237668991089,IPR018164,"Alanyl-tRNA synthetase, class IIc, N-terminal",4.393732070922852,1.7282483577728271,2.6654837131500244,1.346127986907959,0.008574276231229305
2pkea,16,3203,0.9586237668991089,IPR018165,"Alanyl-tRNA synthetase, class IIc, core domain",4.393732070922852,1.7282483577728271,2.6654837131500244,1.346127986907959,0.008574276231229305
2pkea,16,3203,0.9870648980140686,IPR018484,"Carbohydrate kinase FGGY, N-terminal",5.446525573730469,1.725710153579712,3.720815420150757,1.6581376791000366,2.9037058993708342e-05
2pkea,16,3203,0.9873898029327393,IPR018485,"Carbohydrate kinase FGGY, C-terminal",5.461738586425781,1.7253068685531616,3.73643159866333,1.6624988317489624,6.600011602131417e-06
2pkea,16,3203,0.9728400111198425,IPR020058,"Glutamyl/glutaminyl-tRNA synthetase, class Ib, catalytic domain",4.8459272384643555,1.727165937423706,3.1187613010406494,1.4883577823638916,0.0005522635183297098
2pkea,16,3203,0.9874098300933838,IPR024567,Ribonuclease HII/HIII domain,5.83203125,1.724564790725708,4.107466697692871,1.7577577829360962,6.584323273273185e-06
2pkea,16,3203,0.9875363111495972,IPR033941,"3-Isopropylmalate dehydratase, catalytic domain",5.46246337890625,1.7268025875091553,3.7356607913970947,1.661440134048462,0.002127033658325672
2pkea,16,3203,0.9661771059036255,IPR040131,"MnmG, N-terminal domain",4.599666118621826,1.7281854152679443,2.871480703353882,1.4122627973556519,0.015651678666472435
2pkea,16,3203,0.9904847741127014,IPR041715,Class II Histidinyl-tRNA synthetase (HisRS)-like catalytic core domain,5.748852729797363,1.7263436317443848,4.0225090980529785,1.7355459928512573,0.0016039717011153698
2pkea,16,3203,0.9859322309494019,IPR000577,"Carbohydrate kinase, FGGY",5.389414310455322,1.7272865772247314,3.662127733230591,1.6416126489639282,0.010498370043933392
2pkea,16,3203,0.9728400111198425,IPR000924,Glutamyl/glutaminyl-tRNA synthetase,4.8459272384643555,1.727165937423706,3.1187613010406494,1.4883577823638916,0.0005522635183297098
2pkea,16,3203,0.9874098300933838,IPR001352,Ribonuclease HII/HIII,5.83203125,1.724564790725708,4.107466697692871,1.7577577829360962,6.584323273273185e-06
2pkea,16,3203,0.9829884171485901,IPR001844,Chaperonin Cpn60/GroEL,5.22348690032959,1.727185606956482,3.4963011741638184,1.5965816974639893,0.0032768314704298973
2pkea,16,3203,0.9661771059036255,IPR002218,tRNA uridine 5-carboxymethylaminomethyl modification enzyme MnmG-related,4.599666118621826,1.7281854152679443,2.871480703353882,1.4122627973556519,0.015651678666472435
2pkea,16,3203,0.9553722739219666,IPR002305,"Aminoacyl-tRNA synthetase, class Ic",4.345347881317139,1.727019190788269,2.61832857131958,1.3311792612075806,2.0990624761907384e-05
2pkea,16,3203,0.9632393717765808,IPR002307,Tyrosine-tRNA ligase,4.5296220779418945,1.7277361154556274,2.8018860816955566,1.390499472618103,0.0014844831312075257
2pkea,16,3203,0.9586237668991089,IPR002318,"Alanine-tRNA ligase, class IIc",4.393732070922852,1.7282483577728271,2.6654837131500244,1.346127986907959,0.008574276231229305
2pkea,16,3203,0.9822742342948914,IPR002423,Chaperonin Cpn60/GroEL/TCP-1 family,5.18425178527832,1.726209282875061,3.458042621612549,1.5865200757980347,4.973110480932519e-05
2pkea,16,3203,0.9878615736961365,IPR004430,"3-isopropylmalate dehydratase, large subunit",5.488699913024902,1.7275137901306152,3.761186122894287,1.667758822441101,0.037930604070425034
2pkea,16,3203,0.9904847741127014,IPR004516,Histidine-tRNA ligase/ATP phosphoribosyltransferase regulatory subunit,5.748852729797363,1.7263436317443848,4.0225090980529785,1.7355459928512573,0.0016039717011153698
2pkea,16,3203,0.991090714931488,IPR022898,Ribonuclease HII,6.000516891479492,1.7255120277404785,4.275004863739014,1.7980538606643677,0.00034734714427031577
2pkea,16,3203,0.9586237668991089,IPR023033,"Alanine-tRNA ligase, eukaryota/bacteria",4.393732070922852,1.7282483577728271,2.6654837131500244,1.346127986907959,0.008574276231229305
2pkea,16,3203,0.9660081267356873,IPR024088,"Tyrosine-tRNA ligase, bacterial-type",4.596964359283447,1.728189468383789,2.868774890899658,1.4114116430282593,0.015895405784249306
2pkea,16,3203,0.9586237668991089,IPR050058,Alanine--tRNA ligase,4.393732070922852,1.7282483577728271,2.6654837131500244,1.346127986907959,0.008574276231229305
2pkea,16,3203,0.9872158765792847,IPR050067,Isopropylmalate dehydratase and related enzymes,5.439290523529053,1.7260960340499878,3.7131943702697754,1.6558973789215088,0.00012113757838960737
2pkea,16,3203,0.9598243832588196,IPR009008,"Valyl/Leucyl/Isoleucyl-tRNA synthetase, editing domain",4.448960781097412,1.7256993055343628,2.7232613563537598,1.366278886795044,7.177025196369868e-08
2pkea,16,3203,0.9524162411689758,IPR009080,"Aminoacyl-tRNA synthetase, class Ia, anticodon-binding",4.219065189361572,1.7160091400146484,2.503056049346924,1.2978577613830566,2.815960551440017e-29
2pkea,16,3203,0.9872158765792847,IPR015931,"Aconitase/3-isopropylmalate dehydratase large subunit, alpha/beta/alpha, subdomain 1/3",5.439290523529053,1.7260960340499878,3.7131943702697754,1.6558973789215088,0.00012113757838960737
2pkea,16,3203,0.9586237668991089,IPR018162,"Alanine-tRNA ligase, class IIc, anti-codon-binding domain superfamily",4.393732070922852,1.7282483577728271,2.6654837131500244,1.346127986907959,0.008574276231229305
2pkea,16,3203,0.9563589096069336,IPR018163,"Threonyl/alanyl tRNA synthetase, class II-like, putative editing domain superfamily",4.334836959838867,1.7262582778930664,2.608578681945801,1.328321099281311,4.188246691683162e-07
2pkea,16,3203,0.9822742342948914,IPR027409,GroEL-like apical domain superfamily,5.18425178527832,1.726209282875061,3.458042621612549,1.5865200757980347,4.973110480932519e-05
2pkea,16,3203,0.9822742342948914,IPR027410,TCP-1-like chaperonin intermediate domain superfamily,5.18425178527832,1.726209282875061,3.458042621612549,1.5865200757980347,4.973110480932519e-05
2pkea,16,3203,0.9822742342948914,IPR027413,GroEL-like equatorial domain superfamily,5.18425178527832,1.726209282875061,3.458042621612549,1.5865200757980347,4.973110480932519e-05
2pkea,16,3203,0.9872158765792847,IPR036008,"Aconitase, iron-sulfur domain",5.439290523529053,1.7260960340499878,3.7131943702697754,1.6558973789215088,0.00012113757838960737
2pkea,16,3309,0.9584860801696777,IPR019775,"WD40 repeat, conserved site",3.9199960231781006,2.1144156455993652,1.8055803775787354,0.8905863761901855,2.4680044674596502e-08
2pkea,16,3309,0.9869601726531982,IPR020904,"Short-chain dehydrogenase/reductase, conserved site",4.756165504455566,2.114800453186035,2.6413650512695312,1.1692705154418945,0.000532833393663168
2pkea,16,3309,0.9842054843902588,IPR009081,Phosphopantetheine binding ACP domain,4.381663799285889,2.1154379844665527,2.266225814819336,1.0505156517028809,0.0007034887676127255
2pkea,16,3309,0.9890920519828796,IPR017452,"GPCR, rhodopsin-like, 7TM",4.667862892150879,2.1093122959136963,2.5585505962371826,1.1459826231002808,6.6444267048250886e-18
2pkea,16,3309,0.9923174977302551,IPR000276,"G protein-coupled receptor, rhodopsin-like",4.738503932952881,2.1095635890960693,2.6289403438568115,1.1674801111221313,5.805921824250087e-17
2pkea,16,3309,0.9501018524169922,IPR000473,Large ribosomal subunit protein bL36,3.731879234313965,2.116382598876953,1.6154966354370117,0.8182950019836426,0.005607264116406441
2pkea,16,3309,0.9691004157066345,IPR002347,Short-chain dehydrogenase/reductase SDR,4.528326511383057,2.113010883331299,2.415315628051758,1.0996708869934082,1.8628655951147266e-08
2pkea,16,3309,0.9842054843902588,IPR003231,Acyl carrier protein,4.381663799285889,2.1154379844665527,2.266225814819336,1.0505156517028809,0.0007034887676127255
2pkea,16,3309,0.9501018524169922,IPR035977,Large ribosomal subunit protein bL36 superfamily,3.731879234313965,2.116382598876953,1.6154966354370117,0.8182950019836426,0.005607264116406441
2pkea,16,3309,0.9842054843902588,IPR036736,ACP-like superfamily,4.381663799285889,2.1154379844665527,2.266225814819336,1.0505156517028809,0.0007034887676127255
2pkea,16,3309,0.9674443006515503,IPR020472,"PAC1/LIS1-like, WD-40 repeat",4.067497253417969,2.114995241165161,1.9525020122528076,0.9434800744056702,4.763534434459871e-06
2pkea,16,3327,0.9680520296096802,IPR019798,"Serine hydroxymethyltransferase, pyridoxal phosphate binding site",4.091400146484375,1.1051985025405884,2.986201763153076,1.8882761001586914,0.007790622301399708
2pkea,16,3327,0.9584317803382874,IPR020809,"Enolase, conserved site",3.5840542316436768,1.1047700643539429,2.4792842864990234,1.6978332996368408,2.680590478121303e-05
2pkea,16,3327,0.9821714758872986,IPR000192,Aminotransferase class V domain,4.956217288970947,1.103812575340271,3.8524045944213867,2.166731119155884,0.0020272317342460155
2pkea,16,3327,1.0,IPR000873,AMP-dependent synthetase/ligase domain,21.04456329345703,1.0840277671813965,19.960535049438477,4.278960704803467,0.038447655737400055
2pkea,16,3327,0.983945369720459,IPR001347,SIS domain,5.140113353729248,1.1043263673782349,4.035787105560303,2.218620538711548,0.03213728591799736
2pkea,16,3327,0.9785935282707214,IPR001763,Rhodanese-like domain,4.732438564300537,1.1030807495117188,3.6293578147888184,2.101032257080078,3.911405292456038e-05
2pkea,16,3327,0.9954665303230286,IPR001926,"Tryptophan synthase beta chain-like, PALP domain",8.79936695098877,1.098425030708313,7.700942039489746,3.001950263977051,0.002558888867497444
2pkea,16,3327,0.9886518120765686,IPR004839,"Aminotransferase, class I/classII, large domain",7.37146520614624,1.0986855030059814,6.27277946472168,2.746159791946411,5.4641408496536314e-05
2pkea,16,3327,0.9837689995765686,IPR005475,"Transketolase-like, pyrimidine-binding domain",5.14965295791626,1.1039077043533325,4.045745372772217,2.2218425273895264,0.007518134079873562
2pkea,16,3327,0.958821177482605,IPR006131,"Aspartate/ornithine carbamoyltransferase, Asp/Orn-binding domain",3.7533318996429443,1.1054750680923462,2.6478567123413086,1.7634923458099365,0.004919732920825481
2pkea,16,3327,0.958821177482605,IPR006132,"Aspartate/ornithine carbamoyltransferase, carbamoyl-P binding",3.7533318996429443,1.1054750680923462,2.6478567123413086,1.7634923458099365,0.004919732920825481
2pkea,16,3327,0.9983216524124146,IPR015590,Aldehyde dehydrogenase domain,11.308008193969727,1.089539647102356,10.21846866607666,3.3755409717559814,8.475786898998194e-07
2pkea,16,3327,0.9584317803382874,IPR020810,"Enolase, C-terminal TIM barrel domain",3.5840542316436768,1.1047700643539429,2.4792842864990234,1.6978332996368408,2.680590478121303e-05
2pkea,16,3327,0.9584317803382874,IPR020811,"Enolase, N-terminal",3.5840542316436768,1.1047700643539429,2.4792842864990234,1.6978332996368408,2.680590478121303e-05
2pkea,16,3327,0.9680520296096802,IPR039429,Serine hydroxymethyltransferase-like domain,4.091400146484375,1.1051985025405884,2.986201763153076,1.8882761001586914,0.007790622301399708
2pkea,16,3327,0.9584317803382874,IPR000941,Enolase,3.5840542316436768,1.1047700643539429,2.4792842864990234,1.6978332996368408,2.680590478121303e-05
2pkea,16,3327,0.9680520296096802,IPR001085,Serine hydroxymethyltransferase,4.091400146484375,1.1051985025405884,2.986201763153076,1.8882761001586914,0.007790622301399708
2pkea,16,3327,0.9757737517356873,IPR001907,ATP-dependent Clp protease proteolytic subunit,4.53912353515625,1.1044809818267822,3.4346425533294678,2.039032220840454,0.0037487850058823824
2pkea,16,3327,0.958821177482605,IPR006130,Aspartate/ornithine carbamoyltransferase,3.7533318996429443,1.1054750680923462,2.6478567123413086,1.7634923458099365,0.004919732920825481
2pkea,16,3327,0.9757737517356873,IPR023562,Clp protease proteolytic subunit /Translocation-enhancing protein TepA,4.53912353515625,1.1044809818267822,3.4346425533294678,2.039032220840454,0.0037487850058823824
2pkea,16,3327,0.9680520296096802,IPR049943,Serine hydroxymethyltransferase-like,4.091400146484375,1.1051985025405884,2.986201763153076,1.8882761001586914,0.007790622301399708
2pkea,16,3327,0.9984253644943237,IPR016161,Aldehyde/histidinol dehydrogenase,11.151286125183105,1.0858193635940552,10.06546688079834,3.3603408336639404,1.7475163538449578e-09
2pkea,16,3327,0.9983216524124146,IPR016162,"Aldehyde dehydrogenase, N-terminal",11.308008193969727,1.089539647102356,10.21846866607666,3.3755409717559814,8.475786898998194e-07
2pkea,16,3327,0.9983216524124146,IPR016163,"Aldehyde dehydrogenase, C-terminal",11.308008193969727,1.089539647102356,10.21846866607666,3.3755409717559814,8.475786898998194e-07
2pkea,16,3327,0.9539422988891602,IPR029017,"Enolase-like, N-terminal",3.428723096847534,1.10369873046875,2.325024366378784,1.6353119611740112,2.1048570886250673e-08
2pkea,16,3327,0.9821430444717407,IPR029061,Thiamin diphosphate-binding fold,4.980846405029297,1.0987184047698975,3.8821280002593994,2.180556058883667,1.4126938334413364e-11
2pkea,16,3327,0.9954665303230286,IPR036052,"Tryptophan synthase beta chain-like, PALP domain superfamily",8.79936695098877,1.098425030708313,7.700942039489746,3.001950263977051,0.002558888867497444
2pkea,16,3327,0.9539422988891602,IPR036849,"Enolase-like, C-terminal domain superfamily",3.428723096847534,1.10369873046875,2.325024366378784,1.6353119611740112,2.1048570886250673e-08
2pkea,16,3327,0.9785935282707214,IPR036873,Rhodanese-like domain superfamily,4.732438564300537,1.1030807495117188,3.6293578147888184,2.101032257080078,3.911405292456038e-05
2pkea,16,3327,0.958821177482605,IPR036901,Aspartate/ornithine carbamoyltransferase superfamily,3.7533318996429443,1.1054750680923462,2.6478567123413086,1.7634923458099365,0.004919732920825481
2pkea,16,3327,1.0,IPR045851,"AMP-binding enzyme, C-terminal domain superfamily",21.04456329345703,1.0840277671813965,19.960535049438477,4.278960704803467,0.038447655737400055
2pkea,16,3327,0.9791746735572815,IPR046348,SIS domain superfamily,4.763384819030762,1.1004527807235718,3.6629319190979004,2.1138768196105957,1.6798424873343265e-09
2pkea,16,3392,0.9851093292236328,IPR001179,FKBP-type peptidyl-prolyl cis-trans isomerase domain,7.165337562561035,1.9369138479232788,5.228423595428467,1.8872673511505127,0.00014964072033762932
2pkea,16,3392,0.9673134088516235,IPR001305,"Heat shock protein DnaJ, cysteine-rich domain",5.501210689544678,1.9399147033691406,3.561295986175537,1.5037484169006348,0.0009656939655542374
2pkea,16,3392,0.9663729667663574,IPR002939,"Chaperone DnaJ, C-terminal",5.460302352905273,1.9396357536315918,3.5206665992736816,1.4931875467300415,0.00028212525648996234
2pkea,16,3392,0.9883819818496704,IPR003599,Immunoglobulin domain subtype,7.3673553466796875,1.9338278770446777,5.43352746963501,1.9296798706054688,7.486421793601039e-08
2pkea,16,3392,0.9573630094528198,IPR004365,"OB-fold nucleic acid binding domain, AA-tRNA synthetase-type",5.0365824699401855,1.9395112991333008,3.0970711708068848,1.3767445087432861,1.6209367458941415e-05
2pkea,16,3392,0.9903317093849182,IPR007110,Immunoglobulin-like domain,7.479855537414551,1.9280037879943848,5.551851749420166,1.955894947052002,2.8017512084237833e-14
2pkea,16,3392,0.9908140301704407,IPR008880,"Trigger factor, C-terminal",7.457736492156982,1.9363867044448853,5.521349906921387,1.9453632831573486,8.115071977954358e-05
2pkea,16,3392,0.9908140301704407,IPR008881,"Trigger factor, ribosome-binding, bacterial",7.457736492156982,1.9363867044448853,5.521349906921387,1.9453632831573486,8.115071977954358e-05
2pkea,16,3392,0.9877409338951111,IPR013106,Immunoglobulin V-set domain,7.23591423034668,1.9373172521591187,5.2985968589782715,1.901107668876648,0.00048190506640821695
2pkea,16,3392,0.9908140301704407,IPR005215,Trigger factor,7.457736492156982,1.9363867044448853,5.521349906921387,1.9453632831573486,8.115071977954358e-05
2pkea,16,3392,0.9673134088516235,IPR012724,Chaperone DnaJ,5.501210689544678,1.9399147033691406,3.561295986175537,1.5037484169006348,0.0009656939655542374
2pkea,16,3392,0.9663729667663574,IPR008971,HSP40/DnaJ peptide-binding,5.460302352905273,1.9396357536315918,3.5206665992736816,1.4931875467300415,0.00028212525648996234
2pkea,16,3392,0.9822374582290649,IPR008978,HSP20-like chaperone,6.694890975952148,1.9382387399673462,4.756652355194092,1.7883068323135376,0.000839375366922468
2pkea,16,3392,0.9883911609649658,IPR013783,Immunoglobulin-like fold,7.2092485427856445,1.9054858684539795,5.303762435913086,1.9196823835372925,0.0
2pkea,16,3392,0.973237931728363,IPR029069,HotDog domain superfamily,6.279333114624023,1.9385113716125488,4.340821743011475,1.6956547498703003,0.0005229766247794032
2pkea,16,3392,0.9889131188392639,IPR036179,Immunoglobulin-like domain superfamily,7.321005344390869,1.9258232116699219,5.395182132720947,1.9265589714050293,2.7747217782719678e-17
2pkea,16,3392,0.9673134088516235,IPR036410,"Heat shock protein DnaJ, cysteine-rich domain superfamily",5.501210689544678,1.9399147033691406,3.561295986175537,1.5037484169006348,0.0009656939655542374
2pkea,16,3392,0.9908140301704407,IPR036611,Trigger factor ribosome-binding domain superfamily,7.457736492156982,1.9363867044448853,5.521349906921387,1.9453632831573486,8.115071977954358e-05
2pkea,16,3392,0.9623105525970459,IPR036890,Histidine kinase/HSP90-like ATPase superfamily,5.588118076324463,1.9350004196166992,3.6531176567077637,1.5300211906433105,7.63635127354334e-11
2pkea,16,3392,0.9908140301704407,IPR037041,"Trigger factor, C-terminal domain superfamily",7.457736492156982,1.9363867044448853,5.521349906921387,1.9453632831573486,8.115071977954358e-05
2pkea,16,3452,0.9564329385757446,IPR017900,"4Fe-4S ferredoxin, iron-sulphur binding, conserved site",10.404252052307129,4.777430057525635,5.626821994781494,1.122863531112671,1.4808448440817301e-06
2pkea,16,3452,0.9939724802970886,IPR018357,"Hexapeptide transferase, conserved site",12.084345817565918,4.777782440185547,7.306563377380371,1.3387233018875122,5.896521179238334e-05
2pkea,16,3452,0.9564329385757446,IPR017896,"4Fe-4S ferredoxin-type, iron-sulphur binding domain",10.404252052307129,4.777430057525635,5.626821994781494,1.122863531112671,1.4808448440817301e-06
2pkea,16,3452,0.9810352921485901,IPR001705,Large ribosomal subunit protein bL33,11.0615234375,4.780884742736816,6.280638694763184,1.2101974487304688,0.003967702388763428
2pkea,16,3452,0.9857194423675537,IPR011004,Trimeric LpxA-like superfamily,11.712221145629883,4.765927791595459,6.946293354034424,1.2971826791763306,1.0110509248529654e-15
2pkea,16,3452,0.9810352921485901,IPR038584,Large ribosomal subunit protein bL33 superfamily,11.0615234375,4.780884742736816,6.280638694763184,1.2101974487304688,0.003967702388763428
2pkea,16,3452,0.9939383864402771,IPR001451,Hexapeptide repeat,12.090168952941895,4.7704386711120605,7.319730281829834,1.3416376113891602,2.246086650004031e-11
2pkea,16,3454,0.9645338654518127,IPR008271,"Serine/threonine-protein kinase, active site",22.656930923461914,20.363229751586914,2.293701171875,0.15398536622524261,8.149308648723937e-23
2pkea,16,3454,0.962573766708374,IPR017441,"Protein kinase, ATP binding site",22.59941291809082,20.36420249938965,2.235210418701172,0.15024931728839874,6.701198956929133e-21
2pkea,16,3454,0.9959143996238708,IPR000629,"ATP-dependent RNA helicase DEAD-box, conserved site",23.4998779296875,20.365753173828125,3.134124755859375,0.2065073549747467,8.304959367780307e-13
2pkea,16,3454,0.9800906777381897,IPR019775,"WD40 repeat, conserved site",23.01167869567871,20.368019104003906,2.6436595916748047,0.17605990171432495,8.91828166871278e-10
2pkea,16,3454,0.9628724455833435,IPR000719,Protein kinase domain,22.611478805541992,20.360977172851562,2.2505016326904297,0.15124793350696564,1.0220947529755733e-28
2pkea,16,3454,0.9947874546051025,IPR011545,DEAD/DEAH-box helicase domain,23.43212127685547,20.364418029785156,3.0677032470703125,0.20243623852729797,6.397443974242678e-16
2pkea,16,3454,0.995232343673706,IPR014014,"RNA helicase, DEAD-box type, Q motif",23.45750617980957,20.365882873535156,3.091623306274414,0.20389460027217865,9.388670396681675e-13
2pkea,16,3454,0.9597786664962769,IPR036322,WD40-repeat-containing domain superfamily,22.736068725585938,20.365198135375977,2.370870590209961,0.15887637436389923,1.0221627001017413e-16
2pkea,16,3454,0.960753321647644,IPR001680,WD40 repeat,22.756223678588867,20.3648738861084,2.3913497924804688,0.16017764806747437,2.2772920847017743e-17
2pkea,16,3454,0.9824591279029846,IPR020472,"PAC1/LIS1-like, WD-40 repeat",23.082868576049805,20.369186401367188,2.713682174682617,0.18043352663516998,7.061897235871584e-07
2pkea,16,3509,0.9587016105651855,IPR008271,"Serine/threonine-protein kinase, active site",5.565894603729248,1.5273361206054688,4.038558483123779,1.865586519241333,2.985516923447689e-22
2pkea,16,3509,0.9625111818313599,IPR017441,"Protein kinase, ATP binding site",5.744502544403076,1.5276744365692139,4.216828346252441,1.9108353853225708,4.71232718457634e-21
2pkea,16,3509,0.9543525576591492,IPR017970,"Homeobox, conserved site",5.736714839935303,1.5365763902664185,4.200138568878174,1.9004958868026733,1.069635580108752e-08
2pkea,16,3509,0.980379581451416,IPR018253,"DnaJ domain, conserved site",6.899531841278076,1.5365381240844727,5.3629937171936035,2.1668055057525635,7.705057782914082e-07
2pkea,16,3509,0.951897919178009,IPR019775,"WD40 repeat, conserved site",5.595986843109131,1.5373784303665161,4.058608531951904,1.8639107942581177,5.4226436674298384e-08
2pkea,16,3509,0.9597468972206116,IPR000504,RNA recognition motif domain,6.182600021362305,1.5357904434204102,4.6468095779418945,2.009222984313965,1.6671798164225038e-08
2pkea,16,3509,0.9609596133232117,IPR000719,Protein kinase domain,5.644153118133545,1.522369384765625,4.12178373336792,1.890429139137268,1.2456231175166384e-28
2pkea,16,3509,0.9792432188987732,IPR001305,"Heat shock protein DnaJ, cysteine-rich domain",6.737619400024414,1.5389792919158936,5.198639869689941,2.130255699157715,0.00024580935132689774
2pkea,16,3509,0.9533340930938721,IPR001356,Homeodomain,5.732701301574707,1.5327969789505005,4.199904441833496,1.9030390977859497,1.6713262447187044e-13
2pkea,16,3509,0.9827682971954346,IPR001623,DnaJ domain,7.268407821655273,1.5311250686645508,5.737282752990723,2.247037887573242,6.696370888348291e-12
2pkea,16,3509,0.9846080541610718,IPR002048,EF-hand domain,7.858372688293457,1.5318877696990967,6.326484680175781,2.35891056060791,1.455698450669729e-09
2pkea,16,3509,0.9793581366539001,IPR002939,"Chaperone DnaJ, C-terminal",6.7417144775390625,1.5384504795074463,5.203264236450195,2.1316280364990234,5.94328303122893e-05
2pkea,16,3509,0.9656535983085632,IPR003599,Immunoglobulin domain subtype,6.173901081085205,1.5376733541488647,4.636227607727051,2.0054240226745605,1.3375063190324e-06
2pkea,16,3509,0.9763686656951904,IPR013106,Immunoglobulin V-set domain,6.770627021789551,1.539443850517273,5.231183052062988,2.136870861053467,0.0013397539732977748
2pkea,16,3509,0.9718658924102783,IPR017452,"GPCR, rhodopsin-like, 7TM",6.494963645935059,1.528969407081604,4.965994358062744,2.086752414703369,2.3999971817335235e-16
2pkea,16,3509,0.9776592254638672,IPR000276,"G protein-coupled receptor, rhodopsin-like",6.659334182739258,1.5293558835983276,5.129978179931641,2.1224443912506104,1.0302550675913517e-15
2pkea,16,3509,0.9632756114006042,IPR001806,Small GTPase,6.67913818359375,1.540114402770996,5.139023780822754,2.116615056991577,0.01815715804696083
2pkea,16,3509,0.9792432188987732,IPR012724,Chaperone DnaJ,6.737619400024414,1.5389792919158936,5.198639869689941,2.130255699157715,0.00024580935132689774
2pkea,16,3509,0.9793581366539001,IPR008971,HSP40/DnaJ peptide-binding,6.7417144775390625,1.5384504795074463,5.203264236450195,2.1316280364990234,5.94328303122893e-05
2pkea,16,3509,0.9516425728797913,IPR011990,Tetratricopeptide-like helical domain superfamily,6.104591369628906,1.5318750143051147,4.572716236114502,1.994586706161499,8.110068606265175e-13
2pkea,16,3509,0.9836560487747192,IPR011992,EF-hand domain pair,7.808337688446045,1.5307594537734985,6.277578353881836,2.3507585525512695,9.80408115802689e-11
2pkea,16,3509,0.9546756744384766,IPR035979,RNA-binding domain superfamily,6.063129901885986,1.5347517728805542,4.528378009796143,1.9820480346679688,8.233665971246751e-10
2pkea,16,3509,0.9652615785598755,IPR036236,Zinc finger C2H2 superfamily,6.139988422393799,1.5363672971725464,4.603621006011963,1.9987033605575562,2.6866752378396086e-08
2pkea,16,3509,0.9792432188987732,IPR036410,"Heat shock protein DnaJ, cysteine-rich domain superfamily",6.737619400024414,1.5389792919158936,5.198639869689941,2.130255699157715,0.00024580935132689774
2pkea,16,3509,0.9839267134666443,IPR036869,Chaperone J-domain superfamily,7.4565887451171875,1.5293697118759155,5.927218914031982,2.285569190979004,3.187855795311334e-13
2pkea,16,3509,0.9560328125953674,IPR020472,"PAC1/LIS1-like, WD-40 repeat",5.714981555938721,1.5391499996185303,4.1758317947387695,1.8926056623458862,1.660511588852387e-05
2pkea,16,3665,0.9503505229949951,IPR018130,"Small ribosomal subunit protein uS2, conserved site",6.965494632720947,1.9069377183914185,5.058557033538818,1.8689604997634888,9.700418740976602e-05
2pkea,16,3665,0.9948573708534241,IPR018171,"Peptidyl-tRNA hydrolase, conserved site",12.1029052734375,1.9012378454208374,10.201667785644531,2.670334815979004,0.0007880683406256139
2pkea,16,3665,0.958712637424469,IPR001048,Aspartate/glutamate/uridylate kinase,7.365136623382568,1.8984273672103882,5.466709136962891,1.9558998346328735,5.297672023285571e-13
2pkea,16,3665,0.993501603603363,IPR001347,SIS domain,12.934755325317383,1.9021153450012207,11.03264045715332,2.765568494796753,0.018321266397833824
2pkea,16,3665,0.9552555680274963,IPR004160,"Translation elongation factor EFTu/EF1A, C-terminal",7.1777167320251465,1.9080755710601807,5.269640922546387,1.9113991260528564,0.0025270404294133186
2pkea,16,3665,0.9880725741386414,IPR005122,Uracil-DNA glycosylase-like,10.436522483825684,1.9056174755096436,8.530904769897461,2.453303098678589,0.029111983254551888
2pkea,16,3665,0.9598104953765869,IPR006073,GTP binding domain,7.411113739013672,1.8832881450653076,5.527825355529785,1.9764288663864136,3.9503401498095256e-28
2pkea,16,3665,0.9877272248268127,IPR006137,"NADH:ubiquinone oxidoreductase-like, 20kDa subunit",10.437662124633789,1.9039064645767212,8.5337553024292,2.454756498336792,0.0015770295867696404
2pkea,16,3665,0.9834096431732178,IPR006171,TOPRIM domain,10.494751930236816,1.8977878093719482,8.596963882446289,2.4672698974609375,1.00946678571745e-07
2pkea,16,3665,0.9927759766578674,IPR015967,"Recombination protein RecR, zinc finger domain",11.32306957244873,1.9015439748764038,9.421525955200195,2.574014186859131,0.00021570772514678538
2pkea,16,3665,0.9552555680274963,IPR033720,"Elongation factor Tu, domain 2",7.1777167320251465,1.9080755710601807,5.269640922546387,1.9113991260528564,0.0025270404294133186
2pkea,16,3665,0.9927759766578674,IPR034137,"RecR, TOPRIM domain",11.32306957244873,1.9015439748764038,9.421525955200195,2.574014186859131,0.00021570772514678538
2pkea,16,3665,0.9552555680274963,IPR041709,"Elongation factor Tu (EF-Tu), GTP-binding domain",7.1777167320251465,1.9080755710601807,5.269640922546387,1.9113991260528564,0.0025270404294133186
2pkea,16,3665,0.9927759766578674,IPR000093,DNA recombination protein RecR,11.32306957244873,1.9015439748764038,9.421525955200195,2.574014186859131,0.00021570772514678538
2pkea,16,3665,0.9603803753852844,IPR001057,Glutamate/acetylglutamate kinase,7.4960527420043945,1.908620834350586,5.587431907653809,1.97359299659729,0.020625468343496323
2pkea,16,3665,0.9948573708534241,IPR001328,Peptidyl-tRNA hydrolase,12.1029052734375,1.9012378454208374,10.201667785644531,2.670334815979004,0.0007880683406256139
2pkea,16,3665,0.9920480847358704,IPR001790,Large ribosomal subunit protein uL10,14.55290699005127,1.8985793590545654,12.654327392578125,2.938307523727417,0.004633192904293537
2pkea,16,3665,0.9904472231864929,IPR002136,Large ribosomal subunit protein uL4,11.145355224609375,1.9027727842330933,9.242582321166992,2.550259828567505,0.0012117315782234073
2pkea,16,3665,0.9552555680274963,IPR004541,"Translation elongation factor EFTu/EF1A, bacterial/organelle",7.1777167320251465,1.9080755710601807,5.269640922546387,1.9113991260528564,0.0025270404294133186
2pkea,16,3665,0.9899395108222961,IPR006138,"NADH-ubiquinone oxidoreductase, 20 Kd subunit",10.768693923950195,1.9051517248153687,8.863542556762695,2.4988579750061035,0.024840092286467552
2pkea,16,3665,0.9936911463737488,IPR013005,Large ribosomal subunit protein uL4-like,11.5400390625,1.9040703773498535,9.635969161987305,2.5994818210601807,0.018025826662778854
2pkea,16,3665,0.9552555680274963,IPR050055,Elongation factor Tu GTPase,7.1777167320251465,1.9080755710601807,5.269640922546387,1.9113991260528564,0.0025270404294133186
2pkea,16,3665,0.9526585340499878,IPR009001,"Translation elongation factor EF1A/initiation factor IF2gamma, C-terminal",7.052253246307373,1.9057238101959229,5.146529197692871,1.88773775100708,5.945098564552609e-06
2pkea,16,3665,0.9904472231864929,IPR023574,Large ribosomal subunit protein uL4 domain superfamily,11.145355224609375,1.9027727842330933,9.242582321166992,2.550259828567505,0.0012117315782234073
2pkea,16,3665,0.9927759766578674,IPR023627,Recombination protein RecR,11.32306957244873,1.9015439748764038,9.421525955200195,2.574014186859131,0.00021570772514678538
2pkea,16,3665,0.9906368851661682,IPR029035,DHS-like NAD/FAD-binding domain superfamily,11.394586563110352,1.904274344444275,9.490312576293945,2.5810277462005615,0.02340686321258545
2pkea,16,3665,0.9599199891090393,IPR029061,Thiamin diphosphate-binding fold,7.871614456176758,1.900243878364563,5.971370697021484,2.0504672527313232,9.70772795483299e-10
2pkea,16,3665,0.958712637424469,IPR036393,Acetylglutamate kinase-like superfamily,7.365136623382568,1.8984273672103882,5.466709136962891,1.9558998346328735,5.297672023285571e-13
2pkea,16,3665,0.9948573708534241,IPR036416,Peptidyl-tRNA hydrolase superfamily,12.1029052734375,1.9012378454208374,10.201667785644531,2.670334815979004,0.0007880683406256139
2pkea,16,3665,0.9880725741386414,IPR036895,Uracil-DNA glycosylase-like domain superfamily,10.436522483825684,1.9056174755096436,8.530904769897461,2.453303098678589,0.029111983254551888
2pkea,16,3665,0.9524955153465271,IPR037171,NagB/RpiA transferase-like,7.5410614013671875,1.9051616191864014,5.635899543762207,1.984846591949463,2.1390989786596037e-05
2pkea,16,3665,0.9920480847358704,IPR043141,Large ribosomal subunit protein uL10-like domain superfamily,14.55290699005127,1.8985793590545654,12.654327392578125,2.938307523727417,0.004633192904293537
2pkea,16,3665,0.9860194325447083,IPR046348,SIS domain superfamily,10.875776290893555,1.894208550453186,8.9815673828125,2.5214436054229736,9.176789883547087e-10
2pkea,16,3666,0.9872357249259949,IPR018101,"Translation elongation factor Ts, conserved site",8.7830171585083,3.116516590118408,5.666500568389893,1.4947775602340698,0.04003335162997246
2pkea,16,3666,0.9977042078971863,IPR018260,"Large ribosomal subunit protein uL22, conserved site",10.41493034362793,3.1113030910491943,7.303627014160156,1.7430577278137207,3.9036305679474026e-05
2pkea,16,3666,0.9875246286392212,IPR014039,"Translation elongation factor EFTs/EF1B, dimerisation",8.807639122009277,3.1159119606018066,5.691727161407471,1.4990962743759155,0.009119215421378613
2pkea,16,3666,0.9877529740333557,IPR023584,Ribosome recycling factor domain,8.78038215637207,3.114250659942627,5.666131496429443,1.495393991470337,0.0001145891219493933
2pkea,16,3666,0.9598737359046936,IPR027486,Small ribosomal subunit protein uS10 domain,7.2409539222717285,3.1166136264801025,4.124340057373047,1.216195821762085,0.000576065736822784
2pkea,16,3666,0.9999785423278809,IPR048300,"TACO1/YebC-like, second and third domains",11.513392448425293,3.1126885414123535,8.400703430175781,1.8870751857757568,0.013593935407698154
2pkea,16,3666,0.9999785423278809,IPR049083,"TACO1/YebC-like, N-terminal domain",11.513392448425293,3.1126885414123535,8.400703430175781,1.8870751857757568,0.013593935407698154
2pkea,16,3666,0.99783855676651,IPR001063,Large ribosomal subunit protein uL22,10.3623046875,3.10703706741333,7.25526762008667,1.7377288341522217,4.627286553926524e-09
2pkea,16,3666,0.9875246286392212,IPR001816,Translation elongation factor EFTs/EF1B,8.807639122009277,3.1159119606018066,5.691727161407471,1.4990962743759155,0.009119215421378613
2pkea,16,3666,0.9598737359046936,IPR001848,Small ribosomal subunit protein uS10,7.2409539222717285,3.1166136264801025,4.124340057373047,1.216195821762085,0.000576065736822784
2pkea,16,3666,0.9877529740333557,IPR002661,Ribosome recycling factor,8.78038215637207,3.114250659942627,5.666131496429443,1.495393991470337,0.0001145891219493933
2pkea,16,3666,0.9999785423278809,IPR002876,Transcriptional regulator TACO1-like,11.513392448425293,3.1126885414123535,8.400703430175781,1.8870751857757568,0.013593935407698154
2pkea,16,3666,0.9979107975959778,IPR005727,"Large ribosomal subunit protein uL22, bacterial/chloroplast-type",10.423047065734863,3.109823226928711,7.313223838806152,1.7448680400848389,1.8717494185693795e-06
2pkea,16,3666,0.9697956442832947,IPR013025,Large ribosomal subunit protein uL23-like,7.66015625,3.1162707805633545,4.543885231018066,1.297548532485962,0.0007586191059090197
2pkea,16,3666,0.9979107975959778,IPR047867,"Large ribosomal subunit protein uL22, bacterial/organelle-type",10.423047065734863,3.109823226928711,7.313223838806152,1.7448680400848389,1.8717494185693795e-06
2pkea,16,3666,0.9702751040458679,IPR012678,Ribosomal protein uL23/eL15/eS24 core domain superfamily,7.6766037940979,3.115784168243408,4.560819625854492,1.300868272781372,0.00018748028378468007
2pkea,16,3666,0.9758330583572388,IPR016039,Thiolase-like,7.8938798904418945,3.115370273590088,4.778509616851807,1.341326355934143,0.00010189367458224297
2pkea,16,3666,0.9999785423278809,IPR017856,"Integrase-like, N-terminal",11.513392448425293,3.1126885414123535,8.400703430175781,1.8870751857757568,0.013593935407698154
2pkea,16,3666,0.9999785423278809,IPR026564,"Transcriptional regulator TACO1-like, domain 3",11.513392448425293,3.1126885414123535,8.400703430175781,1.8870751857757568,0.013593935407698154
2pkea,16,3666,0.9999785423278809,IPR029072,YebC-like,11.513392448425293,3.1126885414123535,8.400703430175781,1.8870751857757568,0.013593935407698154
2pkea,16,3666,0.9877529740333557,IPR036191,RRF superfamily,8.78038215637207,3.114250659942627,5.666131496429443,1.495393991470337,0.0001145891219493933
2pkea,16,3666,0.99783855676651,IPR036394,Ribosomal protein uL22 superfamily,10.3623046875,3.10703706741333,7.25526762008667,1.7377288341522217,4.627286553926524e-09
2pkea,16,3666,0.9875246286392212,IPR036402,"Elongation factor Ts, dimerisation domain superfamily",8.807639122009277,3.1159119606018066,5.691727161407471,1.4990962743759155,0.009119215421378613
2pkea,16,3666,0.9598737359046936,IPR036838,Small ribosomal subunit protein uS10 domain superfamily,7.2409539222717285,3.1166136264801025,4.124340057373047,1.216195821762085,0.000576065736822784
2pkea,16,3679,0.9909169673919678,IPR033690,"Adenylate kinase, conserved site",11.487253189086914,3.9292409420013428,7.558012008666992,1.5477076768875122,1.8928303688880987e-05
2pkea,16,3679,0.9584685564041138,IPR000836,Phosphoribosyltransferase domain,10.035107612609863,3.9111440181732178,6.123963356018066,1.3593897819519043,1.3311769029227662e-22
2pkea,16,3679,0.9609216451644897,IPR004821,Cytidyltransferase-like domain,10.19047737121582,3.9204015731811523,6.270075798034668,1.37814462184906,4.6316550990571984e-14
2pkea,16,3679,0.9503390789031982,IPR006131,"Aspartate/ornithine carbamoyltransferase, Asp/Orn-binding domain",9.538372993469238,3.9340739250183105,5.604299068450928,1.2777154445648193,0.01890822872519493
2pkea,16,3679,0.9503390789031982,IPR006132,"Aspartate/ornithine carbamoyltransferase, carbamoyl-P binding",9.538372993469238,3.9340739250183105,5.604299068450928,1.2777154445648193,0.01890822872519493
2pkea,16,3679,0.9801588654518127,IPR016009,tRNA methyltransferase TRMD/TRM10-type domain,10.7138671875,3.932751417160034,6.781115531921387,1.4458646774291992,0.0043086158111691475
2pkea,16,3679,0.9532321691513062,IPR019489,"Clp ATPase, C-terminal",9.635459899902344,3.9327659606933594,5.702693939208984,1.2928054332733154,0.00117121625225991
2pkea,16,3679,0.9904809594154358,IPR000850,Adenylate kinase/UMP-CMP kinase,11.451367378234863,3.928555488586426,7.5228118896484375,1.543445348739624,4.607696610037237e-06
2pkea,16,3679,0.9846473932266235,IPR001980,Phosphopantetheine adenylyltransferase,10.96657943725586,3.9309370517730713,7.035642623901367,1.4801647663116455,0.00016061463975347579
2pkea,16,3679,0.9801588654518127,IPR002649,tRNA (guanine-N1-)-methyltransferase TrmD,10.7138671875,3.932751417160034,6.781115531921387,1.4458646774291992,0.0043086158111691475
2pkea,16,3679,0.9818785190582275,IPR003742,RNA methyltransferase RlmH,10.807291984558105,3.9312238693237305,6.876068115234375,1.4589509963989258,0.0002155124966520816
2pkea,16,3679,0.9503390789031982,IPR006130,Aspartate/ornithine carbamoyltransferase,9.538372993469238,3.9340739250183105,5.604299068450928,1.2777154445648193,0.01890822872519493
2pkea,16,3679,0.9895941019058228,IPR006259,Adenylate kinase subfamily,11.354549407958984,3.930981159210205,7.423568248748779,1.5303055047988892,0.0004076017939951271
2pkea,16,3679,0.9558795094490051,IPR050054,Uracil phosphoribosyltransferase/Adenine phosphoribosyltransferase,10.025440216064453,3.9277470111846924,6.09769344329834,1.3518880605697632,1.2824862949400995e-07
2pkea,16,3679,0.9801588654518127,IPR023148,"tRNA (guanine-N(1)-)-methyltransferase, C-terminal domain superfamily",10.7138671875,3.932751417160034,6.781115531921387,1.4458646774291992,0.0043086158111691475
2pkea,16,3679,0.9701876044273376,IPR029026,"tRNA (guanine-N1-)-methyltransferase, N-terminal",10.485676765441895,3.917987108230591,6.567689895629883,1.420231819152832,4.721522584255448e-16
2pkea,16,3679,0.9701876044273376,IPR029028,Alpha/beta knot methyltransferases,10.485676765441895,3.917987108230591,6.567689895629883,1.420231819152832,4.721522584255448e-16
2pkea,16,3679,0.9584685564041138,IPR029057,Phosphoribosyltransferase-like,10.035107612609863,3.9111440181732178,6.123963356018066,1.3593897819519043,1.3311769029227662e-22
2pkea,16,3679,0.9503390789031982,IPR036901,Aspartate/ornithine carbamoyltransferase superfamily,9.538372993469238,3.9340739250183105,5.604299068450928,1.2777154445648193,0.01890822872519493
2pkea,16,3822,0.9766530394554138,IPR003960,"ATPase, AAA-type, conserved site",3.177339553833008,0.713691234588623,2.4636483192443848,2.1544270515441895,0.023065874353051186
2pkea,16,3822,0.9692212343215942,IPR020904,"Short-chain dehydrogenase/reductase, conserved site",2.699955940246582,0.7137638926506042,1.986191987991333,1.9193968772888184,0.000578604987822473
2pkea,16,3822,0.9867327809333801,IPR001789,"Signal transduction response regulator, receiver domain",3.910890817642212,0.7129830121994019,3.1979079246520996,2.4555373191833496,0.04474639892578125
2pkea,16,3822,0.9986968636512756,IPR013766,Thioredoxin domain,10.675618171691895,0.6931824684143066,9.98243522644043,3.9449198246002197,2.890964689861164e-10
2pkea,16,3822,0.9717752933502197,IPR019489,"Clp ATPase, C-terminal",2.6701467037200928,0.7134225964546204,1.9567241668701172,1.9040700197219849,2.4113416657201014e-05
2pkea,16,3822,0.9835147857666016,IPR023584,Ribosome recycling factor domain,3.2687716484069824,0.7125391364097595,2.556232452392578,2.1976871490478516,2.753629996732343e-05
2pkea,16,3822,0.9766650199890137,IPR001790,Large ribosomal subunit protein uL10,4.187136650085449,0.7119275331497192,3.4752092361450195,2.5561413764953613,0.0051827197894454
2pkea,16,3822,0.9622827172279358,IPR002347,Short-chain dehydrogenase/reductase SDR,2.544461727142334,0.7123769521713257,1.8320847749710083,1.83662748336792,4.266504038952235e-09
2pkea,16,3822,0.9835147857666016,IPR002661,Ribosome recycling factor,3.2687716484069824,0.7125391364097595,2.556232452392578,2.1976871490478516,2.753629996732343e-05
2pkea,16,3822,0.9690168499946594,IPR050052,ATP-dependent Clp protease ATP-binding subunit ClpX,2.5538573265075684,0.7143811583518982,1.8394761085510254,1.8378918170928955,0.01057462953031063
2pkea,16,3822,0.9690924882888794,IPR029044,Nucleotide-diphospho-sugar transferases,5.625514030456543,0.6924751400947571,4.933038711547852,3.022129774093628,2.3265553216864424e-24
2pkea,16,3822,0.9835147857666016,IPR036191,RRF superfamily,3.2687716484069824,0.7125391364097595,2.556232452392578,2.1976871490478516,2.753629996732343e-05
2pkea,16,3822,0.9766650199890137,IPR043141,Large ribosomal subunit protein uL10-like domain superfamily,4.187136650085449,0.7119275331497192,3.4752092361450195,2.5561413764953613,0.0051827197894454
2pkea,16,3842,0.9709253311157227,IPR018171,"Peptidyl-tRNA hydrolase, conserved site",6.85516357421875,1.2462866306304932,5.608877182006836,2.459543466567993,0.0008725390071049333
2pkea,16,3842,0.9996564388275146,IPR018181,"Heat shock protein 70, conserved site",16.29232406616211,1.223616600036621,15.068707466125488,3.734957218170166,9.109440313181949e-09
2pkea,16,3842,0.9861743450164795,IPR018483,"Carbohydrate kinase, FGGY, conserved site",9.951171875,1.243941307067871,8.707230567932129,2.99993634223938,0.02214377373456955
2pkea,16,3842,0.9896855354309082,IPR023865,"Aliphatic acid kinase, short-chain, conserved site",11.144670486450195,1.2413963079452515,9.903274536132812,3.166306734085083,0.0031928694806993008
2pkea,16,3842,0.9837832450866699,IPR001048,Aspartate/glutamate/uridylate kinase,9.109197616577148,1.2276755571365356,7.881522178649902,2.891382932662964,2.3068733868956506e-17
2pkea,16,3842,0.9693955183029175,IPR004101,"Mur ligase, C-terminal",6.399480819702148,1.2423679828643799,5.157113075256348,2.3648507595062256,1.5381167450811972e-09
2pkea,16,3842,0.9944350719451904,IPR006641,YqgF/RNase H-like domain,13.042067527770996,1.2399181127548218,11.802149772644043,3.3948440551757812,0.010794462636113167
2pkea,16,3842,0.9500621557235718,IPR011115,"SecA DEAD-like, N-terminal",5.166299819946289,1.2486008405685425,3.917698860168457,2.048807382583618,0.001785589149221778
2pkea,16,3842,0.9500621557235718,IPR011116,SecA Wing/Scaffold,5.166299819946289,1.2486008405685425,3.917698860168457,2.048807382583618,0.001785589149221778
2pkea,16,3842,0.9500621557235718,IPR011130,"SecA, preprotein cross-linking domain",5.166299819946289,1.2486008405685425,3.917698860168457,2.048807382583618,0.001785589149221778
2pkea,16,3842,0.9693955183029175,IPR013221,"Mur ligase, central",6.399480819702148,1.2423679828643799,5.157113075256348,2.3648507595062256,1.5381167450811972e-09
2pkea,16,3842,0.9500621557235718,IPR014018,SecA motor DEAD,5.166299819946289,1.2486008405685425,3.917698860168457,2.048807382583618,0.001785589149221778
2pkea,16,3842,0.9597669243812561,IPR015967,"Recombination protein RecR, zinc finger domain",5.813648700714111,1.2474982738494873,4.566150665283203,2.2203946113586426,0.0006430355715565383
2pkea,16,3842,0.9869700074195862,IPR018484,"Carbohydrate kinase FGGY, N-terminal",10.105416297912598,1.2384134531021118,8.867002487182617,3.0285520553588867,1.3254976920507033e-06
2pkea,16,3842,0.9868336915969849,IPR018485,"Carbohydrate kinase FGGY, C-terminal",10.060663223266602,1.2376147508621216,8.82304859161377,3.0230796337127686,2.71799876827572e-07
2pkea,16,3842,0.9645634889602661,IPR023753,FAD/NAD(P)-binding domain,5.975013256072998,1.2481706142425537,4.726842880249023,2.259115219116211,0.007239258382469416
2pkea,16,3842,0.9578757286071777,IPR024567,Ribonuclease HII/HIII domain,5.5607099533081055,1.246632695198059,4.314077377319336,2.1572210788726807,1.1062702469644137e-05
2pkea,16,3842,0.9597669243812561,IPR034137,"RecR, TOPRIM domain",5.813648700714111,1.2474982738494873,4.566150665283203,2.2203946113586426,0.0006430355715565383
2pkea,16,3842,0.9500621557235718,IPR044722,"SecA, C-terminal helicase domain",5.166299819946289,1.2486008405685425,3.917698860168457,2.048807382583618,0.001785589149221778
2pkea,16,3842,0.9597669243812561,IPR000093,DNA recombination protein RecR,5.813648700714111,1.2474982738494873,4.566150665283203,2.2203946113586426,0.0006430355715565383
2pkea,16,3842,0.9500621557235718,IPR000185,Protein translocase subunit SecA,5.166299819946289,1.2486008405685425,3.917698860168457,2.048807382583618,0.001785589149221778
2pkea,16,3842,0.9860857725143433,IPR000577,"Carbohydrate kinase, FGGY",9.919661521911621,1.2422447204589844,8.677416801452637,2.9973297119140625,0.0008953097858466208
2pkea,16,3842,0.9889625906944275,IPR000890,"Aliphatic acid kinase, short-chain",10.761568069458008,1.2428866624832153,9.518681526184082,3.114109992980957,0.017397543415427208
2pkea,16,3842,0.9827035665512085,IPR001057,Glutamate/acetylglutamate kinase,9.018513679504395,1.2428196668624878,7.775693893432617,2.8592610359191895,0.0002570586511865258
2pkea,16,3842,0.9709253311157227,IPR001328,Peptidyl-tRNA hydrolase,6.85516357421875,1.2462866306304932,5.608877182006836,2.459543466567993,0.0008725390071049333
2pkea,16,3842,0.9578757286071777,IPR001352,Ribonuclease HII/HIII,5.5607099533081055,1.246632695198059,4.314077377319336,2.1572210788726807,1.1062702469644137e-05
2pkea,16,3842,0.9790265560150146,IPR001576,Phosphoglycerate kinase,8.043795585632324,1.2464243173599243,6.7973713874816895,2.6900694370269775,0.04085077345371246
2pkea,16,3842,0.9944350719451904,IPR005227,Putative pre-16S rRNA nuclease,13.042067527770996,1.2399181127548218,11.802149772644043,3.3948440551757812,0.010794462636113167
2pkea,16,3842,0.9844720959663391,IPR011817,Uridylate kinase,9.590144157409668,1.2444114685058594,8.345732688903809,2.946077346801758,0.025640584528446198
2pkea,16,3842,0.999383807182312,IPR012725,Chaperone DnaK,16.321014404296875,1.2356499433517456,15.08536434173584,3.723376989364624,0.00697993254289031
2pkea,16,3842,0.9996401071548462,IPR013126,Heat shock protein 70 family,16.253293991088867,1.2221922874450684,15.03110122680664,3.7331771850585938,1.6970784777470271e-09
2pkea,16,3842,0.9568211436271667,IPR019981,"Small ribosomal subunit protein uS11, bacterial-type",5.505468845367432,1.2467434406280518,4.258725166320801,2.1426892280578613,1.2608906217792537e-05
2pkea,16,3842,0.9569002389907837,IPR022898,Ribonuclease HII,5.511259078979492,1.2480133771896362,4.263245582580566,2.1427369117736816,0.0008713626302778721
2pkea,16,3842,0.9790265560150146,IPR015824,"Phosphoglycerate kinase, N-terminal",8.043795585632324,1.2464243173599243,6.7973713874816895,2.6900694370269775,0.04085077345371246
2pkea,16,3842,0.9929288625717163,IPR023214,HAD superfamily,12.594244956970215,1.2279818058013916,11.366263389587402,3.358391761779785,1.7303335153595611e-10
2pkea,16,3842,0.9597669243812561,IPR023627,Recombination protein RecR,5.813648700714111,1.2474982738494873,4.566150665283203,2.2203946113586426,0.0006430355715565383
2pkea,16,3842,0.9675212502479553,IPR029001,Inosine triphosphate pyrophosphatase-like,6.908203125,1.2456344366073608,5.66256856918335,2.4714181423187256,0.00028008437948301435
2pkea,16,3842,0.9538440704345703,IPR029033,Histidine phosphatase superfamily,5.478678226470947,1.2489163875579834,4.229762077331543,2.1331393718719482,0.01981906034052372
2pkea,16,3842,0.9996564388275146,IPR029047,"Heat shock protein 70kD, peptide-binding domain superfamily",16.29232406616211,1.223616600036621,15.068707466125488,3.734957218170166,9.109440313181949e-09
2pkea,16,3842,0.9995540976524353,IPR029048,"Heat shock protein 70kD, C-terminal domain superfamily",16.27912712097168,1.2251529693603516,15.053974151611328,3.731977701187134,4.9767990617510804e-08
2pkea,16,3842,0.9790265560150146,IPR036043,Phosphoglycerate kinase superfamily,8.043795585632324,1.2464243173599243,6.7973713874816895,2.6900694370269775,0.04085077345371246
2pkea,16,3842,0.9500621557235718,IPR036266,"SecA, Wing/Scaffold superfamily",5.166299819946289,1.2486008405685425,3.917698860168457,2.048807382583618,0.001785589149221778
2pkea,16,3842,0.9837832450866699,IPR036393,Acetylglutamate kinase-like superfamily,9.109197616577148,1.2276755571365356,7.881522178649902,2.891382932662964,2.3068733868956506e-17
2pkea,16,3842,0.9933542609214783,IPR036412,HAD-like superfamily,12.761774063110352,1.2287348508834839,11.533039093017578,3.3765716552734375,8.323143285693391e-10
2pkea,16,3842,0.9709253311157227,IPR036416,Peptidyl-tRNA hydrolase superfamily,6.85516357421875,1.2462866306304932,5.608877182006836,2.459543466567993,0.0008725390071049333
2pkea,16,3842,0.9696518778800964,IPR036565,"Mur-like, catalytic domain superfamily",6.4244256019592285,1.241786003112793,5.1826395988464355,2.3711392879486084,3.3461461379502566e-10
2pkea,16,3842,0.9696518778800964,IPR036615,"Mur ligase, C-terminal domain superfamily",6.4244256019592285,1.241786003112793,5.1826395988464355,2.3711392879486084,3.3461461379502566e-10
2pkea,16,3842,0.9500621557235718,IPR036670,"SecA, preprotein cross-linking domain superfamily",5.166299819946289,1.2486008405685425,3.917698860168457,2.048807382583618,0.001785589149221778
2pkea,16,3842,0.9944350719451904,IPR037027,YqgF/RNase H-like domain superfamily,13.042067527770996,1.2399181127548218,11.802149772644043,3.3948440551757812,0.010794462636113167
2pkea,16,3842,0.9958112835884094,IPR043129,"ATPase, nucleotide binding domain",12.335223197937012,1.1489917039871216,11.18623161315918,3.424330949783325,0.0
2pkea,16,3879,0.9915329217910767,IPR008271,"Serine/threonine-protein kinase, active site",8.623828887939453,1.8489357233047485,6.774893283843994,2.221625566482544,1.9079419127810546e-26
2pkea,16,3879,0.9901086688041687,IPR017441,"Protein kinase, ATP binding site",8.40163516998291,1.8520724773406982,6.549562454223633,2.1815216541290283,2.2360351105341417e-24
2pkea,16,3879,0.9651191830635071,IPR018171,"Peptidyl-tRNA hydrolase, conserved site",5.65606689453125,1.8781204223632812,3.7779464721679688,1.5905020236968994,0.015991967171430588
2pkea,16,3879,0.9516659379005432,IPR031157,"Tr-type G domain, conserved site",5.2035956382751465,1.865471601486206,3.3381240367889404,1.4799606800079346,1.894521250230635e-23
2pkea,16,3879,0.9916633367538452,IPR000719,Protein kinase domain,8.505324363708496,1.8421876430511475,6.6631364822387695,2.2069382667541504,2.2232984237345962e-33
2pkea,16,3879,0.9648053646087646,IPR001279,Metallo-beta-lactamase,5.915041446685791,1.8704136610031128,4.044627666473389,1.6610232591629028,8.657661176511566e-13
2pkea,16,3879,0.9739976525306702,IPR004160,"Translation elongation factor EFTu/EF1A, C-terminal",6.288763999938965,1.8762227296829224,4.412541389465332,1.7449376583099365,0.000448541744844988
2pkea,16,3879,0.9658907651901245,IPR005225,Small GTP-binding domain,6.017704963684082,1.8305699825286865,4.187134742736816,1.7169126272201538,0.0
2pkea,16,3879,0.982502818107605,IPR006073,GTP binding domain,7.338527202606201,1.8501372337341309,5.48838996887207,1.9878504276275635,2.636923000504693e-31
2pkea,16,3879,0.9897519946098328,IPR024567,Ribonuclease HII/HIII domain,7.786262512207031,1.8723372220993042,5.9139251708984375,2.0560829639434814,4.492706466407981e-06
2pkea,16,3879,0.9739976525306702,IPR033720,"Elongation factor Tu, domain 2",6.288763999938965,1.8762227296829224,4.412541389465332,1.7449376583099365,0.000448541744844988
2pkea,16,3879,0.9739976525306702,IPR041709,"Elongation factor Tu (EF-Tu), GTP-binding domain",6.288763999938965,1.8762227296829224,4.412541389465332,1.7449376583099365,0.000448541744844988
2pkea,16,3879,0.9651191830635071,IPR001328,Peptidyl-tRNA hydrolase,5.65606689453125,1.8781204223632812,3.7779464721679688,1.5905020236968994,0.015991967171430588
2pkea,16,3879,0.9897519946098328,IPR001352,Ribonuclease HII/HIII,7.786262512207031,1.8723372220993042,5.9139251708984375,2.0560829639434814,4.492706466407981e-06
2pkea,16,3879,0.985792875289917,IPR001806,Small GTPase,7.3292236328125,1.875439167022705,5.453784465789795,1.9664242267608643,0.0023141673300415277
2pkea,16,3879,0.9739976525306702,IPR004541,"Translation elongation factor EFTu/EF1A, bacterial/organelle",6.288763999938965,1.8762227296829224,4.412541389465332,1.7449376583099365,0.000448541744844988
2pkea,16,3879,0.9897973537445068,IPR022898,Ribonuclease HII,7.820082664489746,1.8740571737289429,5.946025371551514,2.0610110759735107,0.0003628051490522921
2pkea,16,3879,0.9739976525306702,IPR050055,Elongation factor Tu GTPase,6.288763999938965,1.8762227296829224,4.412541389465332,1.7449376583099365,0.000448541744844988
2pkea,16,3879,0.9733016490936279,IPR009001,"Translation elongation factor EF1A/initiation factor IF2gamma, C-terminal",6.196267604827881,1.8742247819900513,4.322042942047119,1.7250977754592896,5.18069782629027e-07
2pkea,16,3879,0.9926684498786926,IPR011009,Protein kinase-like domain superfamily,8.66268539428711,1.8308773040771484,6.831808090209961,2.2422714233398438,0.0
2pkea,16,3879,0.9651191830635071,IPR036416,Peptidyl-tRNA hydrolase superfamily,5.65606689453125,1.8781204223632812,3.7779464721679688,1.5905020236968994,0.015991967171430588
2pkea,16,3879,0.9642362594604492,IPR036866,Ribonuclease Z/Hydroxyacylglutathione hydrolase-like,5.882479190826416,1.870121955871582,4.012357234954834,1.6532841920852661,2.62313960700325e-13
2pkea,16,3904,0.9916979670524597,IPR019775,"WD40 repeat, conserved site",11.632771492004395,2.5318830013275146,9.1008882522583,2.199906587600708,1.0762676166953256e-10
2pkea,16,3904,0.9502455592155457,IPR006073,GTP binding domain,8.316919326782227,2.520517349243164,5.7964019775390625,1.7223236560821533,1.5999089856245512e-26
2pkea,16,3904,0.9795109629631042,IPR001806,Small GTPase,10.28228759765625,2.5440738201141357,7.738213539123535,2.0149431228637695,0.00393196614459157
2pkea,16,3904,0.9910498857498169,IPR002903,Ribosomal RNA small subunit methyltransferase H,11.352083206176758,2.5432419776916504,8.808841705322266,2.1582107543945312,0.0057465685531497
2pkea,16,3904,0.9537556767463684,IPR023214,HAD superfamily,9.678084373474121,2.5393221378326416,7.138762474060059,1.9302723407745361,1.7243651200260501e-06
2pkea,16,3904,0.9910498857498169,IPR023397,"S-adenosyl-L-methionine-dependent methyltransferase, MraW, recognition domain superfamily",11.352083206176758,2.5432419776916504,8.808841705322266,2.1582107543945312,0.0057465685531497
2pkea,16,3904,0.9674004912376404,IPR029001,Inosine triphosphate pyrophosphatase-like,10.60271167755127,2.542753219604492,8.059958457946777,2.059964179992676,0.0031769496854394674
2pkea,16,3904,0.9611585140228271,IPR036412,HAD-like superfamily,9.914816856384277,2.539491891860962,7.3753252029418945,1.9650405645370483,2.3368149868474575e-06
2pkea,16,3904,0.9643980860710144,IPR001680,WD40 repeat,10.341265678405762,2.5228359699249268,7.818429946899414,2.0352888107299805,6.4972824407901745e-18
2pkea,16,3904,0.9933421611785889,IPR020472,"PAC1/LIS1-like, WD-40 repeat",11.785964012145996,2.5361056327819824,9.249858856201172,2.2163772583007812,1.3676310572918737e-07
2pkea,16,3938,0.995704710483551,IPR020596,"Ribosomal RNA adenine methylase transferase, conserved site",14.819475173950195,3.077518939971924,11.74195671081543,2.2676498889923096,0.019541405141353607
2pkea,16,3938,0.9899800419807434,IPR020904,"Short-chain dehydrogenase/reductase, conserved site",13.774970054626465,3.0757689476013184,10.699201583862305,2.163025379180908,0.00038862679502926767
2pkea,16,3938,0.9527163505554199,IPR000836,Phosphoribosyltransferase domain,9.82490062713623,3.058093547821045,6.7668070793151855,1.6838055849075317,6.918812990283698e-22
2pkea,16,3938,0.9622264504432678,IPR001236,"Lactate/malate dehydrogenase, N-terminal",10.430266380310059,3.080728769302368,7.3495378494262695,1.7594276666641235,0.0016444948269054294
2pkea,16,3938,0.9758409261703491,IPR006151,Quinate/shikimate 5-dehydrogenase/glutamyl-tRNA reductase,11.71097183227539,3.077554225921631,8.633417129516602,1.9279998540878296,0.00010151221795240417
2pkea,16,3938,0.9563145041465759,IPR020588,"DNA recombination and repair protein RecA-like, ATP-binding domain",10.120219230651855,3.082697629928589,7.0375213623046875,1.714970588684082,0.03818894922733307
2pkea,16,3938,0.995704710483551,IPR020598,"Ribosomal RNA adenine methylase transferase, N-terminal",14.819475173950195,3.077518939971924,11.74195671081543,2.2676498889923096,0.019541405141353607
2pkea,16,3938,0.9797707796096802,IPR020630,"Tetrahydrofolate dehydrogenase/cyclohydrolase, catalytic domain",12.296142578125,3.0792102813720703,9.21693229675293,1.9975687265396118,0.0044348216615617275
2pkea,16,3938,0.9797707796096802,IPR020631,"Tetrahydrofolate dehydrogenase/cyclohydrolase, NAD(P)-binding domain",12.296142578125,3.0792102813720703,9.21693229675293,1.9975687265396118,0.0044348216615617275
2pkea,16,3938,0.9622264504432678,IPR022383,"Lactate/malate dehydrogenase, C-terminal",10.430266380310059,3.080728769302368,7.3495378494262695,1.7594276666641235,0.0016444948269054294
2pkea,16,3938,0.9797707796096802,IPR000672,Tetrahydrofolate dehydrogenase/cyclohydrolase,12.296142578125,3.0792102813720703,9.21693229675293,1.9975687265396118,0.0044348216615617275
2pkea,16,3938,0.9614344239234924,IPR001557,L-lactate/malate dehydrogenase,10.360907554626465,3.08158278465271,7.279324531555176,1.7494022846221924,0.0065453508868813515
2pkea,16,3938,0.995704710483551,IPR001737,Ribosomal RNA adenine methyltransferase KsgA/Erm,14.819475173950195,3.077518939971924,11.74195671081543,2.2676498889923096,0.019541405141353607
2pkea,16,3938,0.9886956214904785,IPR002347,Short-chain dehydrogenase/reductase SDR,13.520959854125977,3.066776752471924,10.454183578491211,2.140397787094116,9.52113055063819e-10
2pkea,16,3938,0.994825541973114,IPR002903,Ribosomal RNA small subunit methyltransferase H,14.82873249053955,3.076328992843628,11.752403259277344,2.269108772277832,0.004706983920186758
2pkea,16,3938,0.9651632905006409,IPR050054,Uracil phosphoribosyltransferase/Adenine phosphoribosyltransferase,10.581629753112793,3.0744385719299316,7.507191181182861,1.783162236213684,3.2867539800918166e-08
2pkea,16,3938,0.962022602558136,IPR015955,"Lactate dehydrogenase/glycoside hydrolase, family 4, C-terminal",10.410910606384277,3.080029010772705,7.330881595611572,1.7570756673812866,0.00045649553067050874
2pkea,16,3938,0.995704710483551,IPR023165,"rRNA adenine dimethylase-like, C-terminal",14.819475173950195,3.077518939971924,11.74195671081543,2.2676498889923096,0.019541405141353607
2pkea,16,3938,0.994825541973114,IPR023397,"S-adenosyl-L-methionine-dependent methyltransferase, MraW, recognition domain superfamily",14.82873249053955,3.076328992843628,11.752403259277344,2.269108772277832,0.004706983920186758
2pkea,16,3938,0.9527163505554199,IPR029057,Phosphoribosyltransferase-like,9.82490062713623,3.058093547821045,6.7668070793151855,1.6838055849075317,6.918812990283698e-22
2pkea,16,3938,0.9779090285301208,IPR029063,S-adenosyl-L-methionine-dependent methyltransferase superfamily,12.18701171875,2.92822527885437,9.25878620147705,2.0572409629821777,0.0
2pkea,16,3938,0.9752912521362305,IPR036291,NAD(P)-binding domain superfamily,11.638657569885254,2.9142343997955322,8.7244234085083,1.9977308511734009,0.0
2pkea,16,3938,0.9776362180709839,IPR046346,"Aminoacid dehydrogenase-like, N-terminal domain superfamily",11.923571586608887,3.0673890113830566,8.856182098388672,1.9587286710739136,2.06675301872572e-11
2pkea,16,3989,0.9722104668617249,IPR020003,"ATPase, alpha/beta subunit, nucleotide-binding domain, active site",7.752442836761475,1.3407422304153442,6.41170072555542,2.5316083431243896,8.464341718883885e-19
2pkea,16,3989,0.9741507768630981,IPR000629,"ATP-dependent RNA helicase DEAD-box, conserved site",8.058874130249023,1.3468941450119019,6.711979866027832,2.5809311866760254,3.585647620832355e-12
2pkea,16,3989,0.9925324320793152,IPR003960,"ATPase, AAA-type, conserved site",12.395285606384277,1.3515689373016357,11.043716430664062,3.1970739364624023,0.007700677029788494
2pkea,16,3989,0.9869722723960876,IPR017871,"ABC transporter-like, conserved site",9.794976234436035,1.3118900060653687,8.483086585998535,2.9003841876983643,4.867648638358166e-36
2pkea,16,3989,0.9513940811157227,IPR018171,"Peptidyl-tRNA hydrolase, conserved site",5.7584228515625,1.3599926233291626,4.398430347442627,2.082064151763916,0.018690047785639763
2pkea,16,3989,0.9722104668617249,IPR000194,"ATPase, F1/V1/A1 complex, alpha/beta subunit, nucleotide-binding domain",7.752442836761475,1.3407422304153442,6.41170072555542,2.5316083431243896,8.464341718883885e-19
2pkea,16,3989,0.951607882976532,IPR000432,"DNA mismatch repair protein MutS, C-terminal",5.779257774353027,1.3577449321746826,4.421512603759766,2.089661121368408,2.543424670875538e-05
2pkea,16,3989,0.9680566787719727,IPR000793,"ATP synthase, alpha subunit, C-terminal",7.447935581207275,1.3524008989334106,6.095534801483154,2.4613070487976074,4.8386379347675756e-08
2pkea,16,3989,0.9780013561248779,IPR000836,Phosphoribosyltransferase domain,8.37767219543457,1.3296757936477661,7.047996520996094,2.655463933944702,5.7645606203737116e-27
2pkea,16,3989,0.9756547808647156,IPR001650,"Helicase, C-terminal domain-like",8.104718208312988,1.3263599872589111,6.778358459472656,2.611278772354126,5.558878930801294e-31
2pkea,16,3989,0.9868041276931763,IPR003439,"ABC transporter-like, ATP-binding domain",9.771520614624023,1.3103402853012085,8.461180686950684,2.8986306190490723,4.056373865298472e-37
2pkea,16,3989,0.9924341440200806,IPR003593,AAA+ ATPase domain,11.042346000671387,1.194696307182312,9.847649574279785,3.2083187103271484,0.0
2pkea,16,3989,0.9951068758964539,IPR003959,"ATPase, AAA-type, core",13.280259132385254,1.3143802881240845,11.9658784866333,3.336817741394043,2.449896682446142e-23
2pkea,16,3989,0.9718323349952698,IPR004100,"ATPase, F1/V1/A1 complex, alpha/beta subunit, N-terminal domain",7.712594509124756,1.3415459394454956,6.371048450469971,2.5233089923858643,3.820544590132359e-18
2pkea,16,3989,0.9581552147865295,IPR004839,"Aminotransferase, class I/classII, large domain",6.494421005249023,1.3577842712402344,5.136636734008789,2.2579360008239746,0.0006557132001034915
2pkea,16,3989,0.951607882976532,IPR007696,"DNA mismatch repair protein MutS, core",5.779257774353027,1.3577449321746826,4.421512603759766,2.089661121368408,2.543424670875538e-05
2pkea,16,3989,0.9984402656555176,IPR008823,"RuvB, winged helix, C-terminal domain",16.222156524658203,1.3476934432983398,14.874463081359863,3.589390754699707,0.02261359803378582
2pkea,16,3989,0.9984402656555176,IPR008824,"RuvB-like, AAA+ ATPase domain",16.222156524658203,1.3476934432983398,14.874463081359863,3.589390754699707,0.02261359803378582
2pkea,16,3989,0.9688705801963806,IPR011115,"SecA DEAD-like, N-terminal",7.5070061683654785,1.356574296951294,6.1504316329956055,2.468258857727051,0.0008528554462827742
2pkea,16,3989,0.9688705801963806,IPR011116,SecA Wing/Scaffold,7.5070061683654785,1.356574296951294,6.1504316329956055,2.468258857727051,0.0008528554462827742
2pkea,16,3989,0.9688705801963806,IPR011130,"SecA, preprotein cross-linking domain",7.5070061683654785,1.356574296951294,6.1504316329956055,2.468258857727051,0.0008528554462827742
2pkea,16,3989,0.9738642573356628,IPR011545,DEAD/DEAH-box helicase domain,8.00461483001709,1.343717098236084,6.660897731781006,2.574591875076294,2.94803252786518e-15
2pkea,16,3989,0.9749810695648193,IPR014001,"Helicase superfamily 1/2, ATP-binding domain",8.014604568481445,1.3228646516799927,6.691740036010742,2.598954916000366,1.3994489835279728e-34
2pkea,16,3989,0.9743346571922302,IPR014014,"RNA helicase, DEAD-box type, Q motif",8.079106330871582,1.3468332290649414,6.732273101806641,2.584613800048828,3.467542442417426e-12
2pkea,16,3989,0.9688705801963806,IPR014018,SecA motor DEAD,7.5070061683654785,1.356574296951294,6.1504316329956055,2.468258857727051,0.0008528554462827742
2pkea,16,3989,0.9955072402954102,IPR019489,"Clp ATPase, C-terminal",13.7991361618042,1.3433642387390137,12.455772399902344,3.360644817352295,2.1566240775428014e-06
2pkea,16,3989,0.9719738960266113,IPR020588,"DNA recombination and repair protein RecA-like, ATP-binding domain",7.780272960662842,1.3567523956298828,6.423520565032959,2.5196526050567627,0.0026074855122715235
2pkea,16,3989,0.9680566787719727,IPR033732,"ATP synthase, F1 complex, alpha subunit nucleotide-binding domain",7.447935581207275,1.3524008989334106,6.095534801483154,2.4613070487976074,4.8386379347675756e-08
2pkea,16,3989,0.9984402656555176,IPR041445,"RuvB, AAA lid domain",16.222156524658203,1.3476934432983398,14.874463081359863,3.589390754699707,0.02261359803378582
2pkea,16,3989,0.9688705801963806,IPR044722,"SecA, C-terminal helicase domain",7.5070061683654785,1.356574296951294,6.1504316329956055,2.468258857727051,0.0008528554462827742
2pkea,16,3989,0.9758000373840332,IPR055190,"ATP synthase A/B type, C-terminal domain",8.182333946228027,1.3554245233535767,6.82690954208374,2.593756914138794,0.0004154202761128545
2pkea,16,3989,0.9688705801963806,IPR000185,Protein translocase subunit SecA,7.5070061683654785,1.356574296951294,6.1504316329956055,2.468258857727051,0.0008528554462827742
2pkea,16,3989,0.9513940811157227,IPR001328,Peptidyl-tRNA hydrolase,5.7584228515625,1.3599926233291626,4.398430347442627,2.082064151763916,0.018690047785639763
2pkea,16,3989,0.9568519592285156,IPR001790,Large ribosomal subunit protein uL10,6.234635353088379,1.359717845916748,4.874917507171631,2.1969873905181885,0.04318096116185188
2pkea,16,3989,0.9984402656555176,IPR004605,Holliday junction branch migration complex subunit RuvB,16.222156524658203,1.3476934432983398,14.874463081359863,3.589390754699707,0.02261359803378582
2pkea,16,3989,0.9680566787719727,IPR005294,"ATP synthase, F1 complex, alpha subunit",7.447935581207275,1.3524008989334106,6.095534801483154,2.4613070487976074,4.8386379347675756e-08
2pkea,16,3989,0.9750365018844604,IPR005765,Uracil phosphoribosyl transferase,8.019763946533203,1.3577033281326294,6.662060737609863,2.562380790710449,0.0358089953660965
2pkea,16,3989,0.9750365018844604,IPR034332,"Uracil phosphoribosyltransferase, bacterial-type",8.019763946533203,1.3577033281326294,6.662060737609863,2.562380790710449,0.0358089953660965
2pkea,16,3989,0.951607882976532,IPR045076,DNA mismatch repair MutS,5.779257774353027,1.3577449321746826,4.421512603759766,2.089661121368408,2.543424670875538e-05
2pkea,16,3989,0.9948188662528992,IPR050052,ATP-dependent Clp protease ATP-binding subunit ClpX,13.44921875,1.3488796949386597,12.10033893585205,3.317678213119507,0.0012888639466837049
2pkea,16,3989,0.9774972796440125,IPR050054,Uracil phosphoribosyltransferase/Adenine phosphoribosyltransferase,8.243515014648438,1.349104642868042,6.894410133361816,2.6112468242645264,6.597674073738347e-10
2pkea,16,3989,0.9858742952346802,IPR008995,"Molybdate/tungstate binding, C-terminal",9.761453628540039,1.3535774946212769,8.407876014709473,2.8503077030181885,0.0006573128630407155
2pkea,16,3989,0.9501407742500305,IPR023214,HAD superfamily,6.472957611083984,1.3547464609146118,5.118211269378662,2.2563915252685547,6.122969580246718e-07
2pkea,16,3989,0.975857138633728,IPR024034,"ATPase, F1/V1 complex, beta/alpha subunit, C-terminal",8.211397171020508,1.356748342514038,6.854648590087891,2.597463846206665,0.007699321955442429
2pkea,16,3989,0.9780013561248779,IPR029057,Phosphoribosyltransferase-like,8.37767219543457,1.3296757936477661,7.047996520996094,2.655463933944702,5.7645606203737116e-27
2pkea,16,3989,0.9715312719345093,IPR036121,"ATPase, F1/V1/A1 complex, alpha/beta subunit, N-terminal domain superfamily",7.699343204498291,1.342875599861145,6.3564677238464355,2.5193989276885986,6.931381118711777e-17
2pkea,16,3989,0.951607882976532,IPR036187,"DNA mismatch repair protein MutS, core domain superfamily",5.779257774353027,1.3577449321746826,4.421512603759766,2.089661121368408,2.543424670875538e-05
2pkea,16,3989,0.9688705801963806,IPR036266,"SecA, Wing/Scaffold superfamily",7.5070061683654785,1.356574296951294,6.1504316329956055,2.468258857727051,0.0008528554462827742
2pkea,16,3989,0.9520658254623413,IPR036412,HAD-like superfamily,6.600554943084717,1.354965329170227,5.245589733123779,2.284320831298828,1.7386153103871038e-06
2pkea,16,3989,0.9513940811157227,IPR036416,Peptidyl-tRNA hydrolase superfamily,5.7584228515625,1.3599926233291626,4.398430347442627,2.082064151763916,0.018690047785639763
2pkea,16,3989,0.9688705801963806,IPR036670,"SecA, preprotein cross-linking domain superfamily",7.5070061683654785,1.356574296951294,6.1504316329956055,2.468258857727051,0.0008528554462827742
2pkea,16,3989,0.9680566787719727,IPR038376,"ATP synthase, alpha subunit, C-terminal domain superfamily",7.447935581207275,1.3524008989334106,6.095534801483154,2.4613070487976074,4.8386379347675756e-08
2pkea,16,3989,0.9568519592285156,IPR043141,Large ribosomal subunit protein uL10-like domain superfamily,6.234635353088379,1.359717845916748,4.874917507171631,2.1969873905181885,0.04318096116185188
2pkea,16,3990,0.9706471562385559,IPR016066,"Alpha-D-phosphohexomutase, conserved site",9.194968223571777,2.1037986278533936,7.091169357299805,2.1278412342071533,0.002340146107599139
2pkea,16,3990,0.9752854704856873,IPR020556,"Amidase, conserved site",9.271435737609863,2.104386568069458,7.167049407958984,2.1393861770629883,0.005927062127739191
2pkea,16,3990,0.9722852110862732,IPR005843,"Alpha-D-phosphohexomutase, C-terminal",9.30353832244873,2.10361385345459,7.199924468994141,2.1449027061462402,0.0019909890834242105
2pkea,16,3990,0.9714569449424744,IPR005844,"Alpha-D-phosphohexomutase, alpha/beta/alpha domain I",9.23914909362793,2.103008508682251,7.136140823364258,2.135298490524292,0.0005520363920368254
2pkea,16,3990,0.9801588654518127,IPR005845,"Alpha-D-phosphohexomutase, alpha/beta/alpha domain II",9.653711318969727,2.103773832321167,7.5499372482299805,2.1980972290039062,0.0037461225874722004
2pkea,16,3990,0.9801588654518127,IPR005846,"Alpha-D-phosphohexomutase, alpha/beta/alpha domain III",9.653711318969727,2.103773832321167,7.5499372482299805,2.1980972290039062,0.0037461225874722004
2pkea,16,3990,0.9992693662643433,IPR006131,"Aspartate/ornithine carbamoyltransferase, Asp/Orn-binding domain",12.751991271972656,2.0977416038513184,10.65424919128418,2.603806734085083,0.00012863895972259343
2pkea,16,3990,0.9992693662643433,IPR006132,"Aspartate/ornithine carbamoyltransferase, carbamoyl-P binding",12.751991271972656,2.0977416038513184,10.65424919128418,2.603806734085083,0.00012863895972259343
2pkea,16,3990,0.9916473031044006,IPR006151,Quinate/shikimate 5-dehydrogenase/glutamyl-tRNA reductase,10.99438762664795,2.098952531814575,8.895435333251953,2.389019012451172,1.464588422095403e-05
2pkea,16,3990,0.9736222624778748,IPR015590,Aldehyde dehydrogenase domain,9.282529830932617,2.101491689682007,7.181037902832031,2.143097400665283,2.8176586056360975e-05
2pkea,16,3990,0.992600679397583,IPR020630,"Tetrahydrofolate dehydrogenase/cyclohydrolase, catalytic domain",11.010416984558105,2.101599931716919,8.908817291259766,2.3893022537231445,0.0011377211194485426
2pkea,16,3990,0.992600679397583,IPR020631,"Tetrahydrofolate dehydrogenase/cyclohydrolase, NAD(P)-binding domain",11.010416984558105,2.101599931716919,8.908817291259766,2.3893022537231445,0.0011377211194485426
2pkea,16,3990,0.9753581285476685,IPR023631,Amidase signature domain,9.267509460449219,2.103675365447998,7.163834095001221,2.1392629146575928,0.0014682424953207374
2pkea,16,3990,0.9753581285476685,IPR000120,Amidase,9.267509460449219,2.103675365447998,7.163834095001221,2.1392629146575928,0.0014682424953207374
2pkea,16,3990,0.992600679397583,IPR000672,Tetrahydrofolate dehydrogenase/cyclohydrolase,11.010416984558105,2.101599931716919,8.908817291259766,2.3893022537231445,0.0011377211194485426
2pkea,16,3990,0.9990271925926208,IPR002082,Aspartate carbamoyltransferase,12.728050231933594,2.10097599029541,10.627074241638184,2.5988729000091553,0.012983158230781555
2pkea,16,3990,0.9762025475502014,IPR004412,Glutamyl-tRNA(Gln) amidotransferase A subunit,9.321337699890137,2.10430645942688,7.217031478881836,2.1471853256225586,0.00543865654617548
2pkea,16,3990,0.9801588654518127,IPR005841,Alpha-D-phosphohexomutase superfamily,9.653711318969727,2.103773832321167,7.5499372482299805,2.1980972290039062,0.0037461225874722004
2pkea,16,3990,0.9992693662643433,IPR006130,Aspartate/ornithine carbamoyltransferase,12.751991271972656,2.0977416038513184,10.65424919128418,2.603806734085083,0.00012863895972259343
2pkea,16,3990,0.9714569449424744,IPR016055,"Alpha-D-phosphohexomutase, alpha/beta/alpha I/II/III",9.23914909362793,2.103008508682251,7.136140823364258,2.135298490524292,0.0005520363920368254
2pkea,16,3990,0.9726781845092773,IPR016161,Aldehyde/histidinol dehydrogenase,9.193449020385742,2.0988264083862305,7.094622611999512,2.131016492843628,1.3380076779867522e-07
2pkea,16,3990,0.9736222624778748,IPR016162,"Aldehyde dehydrogenase, N-terminal",9.282529830932617,2.101491689682007,7.181037902832031,2.143097400665283,2.8176586056360975e-05
2pkea,16,3990,0.9736222624778748,IPR016163,"Aldehyde dehydrogenase, C-terminal",9.282529830932617,2.101491689682007,7.181037902832031,2.143097400665283,2.8176586056360975e-05
2pkea,16,3990,0.9574334621429443,IPR029061,Thiamin diphosphate-binding fold,8.391802787780762,2.0976004600524902,6.2942023277282715,2.0002341270446777,1.828394324832061e-09
2pkea,16,3990,0.9714569449424744,IPR036900,"Alpha-D-phosphohexomutase, C-terminal domain superfamily",9.23914909362793,2.103008508682251,7.136140823364258,2.135298490524292,0.0005520363920368254
2pkea,16,3990,0.9992693662643433,IPR036901,Aspartate/ornithine carbamoyltransferase superfamily,12.751991271972656,2.0977416038513184,10.65424919128418,2.603806734085083,0.00012863895972259343
2pkea,16,3990,0.9753581285476685,IPR036928,Amidase signature (AS) superfamily,9.267509460449219,2.103675365447998,7.163834095001221,2.1392629146575928,0.0014682424953207374
2pkea,16,3990,0.9878318309783936,IPR046346,"Aminoacid dehydrogenase-like, N-terminal domain superfamily",10.380413055419922,2.0909855365753174,8.289427757263184,2.3116018772125244,2.6854139571763636e-12
2pkea,16,3990,0.9620841145515442,IPR046348,SIS domain superfamily,8.773492813110352,2.098498582839966,6.674994468688965,2.0637869834899902,4.234354733512191e-08
2pkea,16,4049,0.9511481523513794,IPR004027,SEC-C motif,1.8368394374847412,0.4430748224258423,1.393764615058899,2.0515706539154053,4.367861038190313e-05
2pkea,16,4049,0.9895157814025879,IPR019972,"Large ribosomal subunit protein uL14, conserved site",2.4881250858306885,0.44046449661254883,2.0476605892181396,2.4979286193847656,1.6315986105588931e-12
2pkea,16,4049,0.9502231478691101,IPR020937,SecA conserved site,1.834794044494629,0.443636029958725,1.3911579847335815,2.0481371879577637,0.01966734789311886
2pkea,16,4049,0.9725003838539124,IPR033690,"Adenylate kinase, conserved site",2.0676398277282715,0.44249582290649414,1.6251440048217773,2.2242164611816406,6.131632517281105e-07
2pkea,16,4049,0.9969754815101624,IPR049946,"Large ribosomal subunit protein bL20, conserved site",3.1656250953674316,0.44149741530418396,2.724127769470215,2.8419806957244873,3.196209218003787e-05
2pkea,16,4049,0.9967685341835022,IPR000971,Globin,4.407885551452637,0.4376431107521057,3.970242500305176,3.3322269916534424,3.7164151756030606e-09
2pkea,16,4049,0.9515175819396973,IPR011115,"SecA DEAD-like, N-terminal",1.839722752571106,0.44320955872535706,1.3965132236480713,2.0533947944641113,0.00018822071433532983
2pkea,16,4049,0.9515175819396973,IPR011116,SecA Wing/Scaffold,1.839722752571106,0.44320955872535706,1.3965132236480713,2.0533947944641113,0.00018822071433532983
2pkea,16,4049,0.9515175819396973,IPR011130,"SecA, preprotein cross-linking domain",1.839722752571106,0.44320955872535706,1.3965132236480713,2.0533947944641113,0.00018822071433532983
2pkea,16,4049,0.9515175819396973,IPR014018,SecA motor DEAD,1.839722752571106,0.44320955872535706,1.3965132236480713,2.0533947944641113,0.00018822071433532983
2pkea,16,4049,0.9515175819396973,IPR044722,"SecA, C-terminal helicase domain",1.839722752571106,0.44320955872535706,1.3965132236480713,2.0533947944641113,0.00018822071433532983
2pkea,16,4049,0.9515175819396973,IPR000185,Protein translocase subunit SecA,1.839722752571106,0.44320955872535706,1.3965132236480713,2.0533947944641113,0.00018822071433532983
2pkea,16,4049,0.9898769855499268,IPR000218,Large ribosomal subunit protein uL14,2.502232074737549,0.43980881571769714,2.0624232292175293,2.5082345008850098,7.913032615226509e-15
2pkea,16,4049,0.9723772406578064,IPR000850,Adenylate kinase/UMP-CMP kinase,2.0616211891174316,0.4423450827598572,1.6192760467529297,2.2205023765563965,1.2071751598341507e-07
2pkea,16,4049,0.9896368384361267,IPR005745,"Large ribosomal subunit protein uL14, bacterial-type",2.4932003021240234,0.44004005193710327,2.0531601905822754,2.5022592544555664,4.7879123490348827e-14
2pkea,16,4049,0.9969754815101624,IPR005813,Large ribosomal subunit protein bL20,3.1656250953674316,0.44149741530418396,2.724127769470215,2.8419806957244873,3.196209218003787e-05
2pkea,16,4049,0.9713895916938782,IPR006259,Adenylate kinase subfamily,2.045036792755127,0.442859947681427,1.6021769046783447,2.207171678543091,1.876976602943614e-05
2pkea,16,4049,0.9998613595962524,IPR050056,Hemoglobin and related oxygen transporters,4.619591236114502,0.4401503801345825,4.179440975189209,3.3916640281677246,0.0009334624628536403
2pkea,16,4049,0.9965671896934509,IPR012292,Globin/Protoglobin,4.406327247619629,0.43804389238357544,3.9682834148406982,3.3303964138031006,2.341905336322725e-08
2pkea,16,4049,0.9969754815101624,IPR035566,"Ribosomal protein bL20, C-terminal",3.1656250953674316,0.44149741530418396,2.724127769470215,2.8419806957244873,3.196209218003787e-05
2pkea,16,4049,0.9515175819396973,IPR036266,"SecA, Wing/Scaffold superfamily",1.839722752571106,0.44320955872535706,1.3965132236480713,2.0533947944641113,0.00018822071433532983
2pkea,16,4049,0.9515175819396973,IPR036670,"SecA, preprotein cross-linking domain superfamily",1.839722752571106,0.44320955872535706,1.3965132236480713,2.0533947944641113,0.00018822071433532983
2pkea,16,4049,0.9898769855499268,IPR036853,Large ribosomal subunit protein uL14 superfamily,2.502232074737549,0.43980881571769714,2.0624232292175293,2.5082345008850098,7.913032615226509e-15
2pkea,20,22,0.9860243797302246,IPR018079,"Small ribosomal subunit protein uS4, conserved site",8.854279518127441,2.7104544639587402,6.143825054168701,1.7078348398208618,1.0292605878703398e-07
2pkea,20,22,0.9538224339485168,IPR019979,"Small ribosomal subunit protein uS17, conserved site",7.204644203186035,2.7165071964263916,4.488137245178223,1.407168984413147,0.0037884670309722424
2pkea,20,22,0.9841395616531372,IPR001059,"Translation elongation factor P/YeiP, central",8.752604484558105,2.7155299186706543,6.037074565887451,1.6884732246398926,0.012154933996498585
2pkea,20,22,0.9864770770072937,IPR001912,"Small ribosomal subunit protein uS4, N-terminal",8.890447616577148,2.7109904289245605,6.179457187652588,1.713430643081665,4.0697807435208233e-07
2pkea,20,22,0.9841395616531372,IPR013185,"Translation elongation factor, KOW-like",8.752604484558105,2.7155299186706543,6.037074565887451,1.6884732246398926,0.012154933996498585
2pkea,20,22,0.9841395616531372,IPR015365,"Elongation factor P, C-terminal",8.752604484558105,2.7155299186706543,6.037074565887451,1.6884732246398926,0.012154933996498585
2pkea,20,22,0.9526412487030029,IPR000266,Small ribosomal subunit protein uS17,7.1613993644714355,2.7148027420043945,4.446596622467041,1.3993887901306152,2.877679253288079e-05
2pkea,20,22,0.9864770770072937,IPR005709,"Small ribosomal subunit protein uS4, bacterial-type",8.890447616577148,2.7109904289245605,6.179457187652588,1.713430643081665,4.0697807435208233e-07
2pkea,20,22,0.9845283627510071,IPR011768,Translation elongation factor P,8.783482551574707,2.7160909175872803,6.067391395568848,1.6932560205459595,0.04948947951197624
2pkea,20,22,0.9530681371688843,IPR019984,"Small ribosomal subunit protein uS17, bacteria/chloroplast",7.177269458770752,2.7152152061462402,4.462054252624512,1.4023631811141968,9.534364653518423e-05
2pkea,20,22,0.9841395616531372,IPR020599,Translation elongation factor P/YeiP,8.752604484558105,2.7155299186706543,6.037074565887451,1.6884732246398926,0.012154933996498585
2pkea,20,22,0.9860243797302246,IPR022801,Small ribosomal subunit protein uS4,8.854279518127441,2.7104544639587402,6.143825054168701,1.7078348398208618,1.0292605878703398e-07
2pkea,20,22,0.9572044014930725,IPR011032,GroES-like superfamily,7.378466606140137,2.715259075164795,4.663207530975342,1.4422258138656616,0.00021029832714702934
2pkea,20,22,0.9868027567863464,IPR011051,RmlC-like cupin domain superfamily,10.181818008422852,2.7081432342529297,7.473674774169922,1.9106138944625854,3.9006772567518055e-07
2pkea,20,22,0.9935722351074219,IPR014710,RmlC-like jelly roll fold,10.522204399108887,2.707392930984497,7.814811706542969,1.9584554433822632,1.604629744633712e-07
2pkea,20,22,0.9572221636772156,IPR016064,NAD kinase/diacylglycerol kinase-like domain superfamily,8.861410140991211,2.7147507667541504,6.1466593742370605,1.7067111730575562,0.034784168004989624
2pkea,20,22,0.9572221636772156,IPR017438,"Inorganic polyphosphate/ATP-NAD kinase, N-terminal",8.861410140991211,2.7147507667541504,6.1466593742370605,1.7067111730575562,0.034784168004989624
2pkea,20,95,0.9728626012802124,IPR018257,"Large ribosomal subunit protein bL19, conserved site",6.588541507720947,2.2330145835876465,4.355526924133301,1.560960054397583,0.03271061182022095
2pkea,20,95,0.9806943535804749,IPR018370,"Chaperonin Cpn60, conserved site",7.06583309173584,2.23229718208313,4.833536148071289,1.662324070930481,0.016447925940155983
2pkea,20,95,0.9662055373191833,IPR019972,"Large ribosomal subunit protein uL14, conserved site",6.267187595367432,2.2294533252716064,4.037734031677246,1.4911216497421265,1.0267445560430133e-07
2pkea,20,95,0.9857038855552673,IPR047863,"Small ribosomal subunit protein uS8, conserved site",7.543164253234863,2.228919267654419,5.314245223999023,1.7588189840316772,7.88236047810642e-06
2pkea,20,95,0.978590726852417,IPR006137,"NADH:ubiquinone oxidoreductase-like, 20kDa subunit",7.091552734375,2.2317721843719482,4.859780311584473,1.667905330657959,0.004872639197856188
2pkea,20,95,0.9981498122215271,IPR021131,Large ribosomal subunit protein uL15/eL18,11.35075855255127,2.224032163619995,9.126726150512695,2.3515326976776123,0.000164901401149109
2pkea,20,95,0.9644522666931152,IPR000218,Large ribosomal subunit protein uL14,6.207589149475098,2.2284059524536133,3.9791831970214844,1.4780144691467285,2.6075139825110227e-09
2pkea,20,95,0.9864816069602966,IPR000630,Small ribosomal subunit protein uS8,7.609552383422852,2.227707862854004,5.381844520568848,1.7722450494766235,4.0471775264450116e-07
2pkea,20,95,0.9806721806526184,IPR001844,Chaperonin Cpn60/GroEL,7.06396484375,2.231816291809082,4.832148551940918,1.6622533798217773,0.0040064542554318905
2pkea,20,95,0.9728565812110901,IPR001857,Large ribosomal subunit protein bL19,6.58642578125,2.232581615447998,4.353844165802002,1.5607764720916748,0.00831976905465126
2pkea,20,95,0.9815298318862915,IPR002136,Large ribosomal subunit protein uL4,7.11016845703125,2.2317423820495605,4.8784260749816895,1.6717067956924438,0.003695158287882805
2pkea,20,95,0.9733678102493286,IPR002423,Chaperonin Cpn60/GroEL/TCP-1 family,6.768421173095703,2.230926513671875,4.537494659423828,1.6011699438095093,0.00013072844012640417
2pkea,20,95,0.9661511778831482,IPR005745,"Large ribosomal subunit protein uL14, bacterial-type",6.259982585906982,2.228663206100464,4.031319618225098,1.489973545074463,7.428255788255456e-09
2pkea,20,95,0.9978966116905212,IPR005749,"Large ribosomal subunit protein uL15, bacterial-type",11.1861572265625,2.225210428237915,8.960947036743164,2.3296942710876465,0.0007686899043619633
2pkea,20,95,0.9980142712593079,IPR030878,Large ribosomal subunit protein uL15,11.211511611938477,2.224269390106201,8.987241744995117,2.333570957183838,0.00016723012959118932
2pkea,20,95,0.9815298318862915,IPR023574,Large ribosomal subunit protein uL4 domain superfamily,7.11016845703125,2.2317423820495605,4.8784260749816895,1.6717067956924438,0.003695158287882805
2pkea,20,95,0.9733678102493286,IPR027409,GroEL-like apical domain superfamily,6.768421173095703,2.230926513671875,4.537494659423828,1.6011699438095093,0.00013072844012640417
2pkea,20,95,0.9733678102493286,IPR027410,TCP-1-like chaperonin intermediate domain superfamily,6.768421173095703,2.230926513671875,4.537494659423828,1.6011699438095093,0.00013072844012640417
2pkea,20,95,0.9733678102493286,IPR027413,GroEL-like equatorial domain superfamily,6.768421173095703,2.230926513671875,4.537494659423828,1.6011699438095093,0.00013072844012640417
2pkea,20,95,0.9864816069602966,IPR035987,Small ribosomal subunit protein uS8 superfamily,7.609552383422852,2.227707862854004,5.381844520568848,1.7722450494766235,4.0471775264450116e-07
2pkea,20,95,0.9982190132141113,IPR036227,Large ribosomal subunit protein uL15/eL18 superfamily,11.356879234313965,2.223106861114502,9.133771896362305,2.3529107570648193,3.60542289854493e-05
2pkea,20,95,0.9644522666931152,IPR036853,Large ribosomal subunit protein uL14 superfamily,6.207589149475098,2.2284059524536133,3.9791831970214844,1.4780144691467285,2.6075139825110227e-09
2pkea,20,95,0.9728565812110901,IPR038657,Large ribosomal subunit protein bL19 superfamily,6.58642578125,2.232581615447998,4.353844165802002,1.5607764720916748,0.00831976905465126
2pkea,20,117,0.9678066372871399,IPR008271,"Serine/threonine-protein kinase, active site",6.660333633422852,2.4259681701660156,4.234365463256836,1.4570279121398926,2.634383795817835e-23
2pkea,20,117,0.9649978876113892,IPR017441,"Protein kinase, ATP binding site",6.57474946975708,2.427666187286377,4.147083282470703,1.4373599290847778,2.9327702754455018e-21
2pkea,20,117,0.9504727125167847,IPR017871,"ABC transporter-like, conserved site",6.317028522491455,2.422673463821411,3.894355058670044,1.3826401233673096,5.3675325697507134e-28
2pkea,20,117,0.9724682569503784,IPR019775,"WD40 repeat, conserved site",6.771783828735352,2.4362809658050537,4.335502624511719,1.4748494625091553,2.6654454199359634e-09
2pkea,20,117,0.9729393124580383,IPR020904,"Short-chain dehydrogenase/reductase, conserved site",6.6779255867004395,2.440783977508545,4.2371416091918945,1.4520494937896729,0.002032611519098282
2pkea,20,117,0.9554073810577393,IPR033690,"Adenylate kinase, conserved site",6.184621810913086,2.440873861312866,3.7437479496002197,1.3412816524505615,0.0008761159842833877
2pkea,20,117,0.9675215482711792,IPR000719,Protein kinase domain,6.629565238952637,2.421475887298584,4.208089351654053,1.4530216455459595,1.6132404725148314e-29
2pkea,20,117,0.964820146560669,IPR000836,Phosphoribosyltransferase domain,7.382570266723633,2.421694278717041,4.960875988006592,1.6081005334854126,1.7269231755231807e-23
2pkea,20,117,0.9639610648155212,IPR020588,"DNA recombination and repair protein RecA-like, ATP-binding domain",6.354878902435303,2.441725969314575,3.9131529331207275,1.3799574375152588,0.018280092626810074
2pkea,20,117,0.9893873929977417,IPR023753,FAD/NAD(P)-binding domain,7.441032886505127,2.440486192703247,5.000546455383301,1.6083283424377441,0.00733465189114213
2pkea,20,117,0.9548221230506897,IPR000850,Adenylate kinase/UMP-CMP kinase,6.165820121765137,2.4405364990234375,3.725283622741699,1.3370885848999023,0.0002633473777677864
2pkea,20,117,0.9697860479354858,IPR001806,Small GTPase,6.561279296875,2.441394805908203,4.119884490966797,1.4262657165527344,0.010711067356169224
2pkea,20,117,0.9663721919059753,IPR002347,Short-chain dehydrogenase/reductase SDR,6.484249591827393,2.4374654293060303,4.046784400939941,1.4115519523620605,2.552275191192166e-08
2pkea,20,117,0.9504982233047485,IPR006259,Adenylate kinase subfamily,6.039981842041016,2.4418702125549316,3.598111629486084,1.3065518140792847,0.01765921711921692
2pkea,20,117,0.9869680404663086,IPR050054,Uracil phosphoribosyltransferase/Adenine phosphoribosyltransferase,8.191092491149902,2.4330155849456787,5.7580766677856445,1.7513043880462646,1.144423333876432e-09
2pkea,20,117,0.964820146560669,IPR029057,Phosphoribosyltransferase-like,7.382570266723633,2.421694278717041,4.960875988006592,1.6081005334854126,1.7269231755231807e-23
2pkea,20,117,0.9519045948982239,IPR036412,HAD-like superfamily,6.39065408706665,2.4388978481292725,3.951756238937378,1.389728307723999,8.678306585352402e-06
2pkea,20,117,0.9518966674804688,IPR001680,WD40 repeat,6.374879837036133,2.431028366088867,3.9438514709472656,1.3908255100250244,1.616043042759047e-16
2pkea,20,117,0.9733846187591553,IPR020472,"PAC1/LIS1-like, WD-40 repeat",6.830671310424805,2.438323736190796,4.39234733581543,1.4861317873001099,2.0874392703262856e-06
2pkea,20,374,0.9716336727142334,IPR020003,"ATPase, alpha/beta subunit, nucleotide-binding domain, active site",3.0590503215789795,0.9809843301773071,2.078065872192383,1.6407670974731445,2.1642833311592697e-18
2pkea,20,374,0.9759819507598877,IPR020612,"Methylthiotransferase, conserved site",3.2056641578674316,0.9850633144378662,2.2206008434295654,1.7023202180862427,7.64013657317264e-06
2pkea,20,374,0.9716336727142334,IPR000194,"ATPase, F1/V1/A1 complex, alpha/beta subunit, nucleotide-binding domain",3.0590503215789795,0.9809843301773071,2.078065872192383,1.6407670974731445,2.1642833311592697e-18
2pkea,20,374,0.9738977551460266,IPR000793,"ATP synthase, alpha subunit, C-terminal",3.138340950012207,0.9843348860740662,2.154006004333496,1.6727663278579712,3.328807451907778e-08
2pkea,20,374,0.9509305953979492,IPR002792,TRAM domain,2.972412109375,0.9849331974983215,1.9874789714813232,1.5935217142105103,3.0563874133804347e-06
2pkea,20,374,0.9715524315834045,IPR004100,"ATPase, F1/V1/A1 complex, alpha/beta subunit, N-terminal domain",3.058671236038208,0.9811944961547852,2.077476739883423,1.6402792930603027,8.888958135930578e-18
2pkea,20,374,0.9979617595672607,IPR013766,Thioredoxin domain,9.778542518615723,0.9683601260185242,8.810182571411133,3.335988998413086,9.525262800735845e-10
2pkea,20,374,0.9756643176078796,IPR013848,"Methylthiotransferase, N-terminal",3.19572377204895,0.9853047132492065,2.210419178009033,1.6974862813949585,3.3367949072271585e-05
2pkea,20,374,0.9738977551460266,IPR033732,"ATP synthase, F1 complex, alpha subunit nucleotide-binding domain",3.138340950012207,0.9843348860740662,2.154006004333496,1.6727663278579712,3.328807451907778e-08
2pkea,20,374,0.96617192029953,IPR055190,"ATP synthase A/B type, C-terminal domain",2.947110652923584,0.9861708283424377,1.960939884185791,1.5793770551681519,0.001561318407766521
2pkea,20,374,0.9738977551460266,IPR005294,"ATP synthase, F1 complex, alpha subunit",3.138340950012207,0.9843348860740662,2.154006004333496,1.6727663278579712,3.328807451907778e-08
2pkea,20,374,0.9756643176078796,IPR005839,Methylthiotransferase,3.19572377204895,0.9853047132492065,2.210419178009033,1.6974862813949585,3.3367949072271585e-05
2pkea,20,374,0.9653606414794922,IPR023214,HAD superfamily,3.6061086654663086,0.983209490776062,2.622899055480957,1.8748574256896973,1.1271121991285327e-07
2pkea,20,374,0.961399495601654,IPR023366,"ATP synthase subunit alpha, N-terminal domain-like superfamily",3.02996826171875,0.9839803576469421,2.045987844467163,1.6225864887237549,3.48380946313398e-09
2pkea,20,374,0.9631798267364502,IPR023404,"Radical SAM, alpha/beta horseshoe",3.119594097137451,0.9850218892097473,2.1345722675323486,1.6631159782409668,9.034675713337492e-06
2pkea,20,374,0.9660958051681519,IPR024034,"ATPase, F1/V1 complex, beta/alpha subunit, C-terminal",2.9496941566467285,0.9865597486495972,1.9631344079971313,1.5800724029541016,0.02514469064772129
2pkea,20,374,0.9740985035896301,IPR029044,Nucleotide-diphospho-sugar transferases,6.826910495758057,0.9601708054542542,5.866739749908447,2.829854726791382,3.817162236288778e-24
2pkea,20,374,0.9716911315917969,IPR036121,"ATPase, F1/V1/A1 complex, alpha/beta subunit, N-terminal domain superfamily",3.0655624866485596,0.9815853238105774,2.083977222442627,1.642951488494873,1.3993935877217723e-16
2pkea,20,374,0.9693381786346436,IPR036412,HAD-like superfamily,3.6754724979400635,0.9833124876022339,2.692160129547119,1.9021931886672974,2.5788585844566114e-07
2pkea,20,374,0.9756643176078796,IPR038135,"Methylthiotransferase, N-terminal domain superfamily",3.19572377204895,0.9853047132492065,2.210419178009033,1.6974862813949585,3.3367949072271585e-05
2pkea,20,374,0.9738977551460266,IPR038376,"ATP synthase, alpha subunit, C-terminal domain superfamily",3.138340950012207,0.9843348860740662,2.154006004333496,1.6727663278579712,3.328807451907778e-08
2pkea,20,450,0.9517400860786438,IPR017441,"Protein kinase, ATP binding site",5.904939651489258,2.0596020221710205,3.8453376293182373,1.5195497274398804,1.221966001578914e-19
2pkea,20,450,0.9932259917259216,IPR018253,"DnaJ domain, conserved site",10.004256248474121,2.0609688758850098,7.943287372589111,2.279212236404419,1.7165243093586469e-07
2pkea,20,450,0.9929484128952026,IPR001305,"Heat shock protein DnaJ, cysteine-rich domain",9.767803192138672,2.064578056335449,7.703225135803223,2.242180109024048,6.543310882989317e-05
2pkea,20,450,0.9938849806785583,IPR001623,DnaJ domain,10.702299118041992,2.052494764328003,8.64980411529541,2.382463216781616,1.1803114909059165e-12
2pkea,20,450,0.9766623973846436,IPR002048,EF-hand domain,8.125009536743164,2.0626821517944336,6.0623273849487305,1.9778410196304321,5.966196869877649e-09
2pkea,20,450,0.9930552244186401,IPR002939,"Chaperone DnaJ, C-terminal",9.77392578125,2.0637950897216797,7.71013069152832,2.243631362915039,1.473008614993887e-05
2pkea,20,450,0.9671200513839722,IPR003599,Immunoglobulin domain subtype,7.581243991851807,2.06575870513916,5.5154852867126465,1.875755786895752,1.3074519529254758e-06
2pkea,20,450,0.9815804362297058,IPR013106,Immunoglobulin V-set domain,8.907489776611328,2.06681489944458,6.840674877166748,2.107602834701538,0.0009090933599509299
2pkea,20,450,0.9689957499504089,IPR017452,"GPCR, rhodopsin-like, 7TM",7.344263553619385,2.0578269958496094,5.286436557769775,1.8354891538619995,6.063613466653181e-16
2pkea,20,450,0.974295437335968,IPR000276,"G protein-coupled receptor, rhodopsin-like",7.524858474731445,2.0582175254821777,5.466640949249268,1.8702620267868042,2.7967054331569895e-15
2pkea,20,450,0.9732978940010071,IPR001806,Small GTPase,7.88848876953125,2.0691330432891846,5.8193559646606445,1.930715560913086,0.008131660521030426
2pkea,20,450,0.9929484128952026,IPR012724,Chaperone DnaJ,9.767803192138672,2.064578056335449,7.703225135803223,2.242180109024048,6.543310882989317e-05
2pkea,20,450,0.9930552244186401,IPR008971,HSP40/DnaJ peptide-binding,9.77392578125,2.0637950897216797,7.71013069152832,2.243631362915039,1.473008614993887e-05
2pkea,20,450,0.9584797024726868,IPR011990,Tetratricopeptide-like helical domain superfamily,7.2669196128845215,2.0596981048583984,5.207221508026123,1.8189040422439575,2.6797246604863545e-13
2pkea,20,450,0.9764519333839417,IPR011992,EF-hand domain pair,8.096014022827148,2.0615475177764893,6.034466743469238,1.9734771251678467,3.952858596001363e-10
2pkea,20,450,0.9582549333572388,IPR036236,Zinc finger C2H2 superfamily,6.3658552169799805,2.067267656326294,4.298587799072266,1.6226221323013306,9.025330172107715e-08
2pkea,20,450,0.9929484128952026,IPR036410,"Heat shock protein DnaJ, cysteine-rich domain superfamily",9.767803192138672,2.064578056335449,7.703225135803223,2.242180109024048,6.543310882989317e-05
2pkea,20,450,0.9944478869438171,IPR036869,Chaperone J-domain superfamily,11.069660186767578,2.0495798587799072,9.02008056640625,2.43320369720459,5.597725990960471e-14
2pkea,20,462,0.986920952796936,IPR018101,"Translation elongation factor Ts, conserved site",7.1104912757873535,2.5081734657287598,4.602317810058594,1.5033063888549805,0.04116315394639969
2pkea,20,462,0.9890762567520142,IPR018171,"Peptidyl-tRNA hydrolase, conserved site",7.051025390625,2.5073466300964355,4.5436787605285645,1.4916658401489258,0.0018422373104840517
2pkea,20,462,0.9872909188270569,IPR014039,"Translation elongation factor EFTs/EF1B, dimerisation",7.117578029632568,2.507701873779297,4.6098761558532715,1.5050147771835327,0.00932701863348484
2pkea,20,462,0.9890762567520142,IPR001328,Peptidyl-tRNA hydrolase,7.051025390625,2.5073466300964355,4.5436787605285645,1.4916658401489258,0.0018422373104840517
2pkea,20,462,0.9872909188270569,IPR001816,Translation elongation factor EFTs/EF1B,7.117578029632568,2.507701873779297,4.6098761558532715,1.5050147771835327,0.00932701863348484
2pkea,20,462,0.9872909188270569,IPR036402,"Elongation factor Ts, dimerisation domain superfamily",7.117578029632568,2.507701873779297,4.6098761558532715,1.5050147771835327,0.00932701863348484
2pkea,20,462,0.9890762567520142,IPR036416,Peptidyl-tRNA hydrolase superfamily,7.051025390625,2.5073466300964355,4.5436787605285645,1.4916658401489258,0.0018422373104840517
2pkea,20,488,0.9627168774604797,IPR017871,"ABC transporter-like, conserved site",7.739216327667236,1.9537051916122437,5.785511016845703,1.9859672784805298,7.14839217209619e-30
2pkea,20,488,0.9975377917289734,IPR018079,"Small ribosomal subunit protein uS4, conserved site",14.204462051391602,1.9631558656692505,12.24130630493164,2.8550901412963867,2.0417608936895704e-08
2pkea,20,488,0.9844248294830322,IPR018102,"Small ribosomal subunit protein uS11, conserved site",9.154119491577148,1.975517988204956,7.178601264953613,2.2121827602386475,5.150704396328365e-07
2pkea,20,488,0.99750816822052,IPR001912,"Small ribosomal subunit protein uS4, N-terminal",14.207586288452148,1.9643759727478027,12.243209838867188,2.854511260986328,9.213287910370127e-08
2pkea,20,488,0.994019091129303,IPR002942,RNA-binding S4 domain,12.783180236816406,1.953406810760498,10.82977294921875,2.710175037384033,6.791440290866832e-16
2pkea,20,488,0.9607992768287659,IPR003439,"ABC transporter-like, ATP-binding domain",7.624795913696289,1.9533121585845947,5.671483993530273,1.964768886566162,1.1325752653223525e-30
2pkea,20,488,0.9515780806541443,IPR007110,Immunoglobulin-like domain,7.883760452270508,1.971801519393921,5.911958694458008,1.9993622303009033,3.9280415725650997e-11
2pkea,20,488,0.9637129306793213,IPR013766,Thioredoxin domain,7.801869869232178,1.9773321151733398,5.824537754058838,1.9802573919296265,5.245813099463703e-07
2pkea,20,488,0.9846945405006409,IPR001971,Small ribosomal subunit protein uS11,9.176106452941895,1.974026083946228,7.202080249786377,2.216733694076538,2.866653048272383e-08
2pkea,20,488,0.9665258526802063,IPR002307,Tyrosine-tRNA ligase,8.139286041259766,1.980224609375,6.159061431884766,2.0392308235168457,0.0010203463025391102
2pkea,20,488,0.99750816822052,IPR005709,"Small ribosomal subunit protein uS4, bacterial-type",14.207586288452148,1.9643759727478027,12.243209838867188,2.854511260986328,9.213287910370127e-08
2pkea,20,488,0.9870891571044922,IPR019981,"Small ribosomal subunit protein uS11, bacterial-type",9.544921875,1.9761734008789062,7.568748474121094,2.2720165252685547,6.5281842580589e-06
2pkea,20,488,0.9975377917289734,IPR022801,Small ribosomal subunit protein uS4,14.204462051391602,1.9631558656692505,12.24130630493164,2.8550901412963867,2.0417608936895704e-08
2pkea,20,488,0.9752979874610901,IPR024088,"Tyrosine-tRNA ligase, bacterial-type",8.663736343383789,1.9806177616119385,6.68311882019043,2.1290316581726074,0.006508300546556711
2pkea,20,488,0.9756016135215759,IPR008995,"Molybdate/tungstate binding, C-terminal",7.8337297439575195,1.9819480180740356,5.851781845092773,1.982772946357727,0.006326478905975819
2pkea,20,488,0.9758509993553162,IPR029069,HotDog domain superfamily,8.401068687438965,1.9797526597976685,6.421316146850586,2.085245370864868,0.0003875061229337007
2pkea,20,488,0.9588269591331482,IPR036249,Thioredoxin-like superfamily,7.283442974090576,1.9673887491226196,5.316054344177246,1.8883311748504639,2.5783953816071513e-18
2pkea,20,488,0.9846945405006409,IPR036967,Small ribosomal subunit protein uS11 superfamily,9.176106452941895,1.974026083946228,7.202080249786377,2.216733694076538,2.866653048272383e-08
2pkea,20,488,0.9925576448440552,IPR036986,RNA-binding S4 domain superfamily,12.008256912231445,1.9460309743881226,10.062226295471191,2.625412702560425,4.246762632408933e-22
2pkea,20,602,0.9636293053627014,IPR020556,"Amidase, conserved site",13.482714653015137,3.4339795112609863,10.048734664916992,1.9731534719467163,0.018424050882458687
2pkea,20,602,0.9959902167320251,IPR006131,"Aspartate/ornithine carbamoyltransferase, Asp/Orn-binding domain",17.33700942993164,3.4264092445373535,13.910600662231445,2.3390815258026123,0.00019330815121065825
2pkea,20,602,0.9959902167320251,IPR006132,"Aspartate/ornithine carbamoyltransferase, carbamoyl-P binding",17.33700942993164,3.4264092445373535,13.910600662231445,2.3390815258026123,0.00019330815121065825
2pkea,20,602,0.9631778597831726,IPR011761,ATP-grasp fold,13.523568153381348,3.419745922088623,10.103822708129883,1.9835106134414673,2.156392286956077e-10
2pkea,20,602,0.9794779419898987,IPR017926,Glutamine amidotransferase,15.092734336853027,3.418537139892578,11.67419719696045,2.1423988342285156,8.566565790069092e-10
2pkea,20,602,0.9912547469139099,IPR020630,"Tetrahydrofolate dehydrogenase/cyclohydrolase, catalytic domain",16.57568359375,3.429022789001465,13.146660804748535,2.2731947898864746,0.0013783859321847558
2pkea,20,602,0.9912547469139099,IPR020631,"Tetrahydrofolate dehydrogenase/cyclohydrolase, NAD(P)-binding domain",16.57568359375,3.429022789001465,13.146660804748535,2.2731947898864746,0.0013783859321847558
2pkea,20,602,0.962368369102478,IPR023631,Amidase signature domain,13.388603210449219,3.433133125305176,9.955470085144043,1.9634034633636475,0.0055655864998698235
2pkea,20,602,0.962368369102478,IPR000120,Amidase,13.388603210449219,3.433133125305176,9.955470085144043,1.9634034633636475,0.0055655864998698235
2pkea,20,602,0.9912547469139099,IPR000672,Tetrahydrofolate dehydrogenase/cyclohydrolase,16.57568359375,3.429022789001465,13.146660804748535,2.2731947898864746,0.0013783859321847558
2pkea,20,602,0.9961875081062317,IPR002082,Aspartate carbamoyltransferase,17.398435592651367,3.4305026531219482,13.96793270111084,2.342461347579956,0.017509084194898605
2pkea,20,602,0.9616855978965759,IPR004412,Glutamyl-tRNA(Gln) amidotransferase A subunit,13.345141410827637,3.4342002868652344,9.910941123962402,1.9582642316818237,0.021991780027747154
2pkea,20,602,0.9959902167320251,IPR006130,Aspartate/ornithine carbamoyltransferase,17.33700942993164,3.4264092445373535,13.910600662231445,2.3390815258026123,0.00019330815121065825
2pkea,20,602,0.9703651070594788,IPR016064,NAD kinase/diacylglycerol kinase-like domain superfamily,14.190057754516602,3.4328460693359375,10.757211685180664,2.0473992824554443,0.009921850636601448
2pkea,20,602,0.9601988196372986,IPR016185,Pre-ATP-grasp domain superfamily,13.362274169921875,3.4282026290893555,9.93407154083252,1.9626370668411255,1.0574649422778748e-05
2pkea,20,602,0.9703651070594788,IPR017438,"Inorganic polyphosphate/ATP-NAD kinase, N-terminal",14.190057754516602,3.4328460693359375,10.757211685180664,2.0473992824554443,0.009921850636601448
2pkea,20,602,0.9737831354141235,IPR029062,Class I glutamine amidotransferase-like,15.130714416503906,3.397256851196289,11.733457565307617,2.155033588409424,5.275080046501829e-20
2pkea,20,602,0.9959902167320251,IPR036901,Aspartate/ornithine carbamoyltransferase superfamily,17.33700942993164,3.4264092445373535,13.910600662231445,2.3390815258026123,0.00019330815121065825
2pkea,20,602,0.962368369102478,IPR036928,Amidase signature (AS) superfamily,13.388603210449219,3.433133125305176,9.955470085144043,1.9634034633636475,0.0055655864998698235
2pkea,20,602,0.9658074378967285,IPR046346,"Aminoacid dehydrogenase-like, N-terminal domain superfamily",14.530004501342773,3.416717767715454,11.113286972045898,2.088347911834717,1.3812358201636954e-10
2pkea,20,799,0.975696861743927,IPR001059,"Translation elongation factor P/YeiP, central",8.535416603088379,2.5225861072540283,6.01283073425293,1.7585523128509521,0.025454793125391006
2pkea,20,799,0.975696861743927,IPR013185,"Translation elongation factor, KOW-like",8.535416603088379,2.5225861072540283,6.01283073425293,1.7585523128509521,0.025454793125391006
2pkea,20,799,0.975696861743927,IPR015365,"Elongation factor P, C-terminal",8.535416603088379,2.5225861072540283,6.01283073425293,1.7585523128509521,0.025454793125391006
2pkea,20,799,0.999549388885498,IPR020040,"Large ribosomal subunit protein uL6, alpha-beta domain",13.772321701049805,2.5158462524414062,11.256475448608398,2.452650308609009,0.013802871108055115
2pkea,20,799,0.9781306385993958,IPR020783,"Large ribosomal subunit protein uL11, C-terminal",8.69775390625,2.521723508834839,6.176030158996582,1.7862269878387451,0.0050698211416602135
2pkea,20,799,0.9781306385993958,IPR020784,"Large ribosomal subunit protein uL11, N-terminal",8.69775390625,2.521723508834839,6.176030158996582,1.7862269878387451,0.0050698211416602135
2pkea,20,799,0.9602645635604858,IPR000597,Large ribosomal subunit protein uL3,7.87841796875,2.5230367183685303,5.355381011962891,1.6427390575408936,0.026273299008607864
2pkea,20,799,0.999549388885498,IPR000702,Large ribosomal subunit protein uL6-like,13.772321701049805,2.5158462524414062,11.256475448608398,2.452650308609009,0.013802871108055115
2pkea,20,799,0.9781306385993958,IPR000911,Ribosomal protein uL11,8.69775390625,2.521723508834839,6.176030158996582,1.7862269878387451,0.0050698211416602135
2pkea,20,799,0.9776097536087036,IPR006519,"Large ribosomal subunit protein uL11, bacterial-type",8.651041984558105,2.5224123001098633,6.128629684448242,1.7780641317367554,0.02152041345834732
2pkea,20,799,0.9694575071334839,IPR019927,"Large ribosomal subunit protein uL3, bacterial/organelle-type",8.129557609558105,2.523195743560791,5.6063618659973145,1.687919020652771,0.043819840997457504
2pkea,20,799,0.975696861743927,IPR020599,Translation elongation factor P/YeiP,8.535416603088379,2.5225861072540283,6.01283073425293,1.7585523128509521,0.025454793125391006
2pkea,20,799,0.9721291065216064,IPR008978,HSP20-like chaperone,8.806716918945312,2.5209195613861084,6.285797119140625,1.804648518562317,0.0022683502174913883
2pkea,20,799,0.9743298888206482,IPR011051,RmlC-like cupin domain superfamily,9.078272819519043,2.5171709060668945,6.561101913452148,1.8506089448928833,1.924391654029023e-06
2pkea,20,799,0.9762135744094849,IPR014710,RmlC-like jelly roll fold,9.196732521057129,2.5169098377227783,6.67982292175293,1.869462013244629,1.5138615481191664e-06
2pkea,20,799,0.9580657482147217,IPR014722,"Large ribosomal subunit protein uL2, domain 2",7.670008659362793,2.508378028869629,5.161630630493164,1.612467646598816,3.239804036320877e-18
2pkea,20,799,0.9781306385993958,IPR036769,"Large ribosomal subunit protein uL11, C-terminal domain superfamily",8.69775390625,2.521723508834839,6.176030158996582,1.7862269878387451,0.0050698211416602135
2pkea,20,799,0.999549388885498,IPR036789,"Large ribosomal subunit protein uL6-like, alpha-beta domain superfamily",13.772321701049805,2.5158462524414062,11.256475448608398,2.452650308609009,0.013802871108055115
2pkea,20,799,0.9781306385993958,IPR036796,"Large ribosomal subunit protein uL11, N-terminal domain superfamily",8.69775390625,2.521723508834839,6.176030158996582,1.7862269878387451,0.0050698211416602135
2pkea,20,799,0.9512746334075928,IPR020472,"PAC1/LIS1-like, WD-40 repeat",7.877508640289307,2.5198185443878174,5.35768985748291,1.6444138288497925,3.36761622747872e-05
2pkea,20,830,0.9752824902534485,IPR000629,"ATP-dependent RNA helicase DEAD-box, conserved site",13.02604866027832,4.644208908081055,8.381839752197266,1.487891674041748,3.13463525969393e-11
2pkea,20,830,0.9979310631752014,IPR018171,"Peptidyl-tRNA hydrolase, conserved site",16.159423828125,4.650940418243408,11.50848388671875,1.7967783212661743,0.0007842099876143038
2pkea,20,830,0.9947769045829773,IPR033690,"Adenylate kinase, conserved site",14.909128189086914,4.649861812591553,10.259265899658203,1.6809329986572266,1.2144835636718199e-05
2pkea,20,830,0.979853630065918,IPR000836,Phosphoribosyltransferase domain,13.508451461791992,4.622256755828857,8.886194229125977,1.5471899509429932,2.2112163138607243e-25
2pkea,20,830,0.9589720964431763,IPR001048,Aspartate/glutamate/uridylate kinase,12.305282592773438,4.642534255981445,7.662748336791992,1.4062902927398682,8.693222465668005e-13
2pkea,20,830,0.9655466079711914,IPR001650,"Helicase, C-terminal domain-like",12.503705024719238,4.622064113616943,7.881640911102295,1.4357433319091797,1.907706795253444e-27
2pkea,20,830,0.9872285723686218,IPR005122,Uracil-DNA glycosylase-like,14.079427719116211,4.656161785125732,9.42326545715332,1.5963724851608276,0.04014873504638672
2pkea,20,830,0.9750412106513977,IPR011545,DEAD/DEAH-box helicase domain,12.994930267333984,4.640111923217773,8.354818344116211,1.4857141971588135,3.6344499865182886e-14
2pkea,20,830,0.9632498621940613,IPR014001,"Helicase superfamily 1/2, ATP-binding domain",12.398811340332031,4.618000507354736,7.780810832977295,1.424858570098877,1.908734060707023e-30
2pkea,20,830,0.9755215644836426,IPR014014,"RNA helicase, DEAD-box type, Q motif",13.038570404052734,4.644170761108398,8.394399642944336,1.48928964138031,3.0078634027930207e-11
2pkea,20,830,0.9766626358032227,IPR020588,"DNA recombination and repair protein RecA-like, ATP-binding domain",13.130452156066895,4.655795097351074,8.47465705871582,1.4958140850067139,0.005963434930890799
2pkea,20,830,0.9581906795501709,IPR055190,"ATP synthase A/B type, C-terminal domain",12.244569778442383,4.656454086303711,7.588115692138672,1.3948352336883545,0.008972722105681896
2pkea,20,830,0.9949173331260681,IPR000850,Adenylate kinase/UMP-CMP kinase,14.905858993530273,4.648840427398682,10.25701904296875,1.6809335947036743,2.6967170470015844e-06
2pkea,20,830,0.9772260785102844,IPR001057,Glutamate/acetylglutamate kinase,13.137451171875,4.655783653259277,8.481667518615723,1.4965863227844238,0.005657610483467579
2pkea,20,830,0.9979310631752014,IPR001328,Peptidyl-tRNA hydrolase,16.159423828125,4.650940418243408,11.50848388671875,1.7967783212661743,0.0007842099876143038
2pkea,20,830,0.9867135286331177,IPR005765,Uracil phosphoribosyl transferase,13.87890625,4.656442642211914,9.222463607788086,1.57559072971344,0.04191640764474869
2pkea,20,830,0.9940869808197021,IPR006259,Adenylate kinase subfamily,14.694852828979492,4.652281761169434,10.042571067810059,1.6592973470687866,0.00025686310254968703
2pkea,20,830,0.9867135286331177,IPR034332,"Uracil phosphoribosyltransferase, bacterial-type",13.87890625,4.656442642211914,9.222463607788086,1.57559072971344,0.04191640764474869
2pkea,20,830,0.9846755266189575,IPR050054,Uracil phosphoribosyltransferase/Adenine phosphoribosyltransferase,13.665864944458008,4.645902156829834,9.019962310791016,1.556542992591858,1.7792476381117694e-09
2pkea,20,830,0.9578237533569336,IPR023214,HAD superfamily,13.785972595214844,4.647421836853027,9.138550758361816,1.5686954259872437,1.22553467463149e-06
2pkea,20,830,0.9508776664733887,IPR029026,"tRNA (guanine-N1-)-methyltransferase, N-terminal",11.882011413574219,4.641114711761475,7.240896701812744,1.356232762336731,3.089120010680603e-14
2pkea,20,830,0.9508776664733887,IPR029028,Alpha/beta knot methyltransferases,11.882011413574219,4.641114711761475,7.240896701812744,1.356232762336731,3.089120010680603e-14
2pkea,20,830,0.98287433385849,IPR029033,Histidine phosphatase superfamily,13.936718940734863,4.655432224273682,9.281286239624023,1.5819008350372314,0.013839849270880222
2pkea,20,830,0.979853630065918,IPR029057,Phosphoribosyltransferase-like,13.508451461791992,4.622256755828857,8.886194229125977,1.5471899509429932,2.2112163138607243e-25
2pkea,20,830,0.9509041905403137,IPR029061,Thiamin diphosphate-binding fold,11.983805656433105,4.648080348968506,7.3357253074646,1.3663761615753174,6.489274451126903e-09
2pkea,20,830,0.9589720964431763,IPR036393,Acetylglutamate kinase-like superfamily,12.305282592773438,4.642534255981445,7.662748336791992,1.4062902927398682,8.693222465668005e-13
2pkea,20,830,0.9703448414802551,IPR036412,HAD-like superfamily,14.113282203674316,4.647582530975342,9.465700149536133,1.6024980545043945,8.601866738899844e-07
2pkea,20,830,0.9979310631752014,IPR036416,Peptidyl-tRNA hydrolase superfamily,16.159423828125,4.650940418243408,11.50848388671875,1.7967783212661743,0.0007842099876143038
2pkea,20,830,0.9872285723686218,IPR036895,Uracil-DNA glycosylase-like domain superfamily,14.079427719116211,4.656161785125732,9.42326545715332,1.5963724851608276,0.04014873504638672
2pkea,20,1281,0.9609394669532776,IPR000629,"ATP-dependent RNA helicase DEAD-box, conserved site",9.262557983398438,4.414441108703613,4.848116874694824,1.0691765546798706,3.5923516938929367e-10
2pkea,20,1281,0.9727330803871155,IPR020904,"Short-chain dehydrogenase/reductase, conserved site",9.672449111938477,4.420056343078613,5.252392768859863,1.1298130750656128,0.0021925021428614855
2pkea,20,1281,0.9604744911193848,IPR011545,DEAD/DEAH-box helicase domain,9.2423095703125,4.412079334259033,4.830230236053467,1.066791296005249,6.482478399558178e-13
2pkea,20,1281,0.9570009708404541,IPR013766,Thioredoxin domain,9.752713203430176,4.416177272796631,5.336535930633545,1.1430022716522217,1.3668036444869358e-06
2pkea,20,1281,0.9663858413696289,IPR014014,"RNA helicase, DEAD-box type, Q motif",9.349493980407715,4.414178371429443,4.9353156089782715,1.082740068435669,1.4346311638657738e-10
2pkea,20,1281,0.9710661768913269,IPR001806,Small GTPase,9.632080078125,4.420646667480469,5.211433410644531,1.1235867738723755,0.010022086091339588
2pkea,20,1281,0.976810872554779,IPR002347,Short-chain dehydrogenase/reductase SDR,9.755959510803223,4.415098667144775,5.340860843658447,1.1438348293304443,5.858158402816116e-09
2pkea,20,1394,0.9882714152336121,IPR020003,"ATPase, alpha/beta subunit, nucleotide-binding domain, active site",8.908696174621582,1.9379891157150269,6.970706939697266,2.20064640045166,3.300725423146313e-19
2pkea,20,1394,0.978159487247467,IPR000629,"ATP-dependent RNA helicase DEAD-box, conserved site",8.048055648803711,1.9482696056365967,6.099785804748535,2.0464394092559814,1.5203623082715723e-11
2pkea,20,1394,0.9966310262680054,IPR003960,"ATPase, AAA-type, conserved site",11.054226875305176,1.9538283348083496,9.100399017333984,2.5002150535583496,0.016174133867025375
2pkea,20,1394,0.9834927320480347,IPR017871,"ABC transporter-like, conserved site",8.355254173278809,1.9247708320617676,6.430483341217041,2.1179895401000977,2.386364836790587e-33
2pkea,20,1394,0.9882714152336121,IPR000194,"ATPase, F1/V1/A1 complex, alpha/beta subunit, nucleotide-binding domain",8.908696174621582,1.9379891157150269,6.970706939697266,2.20064640045166,3.300725423146313e-19
2pkea,20,1394,0.9718003273010254,IPR000432,"DNA mismatch repair protein MutS, C-terminal",7.554196834564209,1.9548101425170898,5.599386692047119,1.950242519378662,9.084204975806642e-06
2pkea,20,1394,0.9849012494087219,IPR000793,"ATP synthase, alpha subunit, C-terminal",8.614216804504395,1.9505763053894043,6.66364049911499,2.1428117752075195,2.458539150040906e-08
2pkea,20,1394,0.9663766026496887,IPR001650,"Helicase, C-terminal domain-like",7.1308817863464355,1.9353959560394287,5.195486068725586,1.8814443349838257,9.438004285030094e-28
2pkea,20,1394,0.9837357997894287,IPR003439,"ABC transporter-like, ATP-binding domain",8.368743896484375,1.9233851432800293,6.445358753204346,2.1213560104370117,1.3223778800873018e-34
2pkea,20,1394,0.992104709148407,IPR003593,AAA+ ATPase domain,9.053089141845703,1.840345859527588,7.212743282318115,2.2984254360198975,0.0
2pkea,20,1394,0.9954447150230408,IPR003959,"ATPase, AAA-type, core",10.346718788146973,1.9295333623886108,8.41718578338623,2.422842025756836,6.751868818157799e-22
2pkea,20,1394,0.9879719018936157,IPR004100,"ATPase, F1/V1/A1 complex, alpha/beta subunit, N-terminal domain",8.868456840515137,1.9388505220413208,6.9296064376831055,2.193474054336548,1.4935963983096899e-18
2pkea,20,1394,0.9704657196998596,IPR007695,"DNA mismatch repair protein MutS-like, N-terminal",7.4725494384765625,1.958297610282898,5.514251708984375,1.9319931268692017,0.03678189590573311
2pkea,20,1394,0.9718003273010254,IPR007696,"DNA mismatch repair protein MutS, core",7.554196834564209,1.9548101425170898,5.599386692047119,1.950242519378662,9.084204975806642e-06
2pkea,20,1394,0.9710192680358887,IPR007860,"DNA mismatch repair protein MutS, connector domain",7.511049270629883,1.9576836824417114,5.553365707397461,1.939859390258789,0.008950061164796352
2pkea,20,1394,0.9710192680358887,IPR007861,"DNA mismatch repair protein MutS, clamp",7.511049270629883,1.9576836824417114,5.553365707397461,1.939859390258789,0.008950061164796352
2pkea,20,1394,0.9500768780708313,IPR011115,"SecA DEAD-like, N-terminal",5.799205780029297,1.9600422382354736,3.8391635417938232,1.5649632215499878,0.017239080742001534
2pkea,20,1394,0.9500768780708313,IPR011116,SecA Wing/Scaffold,5.799205780029297,1.9600422382354736,3.8391635417938232,1.5649632215499878,0.017239080742001534
2pkea,20,1394,0.9500768780708313,IPR011130,"SecA, preprotein cross-linking domain",5.799205780029297,1.9600422382354736,3.8391635417938232,1.5649632215499878,0.017239080742001534
2pkea,20,1394,0.9780474305152893,IPR011545,DEAD/DEAH-box helicase domain,8.01727294921875,1.945317029953003,6.071955680847168,2.0430989265441895,1.525611539497044e-14
2pkea,20,1394,0.9659144282341003,IPR014001,"Helicase superfamily 1/2, ATP-binding domain",7.0623087882995605,1.9327137470245361,5.129594802856445,1.869504451751709,4.495654634832822e-31
2pkea,20,1394,0.9786944389343262,IPR014014,"RNA helicase, DEAD-box type, Q motif",8.088162422180176,1.9481489658355713,6.140013694763184,2.0537004470825195,1.3847153458590444e-11
2pkea,20,1394,0.9500768780708313,IPR014018,SecA motor DEAD,5.799205780029297,1.9600422382354736,3.8391635417938232,1.5649632215499878,0.017239080742001534
2pkea,20,1394,0.9952040314674377,IPR019489,"Clp ATPase, C-terminal",9.971550941467285,1.9513304233551025,8.020220756530762,2.3533523082733154,9.913204848999158e-06
2pkea,20,1394,0.9737893342971802,IPR020588,"DNA recombination and repair protein RecA-like, ATP-binding domain",7.748026371002197,1.957303762435913,5.790722846984863,1.984953761100769,0.0069158864207565784
2pkea,20,1394,0.9849012494087219,IPR033732,"ATP synthase, F1 complex, alpha subunit nucleotide-binding domain",8.614216804504395,1.9505763053894043,6.66364049911499,2.1428117752075195,2.458539150040906e-08
2pkea,20,1394,0.9500768780708313,IPR044722,"SecA, C-terminal helicase domain",5.799205780029297,1.9600422382354736,3.8391635417938232,1.5649632215499878,0.017239080742001534
2pkea,20,1394,0.9906782507896423,IPR055190,"ATP synthase A/B type, C-terminal domain",9.32442855834961,1.954039216041565,7.370389461517334,2.2545483112335205,0.0003177765174768865
2pkea,20,1394,0.9500768780708313,IPR000185,Protein translocase subunit SecA,5.799205780029297,1.9600422382354736,3.8391635417938232,1.5649632215499878,0.017239080742001534
2pkea,20,1394,0.9625400900840759,IPR001806,Small GTPase,6.8316650390625,1.9587723016738892,4.8728928565979,1.8022801876068115,0.019529173150658607
2pkea,20,1394,0.9849012494087219,IPR005294,"ATP synthase, F1 complex, alpha subunit",8.614216804504395,1.9505763053894043,6.66364049911499,2.1428117752075195,2.458539150040906e-08
2pkea,20,1394,0.9704657196998596,IPR005748,DNA mismatch repair protein MutS,7.4725494384765625,1.958297610282898,5.514251708984375,1.9319931268692017,0.03678189590573311
2pkea,20,1394,0.971632719039917,IPR017261,DNA mismatch repair protein MutS/MSH,7.5621256828308105,1.9576016664505005,5.6045241355896,1.9496972560882568,0.008454357273876667
2pkea,20,1394,0.9718003273010254,IPR045076,DNA mismatch repair MutS,7.554196834564209,1.9548101425170898,5.599386692047119,1.950242519378662,9.084204975806642e-06
2pkea,20,1394,0.9941812753677368,IPR050052,ATP-dependent Clp protease ATP-binding subunit ClpX,9.701757431030273,1.9549486637115479,7.746809005737305,2.311108112335205,0.004440697375684977
2pkea,20,1394,0.9765593409538269,IPR008995,"Molybdate/tungstate binding, C-terminal",7.956380844116211,1.9569698572158813,5.999411106109619,2.0234835147857666,0.005336302798241377
2pkea,20,1394,0.9704657196998596,IPR016151,"DNA mismatch repair protein MutS, N-terminal",7.4725494384765625,1.958297610282898,5.514251708984375,1.9319931268692017,0.03678189590573311
2pkea,20,1394,0.9644725918769836,IPR023366,"ATP synthase subunit alpha, N-terminal domain-like superfamily",8.298133850097656,1.9494273662567139,6.348706245422363,2.089729070663452,8.19588930056625e-09
2pkea,20,1394,0.9905391335487366,IPR024034,"ATPase, F1/V1 complex, beta/alpha subunit, C-terminal",9.333572387695312,1.9555017948150635,7.378070831298828,2.254883050918579,0.006184022407978773
2pkea,20,1394,0.9572152495384216,IPR027417,P-loop containing nucleoside triphosphate hydrolase,6.520754337310791,1.64892578125,4.871828556060791,1.9835035800933838,0.0
2pkea,20,1394,0.9876556992530823,IPR036121,"ATPase, F1/V1/A1 complex, alpha/beta subunit, N-terminal domain superfamily",8.848068237304688,1.940319538116455,6.907748699188232,2.189060688018799,2.844688684948643e-17
2pkea,20,1394,0.9718003273010254,IPR036187,"DNA mismatch repair protein MutS, core domain superfamily",7.554196834564209,1.9548101425170898,5.599386692047119,1.950242519378662,9.084204975806642e-06
2pkea,20,1394,0.9500768780708313,IPR036266,"SecA, Wing/Scaffold superfamily",5.799205780029297,1.9600422382354736,3.8391635417938232,1.5649632215499878,0.017239080742001534
2pkea,20,1394,0.9500768780708313,IPR036670,"SecA, preprotein cross-linking domain superfamily",5.799205780029297,1.9600422382354736,3.8391635417938232,1.5649632215499878,0.017239080742001534
2pkea,20,1394,0.9718374013900757,IPR036678,"MutS, connector domain superfamily",7.574364185333252,1.957019567489624,5.617344856262207,1.9524592161178589,0.0021126659121364355
2pkea,20,1394,0.9849012494087219,IPR038376,"ATP synthase, alpha subunit, C-terminal domain superfamily",8.614216804504395,1.9505763053894043,6.66364049911499,2.1428117752075195,2.458539150040906e-08
2pkea,20,1744,0.9913102984428406,IPR020861,"Triosephosphate isomerase, active site",13.515625,5.03727912902832,8.47834587097168,1.4239087104797363,0.006493075285106897
2pkea,20,1744,0.9819133877754211,IPR020904,"Short-chain dehydrogenase/reductase, conserved site",12.867033958435059,5.036684513092041,7.830349445343018,1.3531304597854614,0.0008806481491774321
2pkea,20,1744,0.9576791524887085,IPR000073,Alpha/beta hydrolase fold-1,11.756058692932129,5.039249897003174,6.716808795928955,1.2221206426620483,0.03389008343219757
2pkea,20,1744,0.9635997414588928,IPR001279,Metallo-beta-lactamase,12.118870735168457,5.025880336761475,7.092990398406982,1.2698041200637817,1.2817377367801974e-12
2pkea,20,1744,0.9511756300926208,IPR013848,"Methylthiotransferase, N-terminal",11.250720024108887,5.038192272186279,6.212527751922607,1.15903639793396,0.0014470276655629277
2pkea,20,1744,0.9913102984428406,IPR000652,Triosephosphate isomerase,13.515625,5.03727912902832,8.47834587097168,1.4239087104797363,0.006493075285106897
2pkea,20,1744,0.9777749180793762,IPR002347,Short-chain dehydrogenase/reductase SDR,12.604467391967773,5.030303955078125,7.574163436889648,1.3252148628234863,5.057631646820937e-09
2pkea,20,1744,0.9828876852989197,IPR002903,Ribosomal RNA small subunit methyltransferase H,12.914234161376953,5.038182258605957,7.876051902770996,1.3579840660095215,0.013801277615129948
2pkea,20,1744,0.9511756300926208,IPR005839,Methylthiotransferase,11.250720024108887,5.038192272186279,6.212527751922607,1.15903639793396,0.0014470276655629277
2pkea,20,1744,0.9924215078353882,IPR022896,"Triosephosphate isomerase, bacterial/eukaryotic",13.601283073425293,5.038007736206055,8.563275337219238,1.4328147172927856,0.025897443294525146
2pkea,20,1744,0.9828876852989197,IPR023397,"S-adenosyl-L-methionine-dependent methyltransferase, MraW, recognition domain superfamily",12.914234161376953,5.038182258605957,7.876051902770996,1.3579840660095215,0.013801277615129948
2pkea,20,1744,0.9686062335968018,IPR029033,Histidine phosphatase superfamily,12.758984565734863,5.038415431976318,7.720569133758545,1.3404687643051147,0.048171140253543854
2pkea,20,1744,0.9556921124458313,IPR029063,S-adenosyl-L-methionine-dependent methyltransferase superfamily,11.83442497253418,4.926341533660889,6.908083438873291,1.2643980979919434,0.0
2pkea,20,1744,0.9913102984428406,IPR035990,Triosephosphate isomerase superfamily,13.515625,5.03727912902832,8.47834587097168,1.4239087104797363,0.006493075285106897
2pkea,20,1744,0.9630707502365112,IPR036866,Ribonuclease Z/Hydroxyacylglutathione hydrolase-like,12.085676193237305,5.025284767150879,7.060391426086426,1.266018033027649,3.8945040768678663e-13
2pkea,20,1744,0.9511756300926208,IPR038135,"Methylthiotransferase, N-terminal domain superfamily",11.250720024108887,5.038192272186279,6.212527751922607,1.15903639793396,0.0014470276655629277
2pkea,20,1744,0.9529291391372681,IPR040442,Pyruvate kinase-like domain superfamily,11.642404556274414,5.038108825683594,6.60429573059082,1.2084320783615112,0.004211249761283398
2pkea,20,1746,0.962050199508667,IPR020537,"ATP synthase, F0 complex, subunit C, DCCD-binding site",9.290901184082031,5.07344388961792,4.217457294464111,0.8728502988815308,0.006209720391780138
2pkea,20,1746,0.9854725003242493,IPR020596,"Ribosomal RNA adenine methylase transferase, conserved site",10.224190711975098,5.0734028816223145,5.150787830352783,1.0109580755233765,0.04656350612640381
2pkea,20,1746,0.9581520557403564,IPR033690,"Adenylate kinase, conserved site",9.340049743652344,5.072505474090576,4.267544269561768,0.8807289004325867,0.0006952141993679106
2pkea,20,1746,0.9641159772872925,IPR002379,V-ATPase proteolipid subunit C-like domain,9.43272590637207,5.072766304016113,4.359959602355957,0.8948991894721985,0.0013658289099112153
2pkea,20,1746,0.9838585257530212,IPR006137,"NADH:ubiquinone oxidoreductase-like, 20kDa subunit",11.5042724609375,5.070319175720215,6.433953285217285,1.1820183992385864,0.0030357518699020147
2pkea,20,1746,0.9854725003242493,IPR020598,"Ribosomal RNA adenine methylase transferase, N-terminal",10.224190711975098,5.0734028816223145,5.150787830352783,1.0109580755233765,0.04656350612640381
2pkea,20,1746,0.962050199508667,IPR000454,"ATP synthase, F0 complex, subunit C",9.290901184082031,5.07344388961792,4.217457294464111,0.8728502988815308,0.006209720391780138
2pkea,20,1746,0.9578983187675476,IPR000850,Adenylate kinase/UMP-CMP kinase,9.317968368530273,5.072122097015381,4.245846271514893,0.8774230480194092,0.0001990312011912465
2pkea,20,1746,0.9854725003242493,IPR001737,Ribosomal RNA adenine methyltransferase KsgA/Erm,10.224190711975098,5.0734028816223145,5.150787830352783,1.0109580755233765,0.04656350612640381
2pkea,20,1746,0.986099123954773,IPR002903,Ribosomal RNA small subunit methyltransferase H,10.353646278381348,5.07269287109375,5.280953407287598,1.0293123722076416,0.010401572100818157
2pkea,20,1746,0.9906976819038391,IPR006138,"NADH-ubiquinone oxidoreductase, 20 Kd subunit",11.932059288024902,5.071008205413818,6.861051082611084,1.234495759010315,0.030046476051211357
2pkea,20,1746,0.9514792561531067,IPR006259,Adenylate kinase subfamily,9.050551414489746,5.073853492736816,3.9766979217529297,0.8349210023880005,0.016972260549664497
2pkea,20,1746,0.9747458696365356,IPR050054,Uracil phosphoribosyltransferase/Adenine phosphoribosyltransferase,9.76362133026123,5.068406581878662,4.695214748382568,0.945881187915802,8.015311081521759e-09
2pkea,20,1746,0.9854725003242493,IPR023165,"rRNA adenine dimethylase-like, C-terminal",10.224190711975098,5.0734028816223145,5.150787830352783,1.0109580755233765,0.04656350612640381
2pkea,20,1746,0.986099123954773,IPR023397,"S-adenosyl-L-methionine-dependent methyltransferase, MraW, recognition domain superfamily",10.353646278381348,5.07269287109375,5.280953407287598,1.0293123722076416,0.010401572100818157
2pkea,20,1746,0.9955132603645325,IPR029033,Histidine phosphatase superfamily,11.191699028015137,5.0714335441589355,6.120265483856201,1.1419607400894165,0.00445109186694026
2pkea,20,1746,0.9641159772872925,IPR035921,F/V-ATP synthase subunit C superfamily,9.43272590637207,5.072766304016113,4.359959602355957,0.8948991894721985,0.0013658289099112153
2pkea,20,1799,0.9721773862838745,IPR018280,"Small ribosomal subunit protein uS3, conserved site",10.084228515625,3.355984926223755,6.728243827819824,1.5872882604599,0.009031743742525578
2pkea,20,1799,0.9898571968078613,IPR047863,"Small ribosomal subunit protein uS8, conserved site",11.619140625,3.3502120971679688,8.268928527832031,1.7941746711730957,4.93456491312827e-06
2pkea,20,1799,0.9721773862838745,IPR001351,"Small ribosomal subunit protein uS3, C-terminal",10.084228515625,3.355984926223755,6.728243827819824,1.5872882604599,0.009031743742525578
2pkea,20,1799,0.993651807308197,IPR020040,"Large ribosomal subunit protein uL6, alpha-beta domain",12.138392448425293,3.35445237159729,8.783940315246582,1.855423927307129,0.02333005890250206
2pkea,20,1799,0.9702836871147156,IPR020783,"Large ribosomal subunit protein uL11, C-terminal",9.98291015625,3.356147289276123,6.626762866973877,1.5726501941680908,0.010758264921605587
2pkea,20,1799,0.9702836871147156,IPR020784,"Large ribosomal subunit protein uL11, N-terminal",9.98291015625,3.356147289276123,6.626762866973877,1.5726501941680908,0.010758264921605587
2pkea,20,1799,0.9866175651550293,IPR023584,Ribosome recycling factor domain,11.201823234558105,3.352621555328369,7.849201679229736,1.7403677701950073,0.000129482097690925
2pkea,20,1799,0.9897114634513855,IPR000630,Small ribosomal subunit protein uS8,11.580611228942871,3.348639726638794,8.231971740722656,1.790060043334961,2.729218238073372e-07
2pkea,20,1799,0.993651807308197,IPR000702,Large ribosomal subunit protein uL6-like,12.138392448425293,3.35445237159729,8.783940315246582,1.855423927307129,0.02333005890250206
2pkea,20,1799,0.9702836871147156,IPR000911,Ribosomal protein uL11,9.98291015625,3.356147289276123,6.626762866973877,1.5726501941680908,0.010758264921605587
2pkea,20,1799,0.9866175651550293,IPR002661,Ribosome recycling factor,11.201823234558105,3.352621555328369,7.849201679229736,1.7403677701950073,0.000129482097690925
2pkea,20,1799,0.9721773862838745,IPR005704,"Small ribosomal subunit protein uS3, bacterial-type",10.084228515625,3.355984926223755,6.728243827819824,1.5872882604599,0.009031743742525578
2pkea,20,1799,0.9709631204605103,IPR006519,"Large ribosomal subunit protein uL11, bacterial-type",10.028124809265137,3.3567428588867188,6.671381950378418,1.578913688659668,0.039279740303754807
2pkea,20,1799,0.965869128704071,IPR013025,Large ribosomal subunit protein uL23-like,9.71180534362793,3.3553082942962646,6.356496810913086,1.533289909362793,0.0011371806031093001
2pkea,20,1799,0.9672796726226807,IPR008978,HSP20-like chaperone,9.936809539794922,3.3555619716644287,6.581247329711914,1.5662239789962769,0.0037315746303647757
2pkea,20,1799,0.9677413105964661,IPR012678,Ribosomal protein uL23/eL15/eS24 core domain superfamily,10.0139799118042,3.3540961742401123,6.659883499145508,1.5780153274536133,0.00024715045583434403
2pkea,20,1799,0.9897114634513855,IPR035987,Small ribosomal subunit protein uS8 superfamily,11.580611228942871,3.348639726638794,8.231971740722656,1.790060043334961,2.729218238073372e-07
2pkea,20,1799,0.9866175651550293,IPR036191,RRF superfamily,11.201823234558105,3.352621555328369,7.849201679229736,1.7403677701950073,0.000129482097690925
2pkea,20,1799,0.9721773862838745,IPR036419,"Ribosomal protein S3, C-terminal domain superfamily",10.084228515625,3.355984926223755,6.728243827819824,1.5872882604599,0.009031743742525578
2pkea,20,1799,0.9702836871147156,IPR036769,"Large ribosomal subunit protein uL11, C-terminal domain superfamily",9.98291015625,3.356147289276123,6.626762866973877,1.5726501941680908,0.010758264921605587
2pkea,20,1799,0.993651807308197,IPR036789,"Large ribosomal subunit protein uL6-like, alpha-beta domain superfamily",12.138392448425293,3.35445237159729,8.783940315246582,1.855423927307129,0.02333005890250206
2pkea,20,1799,0.9702836871147156,IPR036796,"Large ribosomal subunit protein uL11, N-terminal domain superfamily",9.98291015625,3.356147289276123,6.626762866973877,1.5726501941680908,0.010758264921605587
2pkea,20,1817,0.9835716485977173,IPR004821,Cytidyltransferase-like domain,13.352059364318848,3.1679725646972656,10.184086799621582,2.075425863265991,2.9661206517559997e-16
2pkea,20,1817,0.9977137446403503,IPR006131,"Aspartate/ornithine carbamoyltransferase, Asp/Orn-binding domain",15.439492225646973,3.1848208904266357,12.254671096801758,2.277336597442627,0.00015509779041167349
2pkea,20,1817,0.9977137446403503,IPR006132,"Aspartate/ornithine carbamoyltransferase, carbamoyl-P binding",15.439492225646973,3.1848208904266357,12.254671096801758,2.277336597442627,0.00015509779041167349
2pkea,20,1817,0.9733500480651855,IPR011761,ATP-grasp fold,12.482802391052246,3.1777384281158447,9.30506420135498,1.973865032196045,3.553221258889572e-11
2pkea,20,1817,0.9718174338340759,IPR020630,"Tetrahydrofolate dehydrogenase/cyclohydrolase, catalytic domain",12.168131828308105,3.191290855407715,8.97684097290039,1.9308911561965942,0.008369840681552887
2pkea,20,1817,0.9718174338340759,IPR020631,"Tetrahydrofolate dehydrogenase/cyclohydrolase, NAD(P)-binding domain",12.168131828308105,3.191290855407715,8.97684097290039,1.9308911561965942,0.008369840681552887
2pkea,20,1817,0.9718174338340759,IPR000672,Tetrahydrofolate dehydrogenase/cyclohydrolase,12.168131828308105,3.191290855407715,8.97684097290039,1.9308911561965942,0.008369840681552887
2pkea,20,1817,0.9921720027923584,IPR001980,Phosphopantetheine adenylyltransferase,14.43359375,3.1854066848754883,11.248187065124512,2.1798765659332275,6.236604531295598e-05
2pkea,20,1817,0.997339129447937,IPR002082,Aspartate carbamoyltransferase,15.373884201049805,3.188594102859497,12.185290336608887,2.269484758377075,0.01532692089676857
2pkea,20,1817,0.9889452457427979,IPR002213,UDP-glucuronosyl/UDP-glucosyltransferase,13.998492240905762,3.1905226707458496,10.80797004699707,2.133402109146118,0.0313091054558754
2pkea,20,1817,0.9977137446403503,IPR006130,Aspartate/ornithine carbamoyltransferase,15.439492225646973,3.1848208904266357,12.254671096801758,2.277336597442627,0.00015509779041167349
2pkea,20,1817,0.9799490571022034,IPR016185,Pre-ATP-grasp domain superfamily,13.00223445892334,3.184053659439087,9.818181037902832,2.029818534851074,8.297143949675956e-07
2pkea,20,1817,0.9977137446403503,IPR036901,Aspartate/ornithine carbamoyltransferase superfamily,15.439492225646973,3.1848208904266357,12.254671096801758,2.277336597442627,0.00015509779041167349
2pkea,20,1817,0.9547910690307617,IPR046346,"Aminoacid dehydrogenase-like, N-terminal domain superfamily",11.211628913879395,3.181563377380371,8.030065536499023,1.8171836137771606,8.26062218628465e-10
2pkea,20,2021,0.997035562992096,IPR018257,"Large ribosomal subunit protein bL19, conserved site",10.024999618530273,4.175145626068115,5.849853992462158,1.263700246810913,0.0038744995836168528
2pkea,20,2021,0.9544861912727356,IPR019972,"Large ribosomal subunit protein uL14, conserved site",7.888906478881836,4.1746344566345215,3.7142720222473145,0.9181720018386841,5.472311386256479e-07
2pkea,20,2021,0.9511354565620422,IPR003599,Immunoglobulin domain subtype,7.997518062591553,4.175128936767578,3.8223891258239746,0.9377281665802002,1.0268860023643356e-05
2pkea,20,2021,0.9891858100891113,IPR005824,KOW,9.45269775390625,4.175477027893066,5.277220726013184,1.1787817478179932,0.001827790285460651
2pkea,20,2021,0.9511972665786743,IPR000218,Large ribosomal subunit protein uL14,7.847098350524902,4.173635005950928,3.6734633445739746,0.9108514189720154,2.1280168738258e-08
2pkea,20,2021,0.9971579313278198,IPR001857,Large ribosomal subunit protein bL19,10.0322265625,4.174548149108887,5.857678413391113,1.2649463415145874,0.000846981187351048
2pkea,20,2021,0.9548447728157043,IPR005745,"Large ribosomal subunit protein uL14, bacterial-type",7.895254611968994,4.173872470855713,3.7213821411132812,0.9195957779884338,4.245313434125819e-08
2pkea,20,2021,0.9904133081436157,IPR013025,Large ribosomal subunit protein uL23-like,9.25173568725586,4.1747822761535645,5.076953411102295,1.148019552230835,8.652262476971373e-05
2pkea,20,2021,0.9667906165122986,IPR008995,"Molybdate/tungstate binding, C-terminal",8.223551750183105,4.177447319030762,4.046104431152344,0.9771365523338318,0.014879649505019188
2pkea,20,2021,0.990423321723938,IPR011032,GroES-like superfamily,9.297069549560547,4.173673629760742,5.123395919799805,1.1554547548294067,4.633656772057293e-06
2pkea,20,2021,0.9909433126449585,IPR012678,Ribosomal protein uL23/eL15/eS24 core domain superfamily,9.328536033630371,4.174127101898193,5.154408931732178,1.160172700881958,1.8848953914130107e-05
2pkea,20,2021,0.9511972665786743,IPR036853,Large ribosomal subunit protein uL14 superfamily,7.847098350524902,4.173635005950928,3.6734633445739746,0.9108514189720154,2.1280168738258e-08
2pkea,20,2021,0.9971579313278198,IPR038657,Large ribosomal subunit protein bL19 superfamily,10.0322265625,4.174548149108887,5.857678413391113,1.2649463415145874,0.000846981187351048
2pkea,20,2023,0.9753699898719788,IPR018171,"Peptidyl-tRNA hydrolase, conserved site",8.1435546875,2.2312750816345215,5.9122796058654785,1.867783784866333,0.006386767607182264
2pkea,20,2023,0.9980959892272949,IPR018181,"Heat shock protein 70, conserved site",11.464415550231934,2.2213244438171387,9.243091583251953,2.367664337158203,3.780318422741402e-07
2pkea,20,2023,0.9654505252838135,IPR001048,Aspartate/glutamate/uridylate kinase,7.205826759338379,2.2232956886291504,4.9825310707092285,1.6964576244354248,2.1987961581690363e-13
2pkea,20,2023,0.9586644768714905,IPR004160,"Translation elongation factor EFTu/EF1A, C-terminal",6.913339138031006,2.232308864593506,4.6810302734375,1.6308395862579346,0.002246396616101265
2pkea,20,2023,0.9520827531814575,IPR005225,Small GTP-binding domain,6.699526786804199,2.18292236328125,4.516604423522949,1.617791771888733,0.0
2pkea,20,2023,0.96014404296875,IPR006073,GTP binding domain,7.463865756988525,2.2081494331359863,5.255716323852539,1.7570786476135254,7.680775211156486e-28
2pkea,20,2023,0.969062089920044,IPR015967,"Recombination protein RecR, zinc finger domain",7.635340213775635,2.2315480709075928,5.403792381286621,1.7746410369873047,0.0029785914812237024
2pkea,20,2023,0.9672008156776428,IPR018484,"Carbohydrate kinase FGGY, N-terminal",7.407071590423584,2.2309000492095947,5.17617130279541,1.7312709093093872,0.0002474861976224929
2pkea,20,2023,0.9667735695838928,IPR018485,"Carbohydrate kinase FGGY, C-terminal",7.34860372543335,2.2304985523223877,5.118104934692383,1.7200974225997925,6.856459367554635e-05
2pkea,20,2023,0.9688201546669006,IPR024567,Ribonuclease HII/HIII domain,7.401432991027832,2.2303929328918457,5.171040058135986,1.7305002212524414,5.425469862530008e-05
2pkea,20,2023,0.9586644768714905,IPR033720,"Elongation factor Tu, domain 2",6.913339138031006,2.232308864593506,4.6810302734375,1.6308395862579346,0.002246396616101265
2pkea,20,2023,0.969062089920044,IPR034137,"RecR, TOPRIM domain",7.635340213775635,2.2315480709075928,5.403792381286621,1.7746410369873047,0.0029785914812237024
2pkea,20,2023,0.9586644768714905,IPR041709,"Elongation factor Tu (EF-Tu), GTP-binding domain",6.913339138031006,2.232308864593506,4.6810302734375,1.6308395862579346,0.002246396616101265
2pkea,20,2023,0.969062089920044,IPR000093,DNA recombination protein RecR,7.635340213775635,2.2315480709075928,5.403792381286621,1.7746410369873047,0.0029785914812237024
2pkea,20,2023,0.9665370583534241,IPR001057,Glutamate/acetylglutamate kinase,7.328084945678711,2.232581853866577,5.095502853393555,1.7147166728973389,0.014461983926594257
2pkea,20,2023,0.9753699898719788,IPR001328,Peptidyl-tRNA hydrolase,8.1435546875,2.2312750816345215,5.9122796058654785,1.867783784866333,0.006386767607182264
2pkea,20,2023,0.9688201546669006,IPR001352,Ribonuclease HII/HIII,7.401432991027832,2.2303929328918457,5.171040058135986,1.7305002212524414,5.425469862530008e-05
2pkea,20,2023,0.9586644768714905,IPR004541,"Translation elongation factor EFTu/EF1A, bacterial/organelle",6.913339138031006,2.232308864593506,4.6810302734375,1.6308395862579346,0.002246396616101265
2pkea,20,2023,0.9981094598770142,IPR013126,Heat shock protein 70 family,11.457037925720215,2.220414161682129,9.236623764038086,2.3673269748687744,8.35030107282364e-08
2pkea,20,2023,0.9690915942192078,IPR022898,Ribonuclease HII,7.428653717041016,2.231900215148926,5.19675350189209,1.7348217964172363,0.0029700209852308035
2pkea,20,2023,0.9586644768714905,IPR050055,Elongation factor Tu GTPase,6.913339138031006,2.232308864593506,4.6810302734375,1.6308395862579346,0.002246396616101265
2pkea,20,2023,0.9580143094062805,IPR009001,"Translation elongation factor EF1A/initiation factor IF2gamma, C-terminal",6.867428302764893,2.2300689220428467,4.637359619140625,1.6226751804351807,3.9841761463321745e-06
2pkea,20,2023,0.9883428812026978,IPR023214,HAD superfamily,10.930755615234375,2.2198286056518555,8.71092700958252,2.2998664379119873,1.675137717427333e-08
2pkea,20,2023,0.969062089920044,IPR023627,Recombination protein RecR,7.635340213775635,2.2315480709075928,5.403792381286621,1.7746410369873047,0.0029785914812237024
2pkea,20,2023,0.9980959892272949,IPR029047,"Heat shock protein 70kD, peptide-binding domain superfamily",11.464415550231934,2.2213244438171387,9.243091583251953,2.367664337158203,3.780318422741402e-07
2pkea,20,2023,0.9980410933494568,IPR029048,"Heat shock protein 70kD, C-terminal domain superfamily",11.462089538574219,2.222254991531372,9.239834785461426,2.366767406463623,1.7221321968463599e-06
2pkea,20,2023,0.9654505252838135,IPR036393,Acetylglutamate kinase-like superfamily,7.205826759338379,2.2232956886291504,4.9825310707092285,1.6964576244354248,2.1987961581690363e-13
2pkea,20,2023,0.9898679852485657,IPR036412,HAD-like superfamily,11.118908882141113,2.2202677726745605,8.898641586303711,2.3242030143737793,5.7844580680921354e-08
2pkea,20,2023,0.9753699898719788,IPR036416,Peptidyl-tRNA hydrolase superfamily,8.1435546875,2.2312750816345215,5.9122796058654785,1.867783784866333,0.006386767607182264
2pkea,20,2023,0.9863019585609436,IPR043129,"ATPase, nucleotide binding domain",9.248453140258789,2.173523187637329,7.074930191040039,2.089169979095459,0.0
2pkea,20,2202,0.984023928642273,IPR018102,"Small ribosomal subunit protein uS11, conserved site",4.803622245788574,1.0409677028656006,3.7626545429229736,2.206183433532715,2.0805862277484266e-07
2pkea,20,2202,0.9794264435768127,IPR018192,"Small ribosomal subunit protein uS5, N-terminal, conserved site",4.5848846435546875,1.043579339981079,3.5413053035736084,2.135331392288208,0.0022210024762898684
2pkea,20,2202,0.9889094829559326,IPR000086,NUDIX hydrolase domain,6.3399834632873535,1.0418281555175781,5.298155307769775,2.6053478717803955,0.01793895848095417
2pkea,20,2202,0.9593351483345032,IPR000305,GIY-YIG endonuclease,3.221682071685791,1.045328140258789,2.176353931427002,1.6238443851470947,0.0010448502143844962
2pkea,20,2202,0.9625100493431091,IPR000793,"ATP synthase, alpha subunit, C-terminal",3.183626174926758,1.044110655784607,2.1395153999328613,1.6083824634552002,2.376586820673765e-07
2pkea,20,2202,0.9549752473831177,IPR002048,EF-hand domain,3.4788601398468018,1.0429120063781738,2.435948133468628,1.7379833459854126,5.047682805070508e-08
2pkea,20,2202,0.950240969657898,IPR004100,"ATPase, F1/V1/A1 complex, alpha/beta subunit, N-terminal domain",2.89113187789917,1.0418483018875122,1.8492835760116577,1.472475290298462,2.1410068525338317e-15
2pkea,20,2202,0.9800395965576172,IPR005324,"Small ribosomal subunit protein uS5, C-terminal",4.633889675140381,1.0431413650512695,3.5907483100891113,2.151275157928467,0.000489996571559459
2pkea,20,2202,0.9729512929916382,IPR006196,"RNA-binding domain, S1, IF1 type",3.825629234313965,1.0442390441894531,2.7813901901245117,1.8732311725616455,0.000247303512878716
2pkea,20,2202,0.9721280336380005,IPR011761,ATP-grasp fold,3.904081106185913,1.040655255317688,2.8634257316589355,1.9074769020080566,1.4536830073019757e-11
2pkea,20,2202,0.9800395965576172,IPR013810,"Small ribosomal subunit protein uS5, N-terminal",4.633889675140381,1.0431413650512695,3.5907483100891113,2.151275157928467,0.000489996571559459
2pkea,20,2202,0.9625100493431091,IPR033732,"ATP synthase, F1 complex, alpha subunit nucleotide-binding domain",3.183626174926758,1.044110655784607,2.1395153999328613,1.6083824634552002,2.376586820673765e-07
2pkea,20,2202,0.9800395965576172,IPR000851,Small ribosomal subunit protein uS5,4.633889675140381,1.0431413650512695,3.5907483100891113,2.151275157928467,0.000489996571559459
2pkea,20,2202,0.984233021736145,IPR001971,Small ribosomal subunit protein uS11,4.819173336029053,1.0401759147644043,3.7789974212646484,2.211944341659546,1.0761445956575244e-08
2pkea,20,2202,0.9764246344566345,IPR004368,Translation initiation factor IF-1,3.9747395515441895,1.0448508262634277,2.9298887252807617,1.9275494813919067,0.012435049749910831
2pkea,20,2202,0.9625100493431091,IPR005294,"ATP synthase, F1 complex, alpha subunit",3.183626174926758,1.044110655784607,2.1395153999328613,1.6083824634552002,2.376586820673765e-07
2pkea,20,2202,0.9690614938735962,IPR005679,"Ribosomal protein uS12, bacterial-type",3.4659979343414307,1.043916940689087,2.4220809936523438,1.7312500476837158,1.4913806580807432e-06
2pkea,20,2202,0.9834232330322266,IPR005712,"Small ribosomal subunit protein uS5, bacterial-type",4.931710243225098,1.0438023805618286,3.8879079818725586,2.2402255535125732,0.028781967237591743
2pkea,20,2202,0.9684255719184875,IPR006032,Small ribosomal subunit protein uS12,3.428936243057251,1.0430423021316528,2.3858938217163086,1.716949462890625,6.672438601640351e-09
2pkea,20,2202,0.9845941662788391,IPR019981,"Small ribosomal subunit protein uS11, bacterial-type",4.897070407867432,1.041534423828125,3.8555359840393066,2.233194589614868,3.6587239264918026e-06
2pkea,20,2202,0.9563689231872559,IPR011992,EF-hand domain pair,3.4949491024017334,1.042378306388855,2.452570915222168,1.7453786134719849,3.0407916185026806e-09
2pkea,20,2202,0.9913234710693359,IPR012338,Beta-lactamase/transpeptidase-like,6.141798496246338,1.0405733585357666,5.101224899291992,2.5612685680389404,0.00015136813453864306
2pkea,20,2202,0.9889094829559326,IPR015797,NUDIX hydrolase-like domain superfamily,6.3399834632873535,1.0418281555175781,5.298155307769775,2.6053478717803955,0.01793895848095417
2pkea,20,2202,0.9762907028198242,IPR016181,Acyl-CoA N-acyltransferase,4.275548934936523,1.0411595106124878,3.234389305114746,2.037904739379883,8.209635637967949e-09
2pkea,20,2202,0.9781519174575806,IPR016185,Pre-ATP-grasp domain superfamily,4.303609371185303,1.0420701503753662,3.2615392208099365,2.0460808277130127,4.539351721177809e-07
2pkea,20,2202,0.990305483341217,IPR016193,Cytidine deaminase-like,6.683724403381348,1.0407811403274536,5.642943382263184,2.682971715927124,0.003483281936496496
2pkea,20,2202,0.9530695676803589,IPR023366,"ATP synthase subunit alpha, N-terminal domain-like superfamily",3.0796728134155273,1.0437486171722412,2.035924196243286,1.5609890222549438,1.854905917753058e-08
2pkea,20,2202,0.9790813326835632,IPR029055,"Nucleophile aminohydrolases, N-terminal",4.8639397621154785,1.0419838428497314,3.821955919265747,2.222778558731079,3.0146453354973346e-05
2pkea,20,2202,0.9618145227432251,IPR035901,GIY-YIG endonuclease superfamily,3.277047634124756,1.0454517602920532,2.231595993041992,1.6482563018798828,0.0030908258631825447
2pkea,20,2202,0.950171172618866,IPR036121,"ATPase, F1/V1/A1 complex, alpha/beta subunit, N-terminal domain superfamily",2.8989579677581787,1.0421898365020752,1.8567681312561035,1.4759024381637573,2.6927714412102767e-14
2pkea,20,2202,0.984233021736145,IPR036967,Small ribosomal subunit protein uS11 superfamily,4.819173336029053,1.0401759147644043,3.7789974212646484,2.211944341659546,1.0761445956575244e-08
2pkea,20,2202,0.9625100493431091,IPR038376,"ATP synthase, alpha subunit, C-terminal domain superfamily",3.183626174926758,1.044110655784607,2.1395153999328613,1.6083824634552002,2.376586820673765e-07
2pkea,20,2322,0.9682374000549316,IPR017871,"ABC transporter-like, conserved site",8.419271469116211,2.4154820442199707,6.00378942489624,1.8013782501220703,7.902583329052693e-31
2pkea,20,2322,0.9725425839424133,IPR020612,"Methylthiotransferase, conserved site",8.605527877807617,2.4421799182891846,6.163348197937012,1.81708824634552,3.371699858689681e-05
2pkea,20,2322,0.9838225245475769,IPR020904,"Short-chain dehydrogenase/reductase, conserved site",9.697227478027344,2.4421732425689697,7.255054473876953,1.989400863647461,0.0006595058366656303
2pkea,20,2322,0.9524253606796265,IPR002792,TRAM domain,7.9504499435424805,2.4418368339538574,5.508613109588623,1.703063726425171,7.74141062720446e-06
2pkea,20,2322,0.9682762622833252,IPR003439,"ABC transporter-like, ATP-binding domain",8.4105863571167,2.4143319129943848,5.9962544441223145,1.8005763292312622,5.658885053092981e-32
2pkea,20,2322,0.9638647437095642,IPR003599,Immunoglobulin domain subtype,8.698990821838379,2.4401113986968994,6.258879661560059,1.8338950872421265,1.7740690054779407e-06
2pkea,20,2322,0.9651273488998413,IPR007110,Immunoglobulin-like domain,8.69206714630127,2.433854818344116,6.258212089538574,1.8364503383636475,2.9662032378918735e-12
2pkea,20,2322,0.9840611219406128,IPR013106,Immunoglobulin V-set domain,9.893937110900879,2.441837787628174,7.452099323272705,2.018571376800537,0.00064380734693259
2pkea,20,2322,0.9739004373550415,IPR013848,"Methylthiotransferase, N-terminal",8.6852388381958,2.442645788192749,6.242592811584473,1.8301149606704712,0.00011365795944584534
2pkea,20,2322,0.9931144714355469,IPR020846,Major facilitator superfamily domain,11.726465225219727,2.421941041946411,9.304524421691895,2.275526523590088,7.294286693960267e-16
2pkea,20,2322,0.9850727319717407,IPR002347,Short-chain dehydrogenase/reductase SDR,9.739670753479004,2.435515880584717,7.304154872894287,1.999639630317688,1.4387515623326408e-09
2pkea,20,2322,0.9739004373550415,IPR005839,Methylthiotransferase,8.6852388381958,2.442645788192749,6.242592811584473,1.8301149606704712,0.00011365795944584534
2pkea,20,2322,0.9930571913719177,IPR011701,Major facilitator superfamily,12.101973533630371,2.4283883571624756,9.673584938049316,2.3171651363372803,9.559660008040538e-11
2pkea,20,2322,0.9749220609664917,IPR008978,HSP20-like chaperone,10.261566162109375,2.4412121772766113,7.820353984832764,2.071575403213501,0.0016065557720139623
2pkea,20,2322,0.9746062159538269,IPR008995,"Molybdate/tungstate binding, C-terminal",8.7403564453125,2.4444334506988525,6.295923233032227,1.8381860256195068,0.006599964573979378
2pkea,20,2322,0.971671462059021,IPR023404,"Radical SAM, alpha/beta horseshoe",8.552092552185059,2.4416747093200684,6.11041784286499,1.8084005117416382,9.58584132604301e-06
2pkea,20,2322,0.9653366804122925,IPR036179,Immunoglobulin-like domain superfamily,8.682199478149414,2.430751323699951,6.251448154449463,1.836652398109436,4.097572704319513e-15
2pkea,20,2322,0.975151777267456,IPR036259,MFS transporter superfamily,10.85488510131836,2.4122934341430664,8.442591667175293,2.169861078262329,4.02182620280549e-23
2pkea,20,2322,0.9739004373550415,IPR038135,"Methylthiotransferase, N-terminal domain superfamily",8.6852388381958,2.442645788192749,6.242592811584473,1.8301149606704712,0.00011365795944584534
2pkea,20,2327,0.9676937460899353,IPR017441,"Protein kinase, ATP binding site",12.774417877197266,7.3131303787231445,5.461287498474121,0.8046945929527283,1.6435495140576541e-21
2pkea,20,2327,0.9600869417190552,IPR000629,"ATP-dependent RNA helicase DEAD-box, conserved site",12.191340446472168,7.325292110443115,4.866048336029053,0.7348966002464294,4.169019018895881e-10
2pkea,20,2327,0.9789940118789673,IPR018181,"Heat shock protein 70, conserved site",12.601588249206543,7.328817844390869,5.272770404815674,0.7819511294364929,4.438582436705474e-06
2pkea,20,2327,0.9769961833953857,IPR020904,"Short-chain dehydrogenase/reductase, conserved site",13.220129013061523,7.3298773765563965,5.890251636505127,0.8508732914924622,0.0014446756104007363
2pkea,20,2327,0.9502219557762146,IPR000640,"Elongation factor EFG, domain V-like",11.93702220916748,7.324206829071045,4.6128153800964355,0.7046965956687927,1.5979110395969442e-11
2pkea,20,2327,0.9584628939628601,IPR000719,Protein kinase domain,12.589372634887695,7.306609153747559,5.282763481140137,0.784930408000946,4.7378887745146805e-28
2pkea,20,2327,0.9524134397506714,IPR011545,DEAD/DEAH-box helicase domain,12.076072692871094,7.32325553894043,4.752817153930664,0.721592366695404,3.098075832333458e-12
2pkea,20,2327,0.9578034281730652,IPR014014,"RNA helicase, DEAD-box type, Q motif",12.167646408081055,7.325363636016846,4.842282772064209,0.7320758700370789,6.102226501880637e-10
2pkea,20,2327,0.9689847230911255,IPR020630,"Tetrahydrofolate dehydrogenase/cyclohydrolase, catalytic domain",12.55078125,7.331539630889893,5.219241619110107,0.7755870819091797,0.012182817794382572
2pkea,20,2327,0.9689847230911255,IPR020631,"Tetrahydrofolate dehydrogenase/cyclohydrolase, NAD(P)-binding domain",12.55078125,7.331539630889893,5.219241619110107,0.7755870819091797,0.012182817794382572
2pkea,20,2327,0.9913536906242371,IPR023753,FAD/NAD(P)-binding domain,13.34351634979248,7.330872058868408,6.012644290924072,0.8640802502632141,0.0064977011643350124
2pkea,20,2327,0.9689847230911255,IPR000672,Tetrahydrofolate dehydrogenase/cyclohydrolase,12.55078125,7.331539630889893,5.219241619110107,0.7755870819091797,0.012182817794382572
2pkea,20,2327,0.9756270051002502,IPR002347,Short-chain dehydrogenase/reductase SDR,13.037886619567871,7.325037479400635,5.712849140167236,0.8317999839782715,7.03855462802494e-09
2pkea,20,2327,0.9755985736846924,IPR013126,Heat shock protein 70 family,12.541217803955078,7.328422546386719,5.212795257568359,0.775100827217102,1.7006734651658917e-06
2pkea,20,2327,0.9789940118789673,IPR029047,"Heat shock protein 70kD, peptide-binding domain superfamily",12.601588249206543,7.328817844390869,5.272770404815674,0.7819511294364929,4.438582436705474e-06
2pkea,20,2327,0.9800751209259033,IPR029048,"Heat shock protein 70kD, C-terminal domain superfamily",12.63088607788086,7.329287528991699,5.30159854888916,0.7852090001106262,1.577450348122511e-05
2pkea,20,2327,0.9507591128349304,IPR035647,EF-G domain III/V-like,11.946455955505371,7.323710918426514,4.622745037078857,0.7059339284896851,4.250415124029683e-12
2pkea,20,2401,0.9983834624290466,IPR018480,"Phospho-N-acetylmuramoyl-pentapeptide transferase, conserved site",15.277902603149414,3.3952443599700928,11.882658004760742,2.1698548793792725,0.01540312822908163
2pkea,20,2401,0.9552309513092041,IPR019775,"WD40 repeat, conserved site",9.852630615234375,3.3944427967071533,6.458188056945801,1.537329912185669,3.908892054482749e-08
2pkea,20,2401,0.9723905324935913,IPR001048,Aspartate/glutamate/uridylate kinase,10.721851348876953,3.386204957962036,7.335646629333496,1.6628085374832153,5.991247672672631e-14
2pkea,20,2401,0.971427857875824,IPR001279,Metallo-beta-lactamase,11.974433898925781,3.3826677799224854,8.591766357421875,1.8237197399139404,2.771367933317864e-13
2pkea,20,2401,0.9534502625465393,IPR004843,"Calcineurin-like, phosphoesterase domain",10.352269172668457,3.4000613689422607,6.952207565307617,1.6063101291656494,0.01387452706694603
2pkea,20,2401,0.9709507822990417,IPR017452,"GPCR, rhodopsin-like, 7TM",11.031554222106934,3.382046937942505,7.649507522583008,1.7056632041931152,3.828749328453824e-16
2pkea,20,2401,0.972538948059082,IPR000276,"G protein-coupled receptor, rhodopsin-like",11.142248153686523,3.383171319961548,7.759077072143555,1.7195879220962524,3.950869562470384e-15
2pkea,20,2401,0.9979842901229858,IPR000715,"Glycosyl transferase, family 4",15.138751983642578,3.3930866718292236,11.745665550231934,2.157571792602539,0.0007677442044951022
2pkea,20,2401,0.9684901833534241,IPR001057,Glutamate/acetylglutamate kinase,10.406128883361816,3.4006712436676025,7.005457878112793,1.6135377883911133,0.01253292616456747
2pkea,20,2401,0.9830666780471802,IPR001806,Small GTPase,12.2650146484375,3.3976922035217285,8.86732292175293,1.8519176244735718,0.003217567689716816
2pkea,20,2401,0.9723905324935913,IPR036393,Acetylglutamate kinase-like superfamily,10.721851348876953,3.386204957962036,7.335646629333496,1.6628085374832153,5.991247672672631e-14
2pkea,20,2401,0.9714300036430359,IPR036866,Ribonuclease Z/Hydroxyacylglutathione hydrolase-like,11.92646598815918,3.3819739818573,8.5444917678833,1.8182247877120972,7.258238199922898e-14
2pkea,20,2401,0.9617248773574829,IPR020472,"PAC1/LIS1-like, WD-40 repeat",10.050518989562988,3.397242784500122,6.653276443481445,1.5648295879364014,9.483946996624582e-06
2pkea,20,2426,0.9613712430000305,IPR017871,"ABC transporter-like, conserved site",8.00258731842041,3.575399398803711,4.427187919616699,1.1623581647872925,1.366115072627337e-29
2pkea,20,2426,0.9768118858337402,IPR001357,BRCT domain,8.256410598754883,3.5971872806549072,4.659223556518555,1.1986414194107056,0.023705486208200455
2pkea,20,2426,0.9717264771461487,IPR002048,EF-hand domain,8.386293411254883,3.591710329055786,4.794583320617676,1.223358392715454,1.2616430566936288e-08
2pkea,20,2426,0.9592440724372864,IPR003439,"ABC transporter-like, ATP-binding domain",7.9754319190979,3.5746910572052,4.400740623474121,1.1577401161193848,2.3767081418823744e-30
2pkea,20,2426,0.9709256887435913,IPR003583,"Helix-hairpin-helix DNA-binding motif, class 1",9.374661445617676,3.585651397705078,5.789010047912598,1.3865272998809814,4.5914292333415485e-12
2pkea,20,2426,0.9776708483695984,IPR004150,"NAD-dependent DNA ligase, OB-fold",8.308184623718262,3.596165895462036,4.712018966674805,1.2080696821212769,0.0013517587212845683
2pkea,20,2426,0.9778505563735962,IPR009081,Phosphopantetheine binding ACP domain,8.239200592041016,3.596283197402954,4.642917633056641,1.1959937810897827,0.0013278494589030743
2pkea,20,2426,0.9776708483695984,IPR013839,"NAD-dependent DNA ligase, adenylation",8.308184623718262,3.596165895462036,4.712018966674805,1.2080696821212769,0.0013517587212845683
2pkea,20,2426,0.9776708483695984,IPR013840,"NAD-dependent DNA ligase, N-terminal",8.308184623718262,3.596165895462036,4.712018966674805,1.2080696821212769,0.0013517587212845683
2pkea,20,2426,0.9998998641967773,IPR013849,"DNA helicase, Holliday junction RuvA type, domain I, bacterial",12.129743576049805,3.592223644256592,8.537519454956055,1.7555959224700928,0.013764014467597008
2pkea,20,2426,0.9897443056106567,IPR015967,"Recombination protein RecR, zinc finger domain",9.193933486938477,3.5946574211120605,5.599276065826416,1.3548239469528198,0.00040179191273637116
2pkea,20,2426,0.9897443056106567,IPR034137,"RecR, TOPRIM domain",9.193933486938477,3.5946574211120605,5.599276065826416,1.3548239469528198,0.00040179191273637116
2pkea,20,2426,0.9998998641967773,IPR000085,Holliday junction branch migration complex subunit RuvA,12.129743576049805,3.592223644256592,8.537519454956055,1.7555959224700928,0.013764014467597008
2pkea,20,2426,0.9897443056106567,IPR000093,DNA recombination protein RecR,9.193933486938477,3.5946574211120605,5.599276065826416,1.3548239469528198,0.00040179191273637116
2pkea,20,2426,0.9774858355522156,IPR001679,NAD-dependent DNA ligase,8.303373336791992,3.5966455936431885,4.706727981567383,1.207041621208191,0.005540745798498392
2pkea,20,2426,0.9778505563735962,IPR003231,Acyl carrier protein,8.239200592041016,3.596283197402954,4.642917633056641,1.1959937810897827,0.0013278494589030743
2pkea,20,2426,0.9665026664733887,IPR008995,"Molybdate/tungstate binding, C-terminal",7.6226806640625,3.597736358642578,4.024944305419922,1.083204984664917,0.015303069725632668
2pkea,20,2426,0.9592821002006531,IPR010994,RuvA domain 2-like,8.724809646606445,3.5789618492126465,5.145847797393799,1.2855784893035889,1.6394561413261887e-20
2pkea,20,2426,0.9692997336387634,IPR011992,EF-hand domain pair,8.279878616333008,3.591047525405884,4.688831329345703,1.2052007913589478,1.2597817233839237e-09
2pkea,20,2426,0.9897443056106567,IPR023627,Recombination protein RecR,9.193933486938477,3.5946574211120605,5.599276065826416,1.3548239469528198,0.00040179191273637116
2pkea,20,2426,0.9768118858337402,IPR036420,BRCT domain superfamily,8.256410598754883,3.5971872806549072,4.659223556518555,1.1986414194107056,0.023705486208200455
2pkea,20,2426,0.9778505563735962,IPR036736,ACP-like superfamily,8.239200592041016,3.596283197402954,4.642917633056641,1.1959937810897827,0.0013278494589030743
2pkea,20,2901,0.9699165225028992,IPR020557,"Fumarate lyase, conserved site",9.000297546386719,4.715240478515625,4.285057067871094,0.9326382875442505,0.002901805564761162
2pkea,20,2901,0.9520331621170044,IPR013106,Immunoglobulin V-set domain,8.821775436401367,4.715544700622559,4.106230735778809,0.9036415815353394,0.01613851822912693
2pkea,20,2901,0.9699165225028992,IPR022761,"Fumarate lyase, N-terminal",9.000297546386719,4.715240478515625,4.285057067871094,0.9326382875442505,0.002901805564761162
2pkea,20,2901,0.9699165225028992,IPR000362,Fumarate lyase family,9.000297546386719,4.715240478515625,4.285057067871094,0.9326382875442505,0.002901805564761162
2pkea,20,2901,0.9735314846038818,IPR000589,Small ribosomal subunit protein uS15,9.136488914489746,4.71500825881958,4.421480655670166,0.9543765187263489,0.002035475103184581
2pkea,20,2901,0.9679876565933228,IPR011701,Major facilitator superfamily,9.80182933807373,4.708773612976074,5.093055725097656,1.0576965808868408,5.83673198661927e-09
2pkea,20,2901,0.996614933013916,IPR009078,Ferritin-like superfamily,11.691926956176758,4.7120561599731445,6.979870796203613,1.3110809326171875,0.004033649805933237
2pkea,20,2901,0.9645766615867615,IPR011032,GroES-like superfamily,8.890202522277832,4.714173316955566,4.176029205322266,0.9152083992958069,9.4056740636006e-05
2pkea,20,2967,0.9665703773498535,IPR020625,"Schiff base-forming aldolase, active site",13.05750846862793,3.1240549087524414,9.933453559875488,2.0633833408355713,0.000822027213871479
2pkea,20,2967,0.995383083820343,IPR020861,"Triosephosphate isomerase, active site",16.104427337646484,3.122462034225464,12.981965065002441,2.366696834564209,0.003538617165759206
2pkea,20,2967,0.9590274095535278,IPR006131,"Aspartate/ornithine carbamoyltransferase, Asp/Orn-binding domain",12.381203651428223,3.1262013912200928,9.25500202178955,1.9856643676757812,0.006560420151799917
2pkea,20,2967,0.9590274095535278,IPR006132,"Aspartate/ornithine carbamoyltransferase, carbamoyl-P binding",12.381203651428223,3.1262013912200928,9.25500202178955,1.9856643676757812,0.006560420151799917
2pkea,20,2967,0.9842997789382935,IPR010722,Biotin and thiamin synthesis-associated domain,14.472569465637207,3.124913454055786,11.34765625,2.21142840385437,0.009695064276456833
2pkea,20,2967,0.9776360988616943,IPR020630,"Tetrahydrofolate dehydrogenase/cyclohydrolase, catalytic domain",13.910481452941895,3.124677896499634,10.78580379486084,2.154388189315796,0.0042932541109621525
2pkea,20,2967,0.9776360988616943,IPR020631,"Tetrahydrofolate dehydrogenase/cyclohydrolase, NAD(P)-binding domain",13.910481452941895,3.124677896499634,10.78580379486084,2.154388189315796,0.0042932541109621525
2pkea,20,2967,0.995383083820343,IPR000652,Triosephosphate isomerase,16.104427337646484,3.122462034225464,12.981965065002441,2.366696834564209,0.003538617165759206
2pkea,20,2967,0.9776360988616943,IPR000672,Tetrahydrofolate dehydrogenase/cyclohydrolase,13.910481452941895,3.124677896499634,10.78580379486084,2.154388189315796,0.0042932541109621525
2pkea,20,2967,0.9731043577194214,IPR001980,Phosphopantetheine adenylyltransferase,13.56944465637207,3.123131513595581,10.44631290435791,2.1192917823791504,0.0004154709167778492
2pkea,20,2967,0.9668765664100647,IPR002220,DapA-like,13.075589179992676,3.1230249404907227,9.952564239501953,2.0658555030822754,0.00020790765120182186
2pkea,20,2967,0.9842997789382935,IPR002684,Biotin synthase/Biotin biosynthesis bifunctional protein BioAB,14.472569465637207,3.124913454055786,11.34765625,2.21142840385437,0.009695064276456833
2pkea,20,2967,0.9665703773498535,IPR005263,"4-hydroxy-tetrahydrodipicolinate synthase, DapA",13.05750846862793,3.1240549087524414,9.933453559875488,2.0633833408355713,0.000822027213871479
2pkea,20,2967,0.9686763286590576,IPR006062,Histidine biosynthesis protein,13.1510009765625,3.1098029613494873,10.041197776794434,2.080272912979126,4.36917212479071e-12
2pkea,20,2967,0.9590274095535278,IPR006130,Aspartate/ornithine carbamoyltransferase,12.381203651428223,3.1262013912200928,9.25500202178955,1.9856643676757812,0.006560420151799917
2pkea,20,2967,0.9956761002540588,IPR022896,"Triosephosphate isomerase, bacterial/eukaryotic",16.178850173950195,3.123657464981079,13.055192947387695,2.3727962970733643,0.015727488324046135
2pkea,20,2967,0.9663604497909546,IPR023016,HisA/PriA,13.031939506530762,3.1250932216644287,9.906846046447754,2.0600759983062744,0.0032138980459421873
2pkea,20,2967,0.9842997789382935,IPR024177,Biotin synthase,14.472569465637207,3.124913454055786,11.34765625,2.21142840385437,0.009695064276456833
2pkea,20,2967,0.9669321179389954,IPR044524,"Histidine biosynthesis, HisA-like",13.07139778137207,3.1240296363830566,9.947368621826172,2.0649287700653076,0.0007917395560070872
2pkea,20,2967,0.9708763360977173,IPR050064,Imidazole glycerol phosphate synthase HisA/HisF,13.401041984558105,3.12652325630188,10.274518966674805,2.0997095108032227,0.03191410005092621
2pkea,20,2967,0.9812588691711426,IPR011060,Ribulose-phosphate binding barrel,14.167614936828613,3.0574982166290283,11.110116958618164,2.2121686935424805,0.0
2pkea,20,2967,0.9690578579902649,IPR013785,Aldolase-type TIM barrel,13.264699935913086,2.887698173522949,10.377001762390137,2.1995952129364014,0.0
2pkea,20,2967,0.995383083820343,IPR035990,Triosephosphate isomerase superfamily,16.104427337646484,3.122462034225464,12.981965065002441,2.366696834564209,0.003538617165759206
2pkea,20,2967,0.9590274095535278,IPR036901,Aspartate/ornithine carbamoyltransferase superfamily,12.381203651428223,3.1262013912200928,9.25500202178955,1.9856643676757812,0.006560420151799917
2pkea,20,2967,0.9912878274917603,IPR038071,UROD/MetE-like superfamily,15.940237045288086,3.1239922046661377,12.816245079040527,2.351205825805664,0.022899139672517776
2pkea,20,2967,0.9921107888221741,IPR040442,Pyruvate kinase-like domain superfamily,16.907814025878906,3.1171116828918457,13.790702819824219,2.439403772354126,5.4194784752326086e-05
2pkea,20,2976,0.9946961402893066,IPR001684,Large ribosomal subunit protein bL27,19.040178298950195,9.563915252685547,9.476263046264648,0.9933723211288452,0.02146086096763611
2pkea,20,2988,0.9568400979042053,IPR020003,"ATPase, alpha/beta subunit, nucleotide-binding domain, active site",8.907033920288086,2.8398659229278564,6.067168235778809,1.6491172313690186,6.419516594056941e-16
2pkea,20,2988,0.9810351729393005,IPR017871,"ABC transporter-like, conserved site",12.194900512695312,2.8036985397338867,9.391201972961426,2.1208696365356445,8.41454194617515e-33
2pkea,20,2988,0.9669909477233887,IPR018171,"Peptidyl-tRNA hydrolase, conserved site",9.6861572265625,2.853809356689453,6.832347869873047,1.7630304098129272,0.014051116071641445
2pkea,20,2988,0.9737632870674133,IPR033690,"Adenylate kinase, conserved site",10.4430513381958,2.8503150939941406,7.59273624420166,1.873344898223877,0.00012263386452104896
2pkea,20,2988,0.9568400979042053,IPR000194,"ATPase, F1/V1/A1 complex, alpha/beta subunit, nucleotide-binding domain",8.907033920288086,2.8398659229278564,6.067168235778809,1.6491172313690186,6.419516594056941e-16
2pkea,20,2988,0.9518803358078003,IPR000793,"ATP synthase, alpha subunit, C-terminal",8.548645973205566,2.851067066192627,5.6975789070129395,1.5841888189315796,2.5616143375373213e-06
2pkea,20,2988,0.9975720643997192,IPR000836,Phosphoribosyltransferase domain,15.312450408935547,2.79841685295105,12.514033317565918,2.452017307281494,7.762506381688933e-28
2pkea,20,2988,0.9805833697319031,IPR003439,"ABC transporter-like, ATP-binding domain",12.164745330810547,2.802011013031006,9.362733840942383,2.118166446685791,6.34416872532681e-34
2pkea,20,2988,0.977555513381958,IPR003593,AAA+ ATPase domain,11.098987579345703,2.7180752754211426,8.380912780761719,2.0297653675079346,0.0
2pkea,20,2988,0.9614063501358032,IPR003959,"ATPase, AAA-type, core",9.601052284240723,2.834970712661743,6.766081809997559,1.7598536014556885,4.877954382577271e-18
2pkea,20,2988,0.9560993909835815,IPR004100,"ATPase, F1/V1/A1 complex, alpha/beta subunit, N-terminal domain",8.83293342590332,2.8407726287841797,5.992160797119141,1.6366041898727417,2.6555950381003434e-15
2pkea,20,2988,0.9682567715644836,IPR004839,"Aminotransferase, class I/classII, large domain",10.095503807067871,2.8517024517059326,7.243801116943359,1.823812484741211,0.000854759942740202
2pkea,20,2988,0.972038984298706,IPR019489,"Clp ATPase, C-terminal",10.197253227233887,2.850782871246338,7.346470355987549,1.8387454748153687,0.00014820837532170117
2pkea,20,2988,0.9765186905860901,IPR020588,"DNA recombination and repair protein RecA-like, ATP-binding domain",10.599284172058105,2.852346181869507,7.7469377517700195,1.8937407732009888,0.005813554860651493
2pkea,20,2988,0.9518803358078003,IPR033732,"ATP synthase, F1 complex, alpha subunit nucleotide-binding domain",8.548645973205566,2.851067066192627,5.6975789070129395,1.5841888189315796,2.5616143375373213e-06
2pkea,20,2988,0.9616406559944153,IPR055190,"ATP synthase A/B type, C-terminal domain",9.412994384765625,2.853590250015259,6.559404373168945,1.7218705415725708,0.006203170400112867
2pkea,20,2988,0.9733191132545471,IPR000850,Adenylate kinase/UMP-CMP kinase,10.396093368530273,2.8496484756469727,7.546444892883301,1.867180585861206,3.2851439755177125e-05
2pkea,20,2988,0.9669909477233887,IPR001328,Peptidyl-tRNA hydrolase,9.6861572265625,2.853809356689453,6.832347869873047,1.7630304098129272,0.014051116071641445
2pkea,20,2988,0.9518803358078003,IPR005294,"ATP synthase, F1 complex, alpha subunit",8.548645973205566,2.851067066192627,5.6975789070129395,1.5841888189315796,2.5616143375373213e-06
2pkea,20,2988,0.9946281909942627,IPR005765,Uracil phosphoribosyl transferase,14.368117332458496,2.84861421585083,11.519502639770508,2.334533929824829,0.020738476887345314
2pkea,20,2988,0.9715722799301147,IPR006259,Adenylate kinase subfamily,10.170955657958984,2.852299690246582,7.318655967712402,1.8342527151107788,0.00236123357899487
2pkea,20,2988,0.9946281909942627,IPR034332,"Uracil phosphoribosyltransferase, bacterial-type",14.368117332458496,2.84861421585083,11.519502639770508,2.334533929824829,0.020738476887345314
2pkea,20,2988,0.9694174528121948,IPR050052,ATP-dependent Clp protease ATP-binding subunit ClpX,9.899186134338379,2.8541741371154785,7.0450119972229,1.7942315340042114,0.04341359809041023
2pkea,20,2988,0.9973662495613098,IPR050054,Uracil phosphoribosyltransferase/Adenine phosphoribosyltransferase,15.535355567932129,2.831711769104004,12.703643798828125,2.455803871154785,2.330701465158569e-10
2pkea,20,2988,0.9845033288002014,IPR008995,"Molybdate/tungstate binding, C-terminal",12.064453125,2.8499982357025146,9.214454650878906,2.0817244052886963,0.0027386313304305077
2pkea,20,2988,0.958024263381958,IPR023214,HAD superfamily,10.276225090026855,2.8469111919403076,7.429313659667969,1.8518359661102295,1.130911869040574e-06
2pkea,20,2988,0.9975720643997192,IPR029057,Phosphoribosyltransferase-like,15.312450408935547,2.79841685295105,12.514033317565918,2.452017307281494,7.762506381688933e-28
2pkea,20,2988,0.9554200768470764,IPR036121,"ATPase, F1/V1/A1 complex, alpha/beta subunit, N-terminal domain superfamily",8.791348457336426,2.8421342372894287,5.949213981628418,1.6291046142578125,3.753953799288251e-14
2pkea,20,2988,0.9637165665626526,IPR036412,HAD-like superfamily,10.515336990356445,2.84710431098938,7.6682329177856445,1.884922742843628,1.9405963485041866e-06
2pkea,20,2988,0.9669909477233887,IPR036416,Peptidyl-tRNA hydrolase superfamily,9.6861572265625,2.853809356689453,6.832347869873047,1.7630304098129272,0.014051116071641445
2pkea,20,2988,0.9518803358078003,IPR038376,"ATP synthase, alpha subunit, C-terminal domain superfamily",8.548645973205566,2.851067066192627,5.6975789070129395,1.5841888189315796,2.5616143375373213e-06
2pkea,20,3367,0.981934130191803,IPR020625,"Schiff base-forming aldolase, active site",6.7700018882751465,1.571446418762207,5.1985554695129395,2.1070539951324463,0.00015387336316052824
2pkea,20,3367,0.9808446168899536,IPR020861,"Triosephosphate isomerase, active site",6.680598735809326,1.5731427669525146,5.107456207275391,2.0863187313079834,0.012605912983417511
2pkea,20,3367,0.9636347889900208,IPR020612,"Methylthiotransferase, conserved site",5.302119255065918,1.5733462572097778,3.7287731170654297,1.7527236938476562,7.439281762344763e-05
2pkea,20,3367,0.9960734248161316,IPR001048,Aspartate/glutamate/uridylate kinase,9.475687980651855,1.553074598312378,7.922613143920898,2.6090943813323975,2.485504098967661e-16
2pkea,20,3367,0.997519314289093,IPR004843,"Calcineurin-like, phosphoesterase domain",11.591636657714844,1.5637564659118652,10.02787971496582,2.8899872303009033,0.00012968771625310183
2pkea,20,3367,0.9656900763511658,IPR013848,"Methylthiotransferase, N-terminal",5.387181282043457,1.5735578536987305,3.8136234283447266,1.7754912376403809,0.00022384178009815514
2pkea,20,3367,0.9533883929252625,IPR032678,"tRNA synthetases class I, catalytic domain",4.672595024108887,1.5755387544631958,3.0970563888549805,1.5683696269989014,0.010749675333499908
2pkea,20,3367,0.9808446168899536,IPR000652,Triosephosphate isomerase,6.680598735809326,1.5731427669525146,5.107456207275391,2.0863187313079834,0.012605912983417511
2pkea,20,3367,0.9949012398719788,IPR001057,Glutamate/acetylglutamate kinase,9.428955078125,1.56822669506073,7.8607282638549805,2.587954521179199,0.0007735301041975617
2pkea,20,3367,0.9821872115135193,IPR002220,DapA-like,6.7936201095581055,1.5708805322647095,5.2227396965026855,2.112597942352295,3.5699427826330066e-05
2pkea,20,3367,0.9674237966537476,IPR002305,"Aminoacyl-tRNA synthetase, class Ic",5.597227096557617,1.5719482898712158,4.0252790451049805,1.8321493864059448,3.2643597478454467e-06
2pkea,20,3367,0.9648033380508423,IPR002307,Tyrosine-tRNA ligase,5.38731575012207,1.5739396810531616,3.813375949859619,1.775177240371704,0.0009363365825265646
2pkea,20,3367,0.981934130191803,IPR005263,"4-hydroxy-tetrahydrodipicolinate synthase, DapA",6.7700018882751465,1.571446418762207,5.1985554695129395,2.1070539951324463,0.00015387336316052824
2pkea,20,3367,0.9656900763511658,IPR005839,Methylthiotransferase,5.387181282043457,1.5735578536987305,3.8136234283447266,1.7754912376403809,0.00022384178009815514
2pkea,20,3367,0.9632787704467773,IPR024088,"Tyrosine-tRNA ligase, bacterial-type",5.28533935546875,1.5748671293258667,3.7104721069335938,1.7467567920684814,0.015614255331456661
2pkea,20,3367,0.952345609664917,IPR024909,Cysteinyl-tRNA synthetase/mycothiol ligase,4.612988471984863,1.5759445428848267,3.037044048309326,1.5494757890701294,0.04221941903233528
2pkea,20,3367,0.9896144270896912,IPR017850,"Alkaline-phosphatase-like, core domain superfamily",8.40198802947998,1.570556640625,6.8314313888549805,2.419445514678955,0.005709677003324032
2pkea,20,3367,0.9560821056365967,IPR023214,HAD superfamily,6.751640796661377,1.568363904953003,5.183277130126953,2.105968475341797,1.0464734714332735e-06
2pkea,20,3367,0.962824285030365,IPR023404,"Radical SAM, alpha/beta horseshoe",5.251809120178223,1.5730785131454468,3.6787304878234863,1.739214539527893,2.180477349611465e-05
2pkea,20,3367,0.9895176291465759,IPR029033,Histidine phosphatase superfamily,8.391145706176758,1.570573091506958,6.820572853088379,2.417567491531372,0.005760246887803078
2pkea,20,3367,0.9976401925086975,IPR029052,Metallo-dependent phosphatase-like,11.589872360229492,1.5627551078796387,10.027116775512695,2.8906917572021484,2.7803464035969228e-05
2pkea,20,3367,0.9673960208892822,IPR032466,Metal-dependent hydrolase,6.953929424285889,1.5667972564697266,5.387132167816162,2.150000810623169,1.5305923639630237e-08
2pkea,20,3367,0.9808446168899536,IPR035990,Triosephosphate isomerase superfamily,6.680598735809326,1.5731427669525146,5.107456207275391,2.0863187313079834,0.012605912983417511
2pkea,20,3367,0.9960734248161316,IPR036393,Acetylglutamate kinase-like superfamily,9.475687980651855,1.553074598312378,7.922613143920898,2.6090943813323975,2.485504098967661e-16
2pkea,20,3367,0.9611846208572388,IPR036412,HAD-like superfamily,6.934099197387695,1.5684629678726196,5.365636348724365,2.144347906112671,1.936206444952404e-06
2pkea,20,3367,0.9656900763511658,IPR038135,"Methylthiotransferase, N-terminal domain superfamily",5.387181282043457,1.5735578536987305,3.8136234283447266,1.7754912376403809,0.00022384178009815514
2pkea,20,3405,0.9932127594947815,IPR004160,"Translation elongation factor EFTu/EF1A, C-terminal",7.305898666381836,3.786266565322876,3.51963210105896,0.9482819437980652,6.408681656466797e-05
2pkea,20,3405,0.9947676658630371,IPR020040,"Large ribosomal subunit protein uL6, alpha-beta domain",7.598214149475098,3.787266731262207,3.8109474182128906,1.0044995546340942,0.021330101415514946
2pkea,20,3405,0.9703254699707031,IPR020097,"Pseudouridine synthase I, TruA, alpha/beta domain",6.309635639190674,3.788820743560791,2.520814895629883,0.73580402135849,0.04171464964747429
2pkea,20,3405,0.9562049508094788,IPR020783,"Large ribosomal subunit protein uL11, C-terminal",6.109375,3.788889169692993,2.320485830307007,0.6892459988594055,0.0388629324734211
2pkea,20,3405,0.9562049508094788,IPR020784,"Large ribosomal subunit protein uL11, N-terminal",6.109375,3.788889169692993,2.320485830307007,0.6892459988594055,0.0388629324734211
2pkea,20,3405,0.9500239491462708,IPR022310,NAD/GMP synthase,6.055138111114502,3.7885217666625977,2.2666163444519043,0.6765210032463074,0.005651336628943682
2pkea,20,3405,0.9980158805847168,IPR023584,Ribosome recycling factor domain,7.83702278137207,3.785308837890625,4.051713943481445,1.0498908758163452,3.800348349614069e-05
2pkea,20,3405,0.9783366918563843,IPR033704,"dUTPase, trimeric",7.015663146972656,3.7871134281158447,3.2285497188568115,0.889477014541626,0.0012652748264372349
2pkea,20,3405,0.9932127594947815,IPR033720,"Elongation factor Tu, domain 2",7.305898666381836,3.786266565322876,3.51963210105896,0.9482819437980652,6.408681656466797e-05
2pkea,20,3405,0.9932127594947815,IPR041709,"Elongation factor Tu (EF-Tu), GTP-binding domain",7.305898666381836,3.786266565322876,3.51963210105896,0.9482819437980652,6.408681656466797e-05
2pkea,20,3405,0.9947676658630371,IPR000702,Large ribosomal subunit protein uL6-like,7.598214149475098,3.787266731262207,3.8109474182128906,1.0044995546340942,0.021330101415514946
2pkea,20,3405,0.9562049508094788,IPR000911,Ribosomal protein uL11,6.109375,3.788889169692993,2.320485830307007,0.6892459988594055,0.0388629324734211
2pkea,20,3405,0.9703254699707031,IPR001406,"Pseudouridine synthase I, TruA",6.309635639190674,3.788820743560791,2.520814895629883,0.73580402135849,0.04171464964747429
2pkea,20,3405,0.9980158805847168,IPR002661,Ribosome recycling factor,7.83702278137207,3.785308837890625,4.051713943481445,1.0498908758163452,3.800348349614069e-05
2pkea,20,3405,0.9932127594947815,IPR004541,"Translation elongation factor EFTu/EF1A, bacterial/organelle",7.305898666381836,3.786266565322876,3.51963210105896,0.9482819437980652,6.408681656466797e-05
2pkea,20,3405,0.9932127594947815,IPR050055,Elongation factor Tu GTPase,7.305898666381836,3.786266565322876,3.51963210105896,0.9482819437980652,6.408681656466797e-05
2pkea,20,3405,0.974914014339447,IPR009001,"Translation elongation factor EF1A/initiation factor IF2gamma, C-terminal",6.9254560470581055,3.785379409790039,3.1400766372680664,0.8714673519134521,4.7246166445802373e-07
2pkea,20,3405,0.962221086025238,IPR020094,"Pseudouridine synthase TruA/RsuA/RluB/E/F, N-terminal",6.210822582244873,3.7884838581085205,2.4223387241363525,0.7131599187850952,0.006119491532444954
2pkea,20,3405,0.9703254699707031,IPR020095,"Pseudouridine synthase I, TruA, C-terminal",6.309635639190674,3.788820743560791,2.520814895629883,0.73580402135849,0.04171464964747429
2pkea,20,3405,0.9783366918563843,IPR036157,dUTPase-like superfamily,7.015663146972656,3.7871134281158447,3.2285497188568115,0.889477014541626,0.0012652748264372349
2pkea,20,3405,0.9980158805847168,IPR036191,RRF superfamily,7.83702278137207,3.785308837890625,4.051713943481445,1.0498908758163452,3.800348349614069e-05
2pkea,20,3405,0.9562049508094788,IPR036769,"Large ribosomal subunit protein uL11, C-terminal domain superfamily",6.109375,3.788889169692993,2.320485830307007,0.6892459988594055,0.0388629324734211
2pkea,20,3405,0.9947676658630371,IPR036789,"Large ribosomal subunit protein uL6-like, alpha-beta domain superfamily",7.598214149475098,3.787266731262207,3.8109474182128906,1.0044995546340942,0.021330101415514946
2pkea,20,3405,0.9562049508094788,IPR036796,"Large ribosomal subunit protein uL11, N-terminal domain superfamily",6.109375,3.788889169692993,2.320485830307007,0.6892459988594055,0.0388629324734211
2pkea,20,3461,0.9672942757606506,IPR020861,"Triosephosphate isomerase, active site",6.003645896911621,1.8993767499923706,4.104269027709961,1.6603052616119385,0.04717535525560379
2pkea,20,3461,0.951644241809845,IPR020904,"Short-chain dehydrogenase/reductase, conserved site",5.635608673095703,1.8991811275482178,3.7364275455474854,1.5691863298416138,0.014459120109677315
2pkea,20,3461,0.9603620171546936,IPR006131,"Aspartate/ornithine carbamoyltransferase, Asp/Orn-binding domain",5.7682294845581055,1.898955225944519,3.869274139404297,1.6029150485992432,0.0062835183925926685
2pkea,20,3461,0.9603620171546936,IPR006132,"Aspartate/ornithine carbamoyltransferase, carbamoyl-P binding",5.7682294845581055,1.898955225944519,3.869274139404297,1.6029150485992432,0.0062835183925926685
2pkea,20,3461,0.9813357591629028,IPR020630,"Tetrahydrofolate dehydrogenase/cyclohydrolase, catalytic domain",6.6099443435668945,1.897994041442871,4.711950302124023,1.8001550436019897,0.0033013629727065563
2pkea,20,3461,0.9813357591629028,IPR020631,"Tetrahydrofolate dehydrogenase/cyclohydrolase, NAD(P)-binding domain",6.6099443435668945,1.897994041442871,4.711950302124023,1.8001550436019897,0.0033013629727065563
2pkea,20,3461,0.9672942757606506,IPR000652,Triosephosphate isomerase,6.003645896911621,1.8993767499923706,4.104269027709961,1.6603052616119385,0.04717535525560379
2pkea,20,3461,0.9813357591629028,IPR000672,Tetrahydrofolate dehydrogenase/cyclohydrolase,6.6099443435668945,1.897994041442871,4.711950302124023,1.8001550436019897,0.0033013629727065563
2pkea,20,3461,0.9921103715896606,IPR004651,"Histidine biosynthesis, HisF",7.029296875,1.898349642753601,5.130947113037109,1.888627052307129,0.023148253560066223
2pkea,20,3461,0.9878752827644348,IPR006062,Histidine biosynthesis protein,6.78826904296875,1.8898582458496094,4.898410797119141,1.8447580337524414,1.4404341434903767e-13
2pkea,20,3461,0.9603620171546936,IPR006130,Aspartate/ornithine carbamoyltransferase,5.7682294845581055,1.898955225944519,3.869274139404297,1.6029150485992432,0.0062835183925926685
2pkea,20,3461,0.9833511114120483,IPR023016,HisA/PriA,6.607766628265381,1.8975255489349365,4.710241317749023,1.8000357151031494,0.0006485599442385137
2pkea,20,3461,0.9832114577293396,IPR044524,"Histidine biosynthesis, HisA-like",6.600802898406982,1.8970664739608765,4.703736305236816,1.7988637685775757,0.00015693872410338372
2pkea,20,3461,0.9922950863838196,IPR050064,Imidazole glycerol phosphate synthase HisA/HisF,7.037760257720947,1.8978233337402344,5.139936923980713,1.8907630443572998,0.005121548194438219
2pkea,20,3461,0.9844939708709717,IPR011060,Ribulose-phosphate binding barrel,6.654118061065674,1.8691675662994385,4.784950256347656,1.8318437337875366,0.0
2pkea,20,3461,0.9672942757606506,IPR035990,Triosephosphate isomerase superfamily,6.003645896911621,1.8993767499923706,4.104269027709961,1.6603052616119385,0.04717535525560379
2pkea,20,3461,0.9603620171546936,IPR036901,Aspartate/ornithine carbamoyltransferase superfamily,5.7682294845581055,1.898955225944519,3.869274139404297,1.6029150485992432,0.0062835183925926685
2pkea,20,3461,0.9737750291824341,IPR040442,Pyruvate kinase-like domain superfamily,6.837955951690674,1.8966385126113892,4.941317558288574,1.850112795829773,0.0004262410511728376
2pkea,20,3462,0.9681048393249512,IPR018102,"Small ribosomal subunit protein uS11, conserved site",10.641335487365723,4.984223365783691,5.657112121582031,1.0942357778549194,4.384966814541258e-06
2pkea,20,3462,0.9796561598777771,IPR018257,"Large ribosomal subunit protein bL19, conserved site",11.735937118530273,4.986544609069824,6.749392509460449,1.2348177433013916,0.01845732145011425
2pkea,20,3462,0.9897788166999817,IPR018260,"Large ribosomal subunit protein uL22, conserved site",12.6640625,4.982843399047852,7.681219100952148,1.345696210861206,9.282105747843161e-05
2pkea,20,3462,0.9687822461128235,IPR013106,Immunoglobulin V-set domain,11.800424575805664,4.985082626342773,6.815341949462891,1.243146538734436,0.003240970429033041
2pkea,20,3462,0.9896396994590759,IPR001063,Large ribosomal subunit protein uL22,12.620442390441895,4.978328227996826,7.642114162445068,1.3420263528823853,1.518720083026892e-08
2pkea,20,3462,0.9795892238616943,IPR001857,Large ribosomal subunit protein bL19,11.72412109375,4.985888481140137,6.738232612609863,1.2335542440414429,0.004548836033791304
2pkea,20,3462,0.9683594703674316,IPR001971,Small ribosomal subunit protein uS11,10.65234375,4.983062744140625,5.669281005859375,1.0960633754730225,2.9647202381966054e-07
2pkea,20,3462,0.9849555492401123,IPR005679,"Ribosomal protein uS12, bacterial-type",12.213068008422852,4.980758190155029,7.232309818267822,1.293985366821289,5.111425025461358e-07
2pkea,20,3462,0.9898898005485535,IPR005727,"Large ribosomal subunit protein uL22, bacterial/chloroplast-type",12.661328315734863,4.981308937072754,7.680019378662109,1.3458290100097656,4.9492296056996565e-06
2pkea,20,3462,0.9856858849525452,IPR006032,Small ribosomal subunit protein uS12,12.24849796295166,4.977765083312988,7.270732879638672,1.2990318536758423,1.5328376345991046e-09
2pkea,20,3462,0.985727071762085,IPR013025,Large ribosomal subunit protein uL23-like,12.27170181274414,4.983551025390625,7.288150787353516,1.300086498260498,0.00014327185635920614
2pkea,20,3462,0.96875,IPR019981,"Small ribosomal subunit protein uS11, bacterial-type",10.689844131469727,4.985260486602783,5.704583644866943,1.1004971265792847,5.847627835464664e-05
2pkea,20,3462,0.9898898005485535,IPR047867,"Large ribosomal subunit protein uL22, bacterial/organelle-type",12.661328315734863,4.981308937072754,7.680019378662109,1.3458290100097656,4.9492296056996565e-06
2pkea,20,3462,0.9865349531173706,IPR012678,Ribosomal protein uL23/eL15/eS24 core domain superfamily,12.439967155456543,4.982500076293945,7.457467079162598,1.320038080215454,3.110972829745151e-05
2pkea,20,3462,0.9896396994590759,IPR036394,Ribosomal protein uL22 superfamily,12.620442390441895,4.978328227996826,7.642114162445068,1.3420263528823853,1.518720083026892e-08
2pkea,20,3462,0.9683594703674316,IPR036967,Small ribosomal subunit protein uS11 superfamily,10.65234375,4.983062744140625,5.669281005859375,1.0960633754730225,2.9647202381966054e-07
2pkea,20,3462,0.9795892238616943,IPR038657,Large ribosomal subunit protein bL19 superfamily,11.72412109375,4.985888481140137,6.738232612609863,1.2335542440414429,0.004548836033791304
2pkea,20,3507,0.9605290293693542,IPR018130,"Small ribosomal subunit protein uS2, conserved site",14.392112731933594,4.667819023132324,9.72429370880127,1.6244548559188843,3.8652604416711256e-05
2pkea,20,3507,0.994175374507904,IPR006131,"Aspartate/ornithine carbamoyltransferase, Asp/Orn-binding domain",17.030485153198242,4.667221546173096,12.363264083862305,1.8674805164337158,0.00024266165564768016
2pkea,20,3507,0.994175374507904,IPR006132,"Aspartate/ornithine carbamoyltransferase, carbamoyl-P binding",17.030485153198242,4.667221546173096,12.363264083862305,1.8674805164337158,0.00024266165564768016
2pkea,20,3507,0.9965507388114929,IPR020630,"Tetrahydrofolate dehydrogenase/cyclohydrolase, catalytic domain",17.41861915588379,4.6678385734558105,12.75078010559082,1.8998006582260132,0.0008570067002438009
2pkea,20,3507,0.9965507388114929,IPR020631,"Tetrahydrofolate dehydrogenase/cyclohydrolase, NAD(P)-binding domain",17.41861915588379,4.6678385734558105,12.75078010559082,1.8998006582260132,0.0008570067002438009
2pkea,20,3507,0.9965507388114929,IPR000672,Tetrahydrofolate dehydrogenase/cyclohydrolase,17.41861915588379,4.6678385734558105,12.75078010559082,1.8998006582260132,0.0008570067002438009
2pkea,20,3507,0.9599869847297668,IPR001865,Small ribosomal subunit protein uS2,14.367364883422852,4.666898727416992,9.70046615600586,1.6222562789916992,1.1354984962963499e-05
2pkea,20,3507,0.9914457201957703,IPR001980,Phosphopantetheine adenylyltransferase,16.67925262451172,4.666616916656494,12.012636184692383,1.8376026153564453,7.348953658947721e-05
2pkea,20,3507,0.9935230612754822,IPR002082,Aspartate carbamoyltransferase,16.954057693481445,4.671043872833252,12.283014297485352,1.8598105907440186,0.022715037688612938
2pkea,20,3507,0.95751953125,IPR005706,"Small ribosomal subunit protein uS2, bacteria/mitochondria/plastid",14.27880859375,4.67287015914917,9.605937957763672,1.6114916801452637,0.03312402218580246
2pkea,20,3507,0.994175374507904,IPR006130,Aspartate/ornithine carbamoyltransferase,17.030485153198242,4.667221546173096,12.363264083862305,1.8674805164337158,0.00024266165564768016
2pkea,20,3507,0.9599869847297668,IPR023591,"Small ribosomal subunit protein uS2, flavodoxin-like domain superfamily",14.367364883422852,4.666898727416992,9.70046615600586,1.6222562789916992,1.1354984962963499e-05
2pkea,20,3507,0.9568177461624146,IPR029056,Ribokinase-like,14.404924392700195,4.671692848205566,9.733231544494629,1.6245417594909668,0.009815945290029049
2pkea,20,3507,0.994175374507904,IPR036901,Aspartate/ornithine carbamoyltransferase superfamily,17.030485153198242,4.667221546173096,12.363264083862305,1.8674805164337158,0.00024266165564768016
2pkea,20,3507,0.9513589143753052,IPR037171,NagB/RpiA transferase-like,14.352350234985352,4.666932106018066,9.685418128967285,1.6207375526428223,3.264256883994676e-05
2pkea,20,3507,0.9651069641113281,IPR046346,"Aminoacid dehydrogenase-like, N-terminal domain superfamily",15.682226181030273,4.655158519744873,11.027067184448242,1.7522250413894653,1.6557480386758527e-10
2pkea,20,3580,0.9519370198249817,IPR004821,Cytidyltransferase-like domain,12.750528335571289,4.24765157699585,8.502876281738281,1.5858162641525269,2.795854097282363e-13
2pkea,20,3580,0.9535592794418335,IPR005843,"Alpha-D-phosphohexomutase, C-terminal",12.454940795898438,4.2651896476745605,8.189750671386719,1.5460329055786133,0.01373305544257164
2pkea,20,3580,0.9601017832756042,IPR005845,"Alpha-D-phosphohexomutase, alpha/beta/alpha domain II",12.642992973327637,4.2657084465026855,8.37728500366211,1.5674774646759033,0.026918577030301094
2pkea,20,3580,0.9601017832756042,IPR005846,"Alpha-D-phosphohexomutase, alpha/beta/alpha domain III",12.642992973327637,4.2657084465026855,8.37728500366211,1.5674774646759033,0.026918577030301094
2pkea,20,3580,0.9996052384376526,IPR006131,"Aspartate/ornithine carbamoyltransferase, Asp/Orn-binding domain",16.176931381225586,4.258851528167725,11.918079376220703,1.9253982305526733,0.00014293579442892224
2pkea,20,3580,0.9996052384376526,IPR006132,"Aspartate/ornithine carbamoyltransferase, carbamoyl-P binding",16.176931381225586,4.258851528167725,11.918079376220703,1.9253982305526733,0.00014293579442892224
2pkea,20,3580,0.9565885663032532,IPR006151,Quinate/shikimate 5-dehydrogenase/glutamyl-tRNA reductase,12.652789115905762,4.263171672821045,8.389617919921875,1.5694530010223389,0.0008063438581302762
2pkea,20,3580,0.9954614639282227,IPR020630,"Tetrahydrofolate dehydrogenase/cyclohydrolase, catalytic domain",14.897135734558105,4.262095928192139,10.635040283203125,1.8053966760635376,0.0009812131756916642
2pkea,20,3580,0.9954614639282227,IPR020631,"Tetrahydrofolate dehydrogenase/cyclohydrolase, NAD(P)-binding domain",14.897135734558105,4.262095928192139,10.635040283203125,1.8053966760635376,0.0009812131756916642
2pkea,20,3580,0.9954614639282227,IPR000672,Tetrahydrofolate dehydrogenase/cyclohydrolase,14.897135734558105,4.262095928192139,10.635040283203125,1.8053966760635376,0.0009812131756916642
2pkea,20,3580,0.9607716202735901,IPR001057,Glutamate/acetylglutamate kinase,12.682047843933105,4.265645503997803,8.416402816772461,1.5719484090805054,0.02533695288002491
2pkea,20,3580,0.9995994567871094,IPR002082,Aspartate carbamoyltransferase,16.237537384033203,4.2623467445373535,11.975191116333008,1.9296095371246338,0.013879708014428616
2pkea,20,3580,0.9601017832756042,IPR005841,Alpha-D-phosphohexomutase superfamily,12.642992973327637,4.2657084465026855,8.37728500366211,1.5674774646759033,0.026918577030301094
2pkea,20,3580,0.9996052384376526,IPR006130,Aspartate/ornithine carbamoyltransferase,16.176931381225586,4.258851528167725,11.918079376220703,1.9253982305526733,0.00014293579442892224
2pkea,20,3580,0.9996052384376526,IPR036901,Aspartate/ornithine carbamoyltransferase superfamily,16.176931381225586,4.258851528167725,11.918079376220703,1.9253982305526733,0.00014293579442892224
2pkea,20,3580,0.979695737361908,IPR046346,"Aminoacid dehydrogenase-like, N-terminal domain superfamily",13.967239379882812,4.249959945678711,9.717279434204102,1.7165223360061646,1.418464911501216e-11
2pkea,20,3616,0.9878544211387634,IPR003960,"ATPase, AAA-type, conserved site",5.292152404785156,0.8318401575088501,4.460312366485596,2.6694588661193848,0.0020703638438135386
2pkea,20,3616,0.9858583211898804,IPR020904,"Short-chain dehydrogenase/reductase, conserved site",5.087507247924805,0.8308481574058533,4.256659030914307,2.6142847537994385,1.8026234101853333e-05
2pkea,20,3616,0.9980531334877014,IPR000073,Alpha/beta hydrolase fold-1,14.252124786376953,0.8165877461433411,13.435537338256836,4.125407695770264,2.4437642423436046e-05
2pkea,20,3616,0.9777849912643433,IPR001236,"Lactate/malate dehydrogenase, N-terminal",4.378183364868164,0.8317009806632996,3.5464823246002197,2.3961782455444336,9.262772437068634e-06
2pkea,20,3616,0.9516908526420593,IPR003959,"ATPase, AAA-type, core",3.973050594329834,0.8242297172546387,3.1488208770751953,2.269111156463623,2.519804918662056e-20
2pkea,20,3616,0.9812780022621155,IPR013766,Thioredoxin domain,4.691639423370361,0.8288137912750244,3.862825632095337,2.5009548664093018,4.007816301054845e-10
2pkea,20,3616,0.9563907980918884,IPR019489,"Clp ATPase, C-terminal",3.3606984615325928,0.833282470703125,2.5274159908294678,2.0118660926818848,2.6668214559322223e-05
2pkea,20,3616,0.9777849912643433,IPR022383,"Lactate/malate dehydrogenase, C-terminal",4.378183364868164,0.8317009806632996,3.5464823246002197,2.3961782455444336,9.262772437068634e-06
2pkea,20,3616,0.9721282124519348,IPR023753,FAD/NAD(P)-binding domain,4.02085018157959,0.8333032727241516,3.187546968460083,2.2705695629119873,0.0019142444944009185
2pkea,20,3616,0.954880952835083,IPR040131,"MnmG, N-terminal domain",3.2511067390441895,0.8342175483703613,2.416889190673828,1.9624180793762207,0.0024149473756551743
2pkea,20,3616,0.9776178598403931,IPR001557,L-lactate/malate dehydrogenase,4.367570877075195,0.8320742845535278,3.535496711730957,2.3920295238494873,4.616401929524727e-05
2pkea,20,3616,0.9634884595870972,IPR001806,Small GTPase,3.5445556640625,0.8337472677230835,2.710808277130127,2.0879054069519043,0.0009978709276765585
2pkea,20,3616,0.9877578616142273,IPR002213,UDP-glucuronosyl/UDP-glucosyltransferase,5.25005578994751,0.831899106502533,4.418156623840332,2.657835006713867,0.002089541871100664
2pkea,20,3616,0.954880952835083,IPR002218,tRNA uridine 5-carboxymethylaminomethyl modification enzyme MnmG-related,3.2511067390441895,0.8342175483703613,2.416889190673828,1.9624180793762207,0.0024149473756551743
2pkea,20,3616,0.9861293435096741,IPR002347,Short-chain dehydrogenase/reductase SDR,5.0733418464660645,0.8270442485809326,4.246297836303711,2.616882562637329,7.026945431781728e-12
2pkea,20,3616,0.9856505990028381,IPR013078,"Histidine phosphatase superfamily, clade-1",5.024489402770996,0.8326351642608643,4.191854476928711,2.59320330619812,0.01327618770301342
2pkea,20,3616,0.95718914270401,IPR050052,ATP-dependent Clp protease ATP-binding subunit ClpX,3.424544334411621,0.834199070930481,2.5903453826904297,2.037431240081787,0.008214101195335388
2pkea,20,3616,0.9775810837745667,IPR015955,"Lactate dehydrogenase/glycoside hydrolase, family 4, C-terminal",4.357405185699463,0.83138507604599,3.526020050048828,2.3898632526397705,1.946895963556017e-06
2pkea,20,3616,0.9775696992874146,IPR017850,"Alkaline-phosphatase-like, core domain superfamily",4.8738861083984375,0.8320218324661255,4.041864395141602,2.5503618717193604,0.0011136282701045275
2pkea,20,3616,0.9868936538696289,IPR029033,Histidine phosphatase superfamily,5.4775390625,0.8311148285865784,4.646424293518066,2.720390796661377,0.00043411413207650185
2pkea,20,3616,0.9999281167984009,IPR029058,Alpha/Beta hydrolase fold,13.807409286499023,0.7558597922325134,13.051549911499023,4.191161155700684,0.0
2pkea,20,3677,0.9889219999313354,IPR018130,"Small ribosomal subunit protein uS2, conserved site",13.447172164916992,4.889614105224609,8.557558059692383,1.4595072269439697,1.299178052249772e-06
2pkea,20,3677,0.9710474014282227,IPR018171,"Peptidyl-tRNA hydrolase, conserved site",12.7740478515625,4.8949785232543945,7.8790693283081055,1.383838415145874,0.01007020566612482
2pkea,20,3677,0.9833183288574219,IPR001763,Rhodanese-like domain,13.207784652709961,4.891784191131592,8.315999984741211,1.432952880859375,4.46099802502431e-05
2pkea,20,3677,0.9545543789863586,IPR004101,"Mur ligase, C-terminal",11.923789024353027,4.89000129699707,7.033787727355957,1.285933017730713,5.428120175565709e-07
2pkea,20,3677,0.9574194550514221,IPR004821,Cytidyltransferase-like domain,12.177984237670898,4.880584239959717,7.297399997711182,1.3191466331481934,9.503133685789117e-14
2pkea,20,3677,0.997407078742981,IPR005122,Uracil-DNA glycosylase-like,15.310640335083008,4.89300012588501,10.417640686035156,1.6457405090332031,0.017022572457790375
2pkea,20,3677,0.9668229818344116,IPR006131,"Aspartate/ornithine carbamoyltransferase, Asp/Orn-binding domain",12.326133728027344,4.894951820373535,7.431181907653809,1.3323508501052856,0.003918745554983616
2pkea,20,3677,0.9668229818344116,IPR006132,"Aspartate/ornithine carbamoyltransferase, carbamoyl-P binding",12.326133728027344,4.894951820373535,7.431181907653809,1.3323508501052856,0.003918745554983616
2pkea,20,3677,0.9618796110153198,IPR006137,"NADH:ubiquinone oxidoreductase-like, 20kDa subunit",12.188883781433105,4.895915985107422,7.292967796325684,1.3159123659133911,0.023291755467653275
2pkea,20,3677,0.9545543789863586,IPR013221,"Mur ligase, central",11.923789024353027,4.89000129699707,7.033787727355957,1.285933017730713,5.428120175565709e-07
2pkea,20,3677,0.9714418053627014,IPR020630,"Tetrahydrofolate dehydrogenase/cyclohydrolase, catalytic domain",12.497802734375,4.895421504974365,7.602381229400635,1.3521665334701538,0.009709996171295643
2pkea,20,3677,0.9714418053627014,IPR020631,"Tetrahydrofolate dehydrogenase/cyclohydrolase, NAD(P)-binding domain",12.497802734375,4.895421504974365,7.602381229400635,1.3521665334701538,0.009709996171295643
2pkea,20,3677,0.9714418053627014,IPR000672,Tetrahydrofolate dehydrogenase/cyclohydrolase,12.497802734375,4.895421504974365,7.602381229400635,1.3521665334701538,0.009709996171295643
2pkea,20,3677,0.9710474014282227,IPR001328,Peptidyl-tRNA hydrolase,12.7740478515625,4.8949785232543945,7.8790693283081055,1.383838415145874,0.01007020566612482
2pkea,20,3677,0.989151120185852,IPR001865,Small ribosomal subunit protein uS2,13.471413612365723,4.888702869415283,8.582710266113281,1.4623746871948242,2.9559359404629504e-07
2pkea,20,3677,0.9827049970626831,IPR001980,Phosphopantetheine adenylyltransferase,13.02821159362793,4.892941474914551,8.135270118713379,1.4128623008728027,0.0001974315964616835
2pkea,20,3677,0.9894393682479858,IPR005706,"Small ribosomal subunit protein uS2, bacteria/mitochondria/plastid",13.524658203125,4.893775463104248,8.630882263183594,1.466569423675537,0.0017856943886727095
2pkea,20,3677,0.9668229818344116,IPR006130,Aspartate/ornithine carbamoyltransferase,12.326133728027344,4.894951820373535,7.431181907653809,1.3323508501052856,0.003918745554983616
2pkea,20,3677,0.989151120185852,IPR023591,"Small ribosomal subunit protein uS2, flavodoxin-like domain superfamily",13.471413612365723,4.888702869415283,8.582710266113281,1.4623746871948242,2.9559359404629504e-07
2pkea,20,3677,0.9710474014282227,IPR036416,Peptidyl-tRNA hydrolase superfamily,12.7740478515625,4.8949785232543945,7.8790693283081055,1.383838415145874,0.01007020566612482
2pkea,20,3677,0.9537026882171631,IPR036565,"Mur-like, catalytic domain superfamily",11.895110130310059,4.889369487762451,7.005740642547607,1.282645344734192,1.753226683831599e-07
2pkea,20,3677,0.9537026882171631,IPR036615,"Mur ligase, C-terminal domain superfamily",11.895110130310059,4.889369487762451,7.005740642547607,1.282645344734192,1.753226683831599e-07
2pkea,20,3677,0.9833183288574219,IPR036873,Rhodanese-like domain superfamily,13.207784652709961,4.891784191131592,8.315999984741211,1.432952880859375,4.46099802502431e-05
2pkea,20,3677,0.997407078742981,IPR036895,Uracil-DNA glycosylase-like domain superfamily,15.310640335083008,4.89300012588501,10.417640686035156,1.6457405090332031,0.017022572457790375
2pkea,20,3677,0.9668229818344116,IPR036901,Aspartate/ornithine carbamoyltransferase superfamily,12.326133728027344,4.894951820373535,7.431181907653809,1.3323508501052856,0.003918745554983616
2pkea,20,3677,0.9626883864402771,IPR037171,NagB/RpiA transferase-like,12.361374855041504,4.891149997711182,7.470224857330322,1.3375905752182007,8.605949915363453e-06
2pkea,20,3677,0.9523353576660156,IPR046346,"Aminoacid dehydrogenase-like, N-terminal domain superfamily",12.047127723693848,4.886101722717285,7.1610260009765625,1.3019304275512695,1.506997193700954e-09
2pkea,20,3732,0.9908525943756104,IPR018102,"Small ribosomal subunit protein uS11, conserved site",11.900568008422852,5.570398807525635,6.330169200897217,1.0951753854751587,2.3673776183841255e-07
2pkea,20,3732,0.9542611837387085,IPR020556,"Amidase, conserved site",9.954626083374023,5.577322006225586,4.3773040771484375,0.8357919454574585,0.04622437432408333
2pkea,20,3732,0.9534634351730347,IPR008880,"Trigger factor, C-terminal",9.90733528137207,5.576529502868652,4.330805778503418,0.8291269540786743,0.0040123350918293
2pkea,20,3732,0.9534634351730347,IPR008881,"Trigger factor, ribosome-binding, bacterial",9.90733528137207,5.576529502868652,4.330805778503418,0.8291269540786743,0.0040123350918293
2pkea,20,3732,0.9709284901618958,IPR020783,"Large ribosomal subunit protein uL11, C-terminal",10.47412109375,5.576488971710205,4.897632122039795,0.9093976020812988,0.010187861509621143
2pkea,20,3732,0.9709284901618958,IPR020784,"Large ribosomal subunit protein uL11, N-terminal",10.47412109375,5.576488971710205,4.897632122039795,0.9093976020812988,0.010187861509621143
2pkea,20,3732,0.9943593144416809,IPR023584,Ribosome recycling factor domain,12.330729484558105,5.572159767150879,6.758569717407227,1.1459470987319946,5.65804512007162e-05
2pkea,20,3732,0.9529464840888977,IPR023631,Amidase signature domain,9.930824279785156,5.5769243240356445,4.353899955749512,0.8324411511421204,0.014803471975028515
2pkea,20,3732,0.9529464840888977,IPR000120,Amidase,9.930824279785156,5.5769243240356445,4.353899955749512,0.8324411511421204,0.014803471975028515
2pkea,20,3732,0.9709284901618958,IPR000911,Ribosomal protein uL11,10.47412109375,5.576488971710205,4.897632122039795,0.9093976020812988,0.010187861509621143
2pkea,20,3732,0.9908676743507385,IPR001971,Small ribosomal subunit protein uS11,11.8935546875,5.569147109985352,6.324407577514648,1.094649076461792,1.2742339627891397e-08
2pkea,20,3732,0.9943593144416809,IPR002661,Ribosome recycling factor,12.330729484558105,5.572159767150879,6.758569717407227,1.1459470987319946,5.65804512007162e-05
2pkea,20,3732,0.9534634351730347,IPR005215,Trigger factor,9.90733528137207,5.576529502868652,4.330805778503418,0.8291269540786743,0.0040123350918293
2pkea,20,3732,0.9717042446136475,IPR006519,"Large ribosomal subunit protein uL11, bacterial-type",10.506250381469727,5.576931476593018,4.929318904876709,0.9137017726898193,0.037008047103881836
2pkea,20,3732,0.9913777709007263,IPR019981,"Small ribosomal subunit protein uS11, bacterial-type",11.976171493530273,5.571516036987305,6.404655456542969,1.1040223836898804,4.142640136706177e-06
2pkea,20,3732,0.9943593144416809,IPR036191,RRF superfamily,12.330729484558105,5.572159767150879,6.758569717407227,1.1459470987319946,5.65804512007162e-05
2pkea,20,3732,0.9534634351730347,IPR036611,Trigger factor ribosome-binding domain superfamily,9.90733528137207,5.576529502868652,4.330805778503418,0.8291269540786743,0.0040123350918293
2pkea,20,3732,0.9709284901618958,IPR036769,"Large ribosomal subunit protein uL11, C-terminal domain superfamily",10.47412109375,5.576488971710205,4.897632122039795,0.9093976020812988,0.010187861509621143
2pkea,20,3732,0.9709284901618958,IPR036796,"Large ribosomal subunit protein uL11, N-terminal domain superfamily",10.47412109375,5.576488971710205,4.897632122039795,0.9093976020812988,0.010187861509621143
2pkea,20,3732,0.9529464840888977,IPR036928,Amidase signature (AS) superfamily,9.930824279785156,5.5769243240356445,4.353899955749512,0.8324411511421204,0.014803471975028515
2pkea,20,3732,0.9908676743507385,IPR036967,Small ribosomal subunit protein uS11 superfamily,11.8935546875,5.569147109985352,6.324407577514648,1.094649076461792,1.2742339627891397e-08
2pkea,20,3732,0.9534634351730347,IPR037041,"Trigger factor, C-terminal domain superfamily",9.90733528137207,5.576529502868652,4.330805778503418,0.8291269540786743,0.0040123350918293
2pkea,20,3771,0.966721773147583,IPR000073,Alpha/beta hydrolase fold-1,6.863875389099121,1.6515811681747437,5.212294101715088,2.055166721343994,0.008224557153880596
2pkea,20,3771,0.9620732069015503,IPR004821,Cytidyltransferase-like domain,6.683006286621094,1.6412665843963623,5.041739463806152,2.025678873062134,9.55493822084319e-15
2pkea,20,3771,0.9502107501029968,IPR007197,Radical SAM,5.855238437652588,1.630346655845642,4.224891662597656,1.8445402383804321,1.577178990660701e-31
2pkea,20,3771,0.9938952922821045,IPR015590,Aldehyde dehydrogenase domain,9.988173484802246,1.6432310342788696,8.344942092895508,2.6036767959594727,1.3284286524140043e-06
2pkea,20,3771,0.9615557789802551,IPR001980,Phosphopantetheine adenylyltransferase,6.331597328186035,1.6514967679977417,4.680100440979004,1.9387866258621216,0.0009182555950246751
2pkea,20,3771,0.9914559125900269,IPR002213,UDP-glucuronosyl/UDP-glucosyltransferase,9.439229965209961,1.6490144729614258,7.790215492248535,2.517056465148926,0.015752289444208145
2pkea,20,3771,0.9905753135681152,IPR016161,Aldehyde/histidinol dehydrogenase,9.504630088806152,1.6410481929779053,7.863581657409668,2.5340042114257812,4.955650112492549e-09
2pkea,20,3771,0.9938952922821045,IPR016162,"Aldehyde dehydrogenase, N-terminal",9.988173484802246,1.6432310342788696,8.344942092895508,2.6036767959594727,1.3284286524140043e-06
2pkea,20,3771,0.9938952922821045,IPR016163,"Aldehyde dehydrogenase, C-terminal",9.988173484802246,1.6432310342788696,8.344942092895508,2.6036767959594727,1.3284286524140043e-06
2pkea,20,3771,0.9925236105918884,IPR029044,Nucleotide-diphospho-sugar transferases,10.029509544372559,1.6178627014160156,8.411646842956543,2.6320810317993164,4.4063465212688277e-26
2pkea,20,4000,0.9945418238639832,IPR020861,"Triosephosphate isomerase, active site",11.438281059265137,4.042236804962158,7.3960442543029785,1.5006409883499146,0.004838319029659033
2pkea,20,4000,0.9798498153686523,IPR018357,"Hexapeptide transferase, conserved site",10.513998031616211,4.041680335998535,6.472317695617676,1.379280686378479,0.00026528601301833987
2pkea,20,4000,0.9571742415428162,IPR020904,"Short-chain dehydrogenase/reductase, conserved site",9.648130416870117,4.0438032150268555,5.604327201843262,1.254533052444458,0.009854448027908802
2pkea,20,4000,0.9602488875389099,IPR000073,Alpha/beta hydrolase fold-1,9.88724422454834,4.043981552124023,5.843262672424316,1.2897883653640747,0.026848696172237396
2pkea,20,4000,0.9537899494171143,IPR001279,Metallo-beta-lactamase,9.779641151428223,4.033794403076172,5.745846748352051,1.277640461921692,8.13415654277172e-12
2pkea,20,4000,0.9945418238639832,IPR000652,Triosephosphate isomerase,11.438281059265137,4.042236804962158,7.3960442543029785,1.5006409883499146,0.004838319029659033
2pkea,20,4000,0.9893614053726196,IPR001980,Phosphopantetheine adenylyltransferase,11.0234375,4.040761947631836,6.982675552368164,1.4478713274002075,9.633824083721265e-05
2pkea,20,4000,0.9511094093322754,IPR002347,Short-chain dehydrogenase/reductase SDR,9.48742389678955,4.039165019989014,5.448258876800537,1.2319557666778564,2.518753206004476e-07
2pkea,20,4000,0.9947676658630371,IPR022896,"Triosephosphate isomerase, bacterial/eukaryotic",11.469307899475098,4.042933940887451,7.4263739585876465,1.5043002367019653,0.021196581423282623
2pkea,20,4000,0.9671428203582764,IPR011004,Trimeric LpxA-like superfamily,10.176918983459473,4.031206130981445,6.145712852478027,1.3360137939453125,4.681209236977006e-14
2pkea,20,4000,0.9538261294364929,IPR032675,Leucine-rich repeat domain superfamily,10.10196304321289,4.037563800811768,6.064399242401123,1.3230751752853394,1.7080351710774266e-07
2pkea,20,4000,0.9945418238639832,IPR035990,Triosephosphate isomerase superfamily,11.438281059265137,4.042236804962158,7.3960442543029785,1.5006409883499146,0.004838319029659033
2pkea,20,4000,0.953480064868927,IPR036866,Ribonuclease Z/Hydroxyacylglutathione hydrolase-like,9.76023006439209,4.0332865715026855,5.726943492889404,1.2749556303024292,2.4947678471665125e-12
2pkea,20,4000,0.9574679136276245,IPR040442,Pyruvate kinase-like domain superfamily,9.98210620880127,4.042640209197998,5.9394659996032715,1.304042935371399,0.0026673392858356237
2pkea,20,4000,0.9800494909286499,IPR001451,Hexapeptide repeat,10.531319618225098,4.035141468048096,6.496178150177002,1.3839914798736572,2.2040534675138446e-10
2pkea,20,4058,0.9516590237617493,IPR002150,Large ribosomal subunit protein bL31 type A/B,26.13051414489746,23.545616149902344,2.584897994995117,0.15027643740177155,0.01671537570655346
2pkea,20,4079,0.9766583442687988,IPR020861,"Triosephosphate isomerase, active site",9.653645515441895,2.4952049255371094,7.158440589904785,1.9519097805023193,0.01584218442440033
2pkea,20,4079,0.9545572400093079,IPR001279,Metallo-beta-lactamase,9.074371337890625,2.4835338592529297,6.590837478637695,1.869397521018982,3.0593301329762124e-12
2pkea,20,4079,0.983525276184082,IPR010722,Biotin and thiamin synthesis-associated domain,9.95633602142334,2.4947502613067627,7.461585998535156,1.9967137575149536,0.008539481088519096
2pkea,20,4079,0.9659736752510071,IPR020630,"Tetrahydrofolate dehydrogenase/cyclohydrolase, catalytic domain",9.2310791015625,2.4951653480529785,6.7359137535095215,1.8873581886291504,0.010507195256650448
2pkea,20,4079,0.9659736752510071,IPR020631,"Tetrahydrofolate dehydrogenase/cyclohydrolase, NAD(P)-binding domain",9.2310791015625,2.4951653480529785,6.7359137535095215,1.8873581886291504,0.010507195256650448
2pkea,20,4079,0.9766583442687988,IPR000652,Triosephosphate isomerase,9.653645515441895,2.4952049255371094,7.158440589904785,1.9519097805023193,0.01584218442440033
2pkea,20,4079,0.9659736752510071,IPR000672,Tetrahydrofolate dehydrogenase/cyclohydrolase,9.2310791015625,2.4951653480529785,6.7359137535095215,1.8873581886291504,0.010507195256650448
2pkea,20,4079,0.983525276184082,IPR002684,Biotin synthase/Biotin biosynthesis bifunctional protein BioAB,9.95633602142334,2.4947502613067627,7.461585998535156,1.9967137575149536,0.008539481088519096
2pkea,20,4079,0.9750075340270996,IPR006062,Histidine biosynthesis protein,9.5592041015625,2.483299732208252,7.075904369354248,1.9446263313293457,9.105493052261049e-13
2pkea,20,4079,0.9745213985443115,IPR023016,HisA/PriA,9.569852828979492,2.4939138889312744,7.075939178466797,1.9400793313980103,0.001157781109213829
2pkea,20,4079,0.983525276184082,IPR024177,Biotin synthase,9.95633602142334,2.4947502613067627,7.461585998535156,1.9967137575149536,0.008539481088519096
2pkea,20,4079,0.9747879505157471,IPR044524,"Histidine biosynthesis, HisA-like",9.579426765441895,2.493187427520752,7.086239337921143,1.9419422149658203,0.00027739504002965987
2pkea,20,4079,0.973727285861969,IPR050064,Imidazole glycerol phosphate synthase HisA/HisF,9.537760734558105,2.4953792095184326,7.042381286621094,1.9343857765197754,0.020570820197463036
2pkea,20,4079,0.9773011803627014,IPR011060,Ribulose-phosphate binding barrel,9.588095664978027,2.4517061710357666,7.13638973236084,1.9674522876739502,0.0
2pkea,20,4079,0.9651429653167725,IPR013785,Aldolase-type TIM barrel,8.960287094116211,2.343839645385742,6.616447448730469,1.9346649646759033,0.0
2pkea,20,4079,0.9958661794662476,IPR032675,Leucine-rich repeat domain superfamily,16.18130111694336,2.4702937602996826,13.711007118225098,2.7115671634674072,1.466223392698751e-10
2pkea,20,4079,0.9766583442687988,IPR035990,Triosephosphate isomerase superfamily,9.653645515441895,2.4952049255371094,7.158440589904785,1.9519097805023193,0.01584218442440033
2pkea,20,4079,0.9552662968635559,IPR036866,Ribonuclease Z/Hydroxyacylglutathione hydrolase-like,9.091257095336914,2.4828131198883057,6.6084442138671875,1.8724982738494873,7.477118967383345e-13
2pkea,20,4079,0.9743009805679321,IPR040442,Pyruvate kinase-like domain superfamily,9.624056816101074,2.4931068420410156,7.130949974060059,1.9486945867538452,0.000292143871774897
2pkea,20,4079,0.9555089473724365,IPR001611,Leucine-rich repeat,15.265114784240723,2.4778106212615967,12.787303924560547,2.6230947971343994,1.1970751984335948e-05
2pkea,20,4079,0.9994723796844482,IPR003591,"Leucine-rich repeat, typical subtype",17.144962310791016,2.486887216567993,14.658075332641602,2.7853660583496094,0.044250357896089554
2pkea,24,430,0.9674586653709412,IPR004101,"Mur ligase, C-terminal",16.393312454223633,5.876375198364258,10.516937255859375,1.4801064729690552,8.832032705186066e-08
2pkea,24,430,0.9714809656143188,IPR004821,Cytidyltransferase-like domain,17.25002098083496,5.8605265617370605,11.389493942260742,1.5574935674667358,5.0683029550590425e-15
2pkea,24,430,0.9682165384292603,IPR006131,"Aspartate/ornithine carbamoyltransferase, Asp/Orn-binding domain",16.41206932067871,5.884771347045898,10.527297973632812,1.4796963930130005,0.003402099246159196
2pkea,24,430,0.9682165384292603,IPR006132,"Aspartate/ornithine carbamoyltransferase, carbamoyl-P binding",16.41206932067871,5.884771347045898,10.527297973632812,1.4796963930130005,0.003402099246159196
2pkea,24,430,0.9771071076393127,IPR006137,"NADH:ubiquinone oxidoreductase-like, 20kDa subunit",17.196208953857422,5.884568691253662,11.311639785766602,1.5470795631408691,0.005702842492610216
2pkea,24,430,0.9674586653709412,IPR013221,"Mur ligase, central",16.393312454223633,5.876375198364258,10.516937255859375,1.4801064729690552,8.832032705186066e-08
2pkea,24,430,0.9888634085655212,IPR020630,"Tetrahydrofolate dehydrogenase/cyclohydrolase, catalytic domain",18.291667938232422,5.882813453674316,12.408854484558105,1.636605978012085,0.001875624991953373
2pkea,24,430,0.9888634085655212,IPR020631,"Tetrahydrofolate dehydrogenase/cyclohydrolase, NAD(P)-binding domain",18.291667938232422,5.882813453674316,12.408854484558105,1.636605978012085,0.001875624991953373
2pkea,24,430,0.9888634085655212,IPR000672,Tetrahydrofolate dehydrogenase/cyclohydrolase,18.291667938232422,5.882813453674316,12.408854484558105,1.636605978012085,0.001875624991953373
2pkea,24,430,0.9931460022926331,IPR001980,Phosphopantetheine adenylyltransferase,18.70746612548828,5.879577159881592,12.827888488769531,1.6698274612426758,6.404351006494835e-05
2pkea,24,430,0.9682165384292603,IPR006130,Aspartate/ornithine carbamoyltransferase,16.41206932067871,5.884771347045898,10.527297973632812,1.4796963930130005,0.003402099246159196
2pkea,24,430,0.9658496975898743,IPR036565,"Mur-like, catalytic domain superfamily",16.326683044433594,5.875494480133057,10.451189041137695,1.4744470119476318,2.979466273700382e-08
2pkea,24,430,0.9658496975898743,IPR036615,"Mur ligase, C-terminal domain superfamily",16.326683044433594,5.875494480133057,10.451189041137695,1.4744470119476318,2.979466273700382e-08
2pkea,24,430,0.9682165384292603,IPR036901,Aspartate/ornithine carbamoyltransferase superfamily,16.41206932067871,5.884771347045898,10.527297973632812,1.4796963930130005,0.003402099246159196
2pkea,24,605,0.9530126452445984,IPR020625,"Schiff base-forming aldolase, active site",12.655816078186035,4.343441486358643,8.312374114990234,1.542886734008789,0.004064739216119051
2pkea,24,605,0.9732598662376404,IPR020861,"Triosephosphate isomerase, active site",13.554947853088379,4.344588756561279,9.210359573364258,1.6415246725082397,0.03139658272266388
2pkea,24,605,0.9625242948532104,IPR004101,"Mur ligase, C-terminal",13.061972618103027,4.33659029006958,8.725381851196289,1.5907363891601562,1.7092989423872496e-07
2pkea,24,605,0.9631962776184082,IPR006131,"Aspartate/ornithine carbamoyltransferase, Asp/Orn-binding domain",13.11603832244873,4.3434906005859375,8.772547721862793,1.5944018363952637,0.005396243650466204
2pkea,24,605,0.9631962776184082,IPR006132,"Aspartate/ornithine carbamoyltransferase, carbamoyl-P binding",13.11603832244873,4.3434906005859375,8.772547721862793,1.5944018363952637,0.005396243650466204
2pkea,24,605,0.9881654381752014,IPR006137,"NADH:ubiquinone oxidoreductase-like, 20kDa subunit",15.036376953125,4.341292381286621,10.695084571838379,1.7922571897506714,0.0019528812263160944
2pkea,24,605,0.9765848517417908,IPR010722,Biotin and thiamin synthesis-associated domain,13.710244178771973,4.344354629516602,9.365889549255371,1.6580370664596558,0.023472223430871964
2pkea,24,605,0.9625242948532104,IPR013221,"Mur ligase, central",13.061972618103027,4.33659029006958,8.725381851196289,1.5907363891601562,1.7092989423872496e-07
2pkea,24,605,0.9869165420532227,IPR020630,"Tetrahydrofolate dehydrogenase/cyclohydrolase, catalytic domain",14.611002922058105,4.341973304748535,10.26902961730957,1.7506290674209595,0.0022003964986652136
2pkea,24,605,0.9869165420532227,IPR020631,"Tetrahydrofolate dehydrogenase/cyclohydrolase, NAD(P)-binding domain",14.611002922058105,4.341973304748535,10.26902961730957,1.7506290674209595,0.0022003964986652136
2pkea,24,605,0.9732598662376404,IPR000652,Triosephosphate isomerase,13.554947853088379,4.344588756561279,9.210359573364258,1.6415246725082397,0.03139658272266388
2pkea,24,605,0.9869165420532227,IPR000672,Tetrahydrofolate dehydrogenase/cyclohydrolase,14.611002922058105,4.341973304748535,10.26902961730957,1.7506290674209595,0.0022003964986652136
2pkea,24,605,0.9860610365867615,IPR001980,Phosphopantetheine adenylyltransferase,14.406683921813965,4.34028434753418,10.066399574279785,1.730873465538025,0.00013324951578397304
2pkea,24,605,0.9525097608566284,IPR002220,DapA-like,12.632401466369629,4.342653274536133,8.289748191833496,1.54047691822052,0.001222612801939249
2pkea,24,605,0.9765848517417908,IPR002684,Biotin synthase/Biotin biosynthesis bifunctional protein BioAB,13.710244178771973,4.344354629516602,9.365889549255371,1.6580370664596558,0.023472223430871964
2pkea,24,605,0.9530126452445984,IPR005263,"4-hydroxy-tetrahydrodipicolinate synthase, DapA",12.655816078186035,4.343441486358643,8.312374114990234,1.542886734008789,0.004064739216119051
2pkea,24,605,0.9631962776184082,IPR006130,Aspartate/ornithine carbamoyltransferase,13.11603832244873,4.3434906005859375,8.772547721862793,1.5944018363952637,0.005396243650466204
2pkea,24,605,0.9963198304176331,IPR006138,"NADH-ubiquinone oxidoreductase, 20 Kd subunit",15.529854774475098,4.3427414894104,11.187112808227539,1.8383630514144897,0.018136342987418175
2pkea,24,605,0.9765848517417908,IPR024177,Biotin synthase,13.710244178771973,4.344354629516602,9.365889549255371,1.6580370664596558,0.023472223430871964
2pkea,24,605,0.9570525288581848,IPR011060,Ribulose-phosphate binding barrel,12.73294734954834,4.294270038604736,8.438676834106445,1.5680782794952393,6.490198184477555e-35
2pkea,24,605,0.9732598662376404,IPR035990,Triosephosphate isomerase superfamily,13.554947853088379,4.344588756561279,9.210359573364258,1.6415246725082397,0.03139658272266388
2pkea,24,605,0.9581238031387329,IPR036565,"Mur-like, catalytic domain superfamily",12.91346549987793,4.3361029624938965,8.577362060546875,1.5744019746780396,8.858943090217508e-08
2pkea,24,605,0.9581238031387329,IPR036615,"Mur ligase, C-terminal domain superfamily",12.91346549987793,4.3361029624938965,8.577362060546875,1.5744019746780396,8.858943090217508e-08
2pkea,24,605,0.9631962776184082,IPR036901,Aspartate/ornithine carbamoyltransferase superfamily,13.11603832244873,4.3434906005859375,8.772547721862793,1.5944018363952637,0.005396243650466204
2pkea,24,605,0.9805678129196167,IPR040442,Pyruvate kinase-like domain superfamily,14.26942253112793,4.340532302856445,9.928890228271484,1.716979742050171,0.00023897837672848254
2pkea,24,1013,0.9958504438400269,IPR018257,"Large ribosomal subunit protein bL19, conserved site",12.143229484558105,5.770735740661621,6.372493743896484,1.0733224153518677,0.004312015138566494
2pkea,24,1013,0.9543313384056091,IPR004044,"K Homology domain, type 2",10.154947280883789,5.770649433135986,4.384297847747803,0.8153746724128723,2.3973407223820686e-05
2pkea,24,1013,0.9500592350959778,IPR006131,"Aspartate/ornithine carbamoyltransferase, Asp/Orn-binding domain",10.0733003616333,5.772984504699707,4.300315856933594,0.803144633769989,0.019374702125787735
2pkea,24,1013,0.9500592350959778,IPR006132,"Aspartate/ornithine carbamoyltransferase, carbamoyl-P binding",10.0733003616333,5.772984504699707,4.300315856933594,0.803144633769989,0.019374702125787735
2pkea,24,1013,0.9809789657592773,IPR020630,"Tetrahydrofolate dehydrogenase/cyclohydrolase, catalytic domain",10.969645500183105,5.771978855133057,5.197666645050049,0.926376461982727,0.003980541136115789
2pkea,24,1013,0.9809789657592773,IPR020631,"Tetrahydrofolate dehydrogenase/cyclohydrolase, NAD(P)-binding domain",10.969645500183105,5.771978855133057,5.197666645050049,0.926376461982727,0.003980541136115789
2pkea,24,1013,0.9539003372192383,IPR023584,Ribosome recycling factor domain,10.12022590637207,5.7724690437316895,4.347756862640381,0.8099785447120667,0.003830748377367854
2pkea,24,1013,0.9809789657592773,IPR000672,Tetrahydrofolate dehydrogenase/cyclohydrolase,10.969645500183105,5.771978855133057,5.197666645050049,0.926376461982727,0.003980541136115789
2pkea,24,1013,0.9959341287612915,IPR001857,Large ribosomal subunit protein bL19,12.1494140625,5.770088195800781,6.379325866699219,1.0742188692092896,0.0009528202353976667
2pkea,24,1013,0.9860777258872986,IPR001980,Phosphopantetheine adenylyltransferase,11.180989265441895,5.770556449890137,5.410432815551758,0.9542629718780518,0.00013757578562945127
2pkea,24,1013,0.9539003372192383,IPR002661,Ribosome recycling factor,10.12022590637207,5.7724690437316895,4.347756862640381,0.8099785447120667,0.003830748377367854
2pkea,24,1013,0.9500592350959778,IPR006130,Aspartate/ornithine carbamoyltransferase,10.0733003616333,5.772984504699707,4.300315856933594,0.803144633769989,0.019374702125787735
2pkea,24,1013,0.9539003372192383,IPR036191,RRF superfamily,10.12022590637207,5.7724690437316895,4.347756862640381,0.8099785447120667,0.003830748377367854
2pkea,24,1013,0.9500592350959778,IPR036901,Aspartate/ornithine carbamoyltransferase superfamily,10.0733003616333,5.772984504699707,4.300315856933594,0.803144633769989,0.019374702125787735
2pkea,24,1013,0.9959341287612915,IPR038657,Large ribosomal subunit protein bL19 superfamily,12.1494140625,5.770088195800781,6.379325866699219,1.0742188692092896,0.0009528202353976667
2pkea,24,1013,0.9781802296638489,IPR043133,"GTP cyclohydrolase I, C-terminal/NADPH-dependent 7-cyano-7-deazaguanine reductase",10.846636772155762,5.768615245819092,5.07802152633667,0.9109483361244202,3.044978029720369e-07
2pkea,24,1125,0.988734245300293,IPR018480,"Phospho-N-acetylmuramoyl-pentapeptide transferase, conserved site",12.903458595275879,4.459466457366943,8.443992614746094,1.5328115224838257,0.03533286228775978
2pkea,24,1125,0.9578074812889099,IPR020588,"DNA recombination and repair protein RecA-like, ATP-binding domain",10.525654792785645,4.461585998535156,6.064068794250488,1.2382781505584717,0.033500805497169495
2pkea,24,1125,0.9571624994277954,IPR033704,"dUTPase, trimeric",11.376320838928223,4.459529876708984,6.916790962219238,1.351067304611206,0.009880159981548786
2pkea,24,1125,0.9894894361495972,IPR000715,"Glycosyl transferase, family 4",13.023072242736816,4.457583904266357,8.565488815307617,1.5467326641082764,0.0017692151013761759
2pkea,24,1125,0.955909788608551,IPR008949,Isoprenoid synthase domain superfamily,10.900888442993164,4.457757949829102,6.4431304931640625,1.2900522947311401,6.981306796660647e-05
2pkea,24,1125,0.9571624994277954,IPR036157,dUTPase-like superfamily,11.376320838928223,4.459529876708984,6.916790962219238,1.351067304611206,0.009880159981548786
2pkea,24,1149,0.9780070185661316,IPR018257,"Large ribosomal subunit protein bL19, conserved site",10.172395706176758,5.373457431793213,4.798938274383545,0.9207342267036438,0.021294793114066124
2pkea,24,1149,0.9836394190788269,IPR018280,"Small ribosomal subunit protein uS3, conserved site",10.50927734375,5.3724365234375,5.1368408203125,0.9680123925209045,0.0030972419772297144
2pkea,24,1149,0.9836394190788269,IPR001351,"Small ribosomal subunit protein uS3, C-terminal",10.50927734375,5.3724365234375,5.1368408203125,0.9680123925209045,0.0030972419772297144
2pkea,24,1149,0.9666152000427246,IPR004044,"K Homology domain, type 2",10.094120025634766,5.370263576507568,4.723856449127197,0.9104476571083069,5.267637789074797e-06
2pkea,24,1149,0.9858040809631348,IPR011761,ATP-grasp fold,10.85225772857666,5.364192008972168,5.488065719604492,1.0165597200393677,5.0064678965011655e-12
2pkea,24,1149,0.974290132522583,IPR020783,"Large ribosomal subunit protein uL11, C-terminal",10.19677734375,5.3729376792907715,4.8238396644592285,0.924327552318573,0.007445711642503738
2pkea,24,1149,0.974290132522583,IPR020784,"Large ribosomal subunit protein uL11, N-terminal",10.19677734375,5.3729376792907715,4.8238396644592285,0.924327552318573,0.007445711642503738
2pkea,24,1149,0.974290132522583,IPR000911,Ribosomal protein uL11,10.19677734375,5.3729376792907715,4.8238396644592285,0.924327552318573,0.007445711642503738
2pkea,24,1149,0.9513185620307922,IPR001063,Large ribosomal subunit protein uL22,9.527668952941895,5.370678901672363,4.156990051269531,0.8270161151885986,2.9100328902131878e-06
2pkea,24,1149,0.9775797724723816,IPR001857,Large ribosomal subunit protein bL19,10.15185546875,5.37300968170166,4.77884578704834,0.9179383516311646,0.005478801671415567
2pkea,24,1149,0.9836394190788269,IPR005704,"Small ribosomal subunit protein uS3, bacterial-type",10.50927734375,5.3724365234375,5.1368408203125,0.9680123925209045,0.0030972419772297144
2pkea,24,1149,0.9559268355369568,IPR005727,"Large ribosomal subunit protein uL22, bacterial/chloroplast-type",9.617968559265137,5.372164726257324,4.2458038330078125,0.8402259349822998,0.0002477930102031678
2pkea,24,1149,0.9727190732955933,IPR006519,"Large ribosomal subunit protein uL11, bacterial-type",10.078125,5.373599529266357,4.704525470733643,0.9072638750076294,0.03381431847810745
2pkea,24,1149,0.9559268355369568,IPR047867,"Large ribosomal subunit protein uL22, bacterial/organelle-type",9.617968559265137,5.372164726257324,4.2458038330078125,0.8402259349822998,0.0002477930102031678
2pkea,24,1149,0.9665384292602539,IPR009019,"K homology domain superfamily, prokaryotic type",10.059746742248535,5.369399547576904,4.690347194671631,0.9057586193084717,3.787770594954054e-07
2pkea,24,1149,0.9864200949668884,IPR016185,Pre-ATP-grasp domain superfamily,11.057587623596191,5.368138790130615,5.689448833465576,1.0425400733947754,4.211723592106864e-07
2pkea,24,1149,0.9513185620307922,IPR036394,Ribosomal protein uL22 superfamily,9.527668952941895,5.370678901672363,4.156990051269531,0.8270161151885986,2.9100328902131878e-06
2pkea,24,1149,0.9836394190788269,IPR036419,"Ribosomal protein S3, C-terminal domain superfamily",10.50927734375,5.3724365234375,5.1368408203125,0.9680123925209045,0.0030972419772297144
2pkea,24,1149,0.974290132522583,IPR036769,"Large ribosomal subunit protein uL11, C-terminal domain superfamily",10.19677734375,5.3729376792907715,4.8238396644592285,0.924327552318573,0.007445711642503738
2pkea,24,1149,0.974290132522583,IPR036796,"Large ribosomal subunit protein uL11, N-terminal domain superfamily",10.19677734375,5.3729376792907715,4.8238396644592285,0.924327552318573,0.007445711642503738
2pkea,24,1149,0.9775797724723816,IPR038657,Large ribosomal subunit protein bL19 superfamily,10.15185546875,5.37300968170166,4.77884578704834,0.9179383516311646,0.005478801671415567
2pkea,24,1149,0.9688021540641785,IPR043133,"GTP cyclohydrolase I, C-terminal/NADPH-dependent 7-cyano-7-deazaguanine reductase",10.01528549194336,5.369971752166748,4.645313739776611,0.8992144465446472,1.0548429827395012e-06
2pkea,24,1290,0.9508197903633118,IPR000210,BTB/POZ domain,4.135520935058594,1.859941840171814,2.2755789756774902,1.1528037786483765,0.005172103643417358
2pkea,24,1290,0.9913872480392456,IPR002048,EF-hand domain,9.662677764892578,1.8437085151672363,7.818969249725342,2.3898046016693115,6.268417451771313e-10
2pkea,24,1290,0.9561235904693604,IPR013087,Zinc finger C2H2-type,6.938851833343506,1.8497884273529053,5.08906364440918,1.9073288440704346,9.836378822569714e-09
2pkea,24,1290,0.9508197903633118,IPR011333,SKP1/BTB/POZ domain superfamily,4.135520935058594,1.859941840171814,2.2755789756774902,1.1528037786483765,0.005172103643417358
2pkea,24,1290,0.9915889501571655,IPR011992,EF-hand domain pair,9.541776657104492,1.8424798250198364,7.699296951293945,2.372601270675659,3.272544388255305e-11
2pkea,24,1421,0.9802402853965759,IPR018171,"Peptidyl-tRNA hydrolase, conserved site",8.4154052734375,3.533597946166992,4.881807327270508,1.251890778541565,0.004263082519173622
2pkea,24,1421,0.9780203700065613,IPR001986,Enolpyruvate transferase domain,8.158333778381348,3.534473180770874,4.6238603591918945,1.2067753076553345,0.021243689581751823
2pkea,24,1421,0.9955920577049255,IPR023584,Ribosome recycling factor domain,9.70529556274414,3.5302939414978027,6.175001621246338,1.4589797258377075,4.927466216031462e-05
2pkea,24,1421,0.9802402853965759,IPR001328,Peptidyl-tRNA hydrolase,8.4154052734375,3.533597946166992,4.881807327270508,1.251890778541565,0.004263082519173622
2pkea,24,1421,0.9955920577049255,IPR002661,Ribosome recycling factor,9.70529556274414,3.5302939414978027,6.175001621246338,1.4589797258377075,4.927466216031462e-05
2pkea,24,1421,0.9605368375778198,IPR013792,"RNA 3'-terminal phosphate cyclase/enolpyruvate transferase, alpha/beta",7.935831546783447,3.5343666076660156,4.401464939117432,1.1669255495071411,0.026229456067085266
2pkea,24,1421,0.9955920577049255,IPR036191,RRF superfamily,9.70529556274414,3.5302939414978027,6.175001621246338,1.4589797258377075,4.927466216031462e-05
2pkea,24,1421,0.9802402853965759,IPR036416,Peptidyl-tRNA hydrolase superfamily,8.4154052734375,3.533597946166992,4.881807327270508,1.251890778541565,0.004263082519173622
2pkea,24,1421,0.9780203700065613,IPR036968,Enolpyruvate transferase domain superfamily,8.158333778381348,3.534473180770874,4.6238603591918945,1.2067753076553345,0.021243689581751823
2pkea,24,1427,0.9590985774993896,IPR020625,"Schiff base-forming aldolase, active site",10.116608619689941,3.0225672721862793,7.094041347503662,1.7428745031356812,0.0020285281352698803
2pkea,24,1427,0.9817492961883545,IPR020861,"Triosephosphate isomerase, active site",11.347395896911621,3.0228497982025146,8.324545860290527,1.9083752632141113,0.013788511976599693
2pkea,24,1427,0.9526548385620117,IPR006638,"Elp3/MiaA/NifB-like, radical SAM core domain",10.033014297485352,2.991680383682251,7.04133415222168,1.7457222938537598,8.12465718917004e-27
2pkea,24,1427,0.9932632446289062,IPR010722,Biotin and thiamin synthesis-associated domain,12.37413215637207,3.0213074684143066,9.352825164794922,2.0340776443481445,0.004891104530543089
2pkea,24,1427,0.9646684527397156,IPR020630,"Tetrahydrofolate dehydrogenase/cyclohydrolase, catalytic domain",10.4931640625,3.0233850479125977,7.469779014587402,1.7952083349227905,0.01627396233379841
2pkea,24,1427,0.9646684527397156,IPR020631,"Tetrahydrofolate dehydrogenase/cyclohydrolase, NAD(P)-binding domain",10.4931640625,3.0233850479125977,7.469779014587402,1.7952083349227905,0.01627396233379841
2pkea,24,1427,0.9817492961883545,IPR000652,Triosephosphate isomerase,11.347395896911621,3.0228497982025146,8.324545860290527,1.9083752632141113,0.013788511976599693
2pkea,24,1427,0.9646684527397156,IPR000672,Tetrahydrofolate dehydrogenase/cyclohydrolase,10.4931640625,3.0233850479125977,7.469779014587402,1.7952083349227905,0.01627396233379841
2pkea,24,1427,0.9811828136444092,IPR001980,Phosphopantetheine adenylyltransferase,11.411458015441895,3.0202324390411377,8.391225814819336,1.9177467823028564,0.00020444000256247818
2pkea,24,1427,0.9591118097305298,IPR002220,DapA-like,10.114445686340332,3.0218605995178223,7.09258508682251,1.742903470993042,0.000556452083401382
2pkea,24,1427,0.9932632446289062,IPR002684,Biotin synthase/Biotin biosynthesis bifunctional protein BioAB,12.37413215637207,3.0213074684143066,9.352825164794922,2.0340776443481445,0.004891104530543089
2pkea,24,1427,0.9590985774993896,IPR005263,"4-hydroxy-tetrahydrodipicolinate synthase, DapA",10.116608619689941,3.0225672721862793,7.094041347503662,1.7428745031356812,0.0020285281352698803
2pkea,24,1427,0.9725449681282043,IPR006062,Histidine biosynthesis protein,10.882568359375,3.0101449489593506,7.87242317199707,1.8541094064712524,2.751648301574372e-12
2pkea,24,1427,0.970299482345581,IPR023016,HisA/PriA,10.809972763061523,3.02209734916687,7.787875175476074,1.8387360572814941,0.0024911025539040565
2pkea,24,1427,0.9932632446289062,IPR024177,Biotin synthase,12.37413215637207,3.0213074684143066,9.352825164794922,2.0340776443481445,0.004891104530543089
2pkea,24,1427,0.9701017141342163,IPR044524,"Histidine biosynthesis, HisA-like",10.80056381225586,3.021334171295166,7.779229640960693,1.8378441333770752,0.0006550300167873502
2pkea,24,1427,0.9731563925743103,IPR050064,Imidazole glycerol phosphate synthase HisA/HisF,10.940104484558105,3.0234618186950684,7.916642665863037,1.8553484678268433,0.02943078801035881
2pkea,24,1427,0.9808200001716614,IPR011060,Ribulose-phosphate binding barrel,11.249330520629883,2.9724323749542236,8.276898384094238,1.9201183319091797,0.0
2pkea,24,1427,0.9759610295295715,IPR013785,Aldolase-type TIM barrel,10.75937271118164,2.8413450717926025,7.918027877807617,1.9209429025650024,0.0
2pkea,24,1427,0.9927947521209717,IPR032675,Leucine-rich repeat domain superfamily,17.47100830078125,2.997706174850464,14.473301887512207,2.54302716255188,4.229319949811128e-10
2pkea,24,1427,0.9817492961883545,IPR035990,Triosephosphate isomerase superfamily,11.347395896911621,3.0228497982025146,8.324545860290527,1.9083752632141113,0.013788511976599693
2pkea,24,1427,0.9724392890930176,IPR040442,Pyruvate kinase-like domain superfamily,10.869379043579102,3.021209955215454,7.848169326782227,1.8470664024353027,0.0005134865641593933
2pkea,24,1427,0.9604243040084839,IPR001611,Leucine-rich repeat,16.710893630981445,3.0051841735839844,13.705709457397461,2.4752588272094727,9.888976819638629e-06
2pkea,24,1869,0.9695065021514893,IPR018265,"Large ribosomal subunit protein bL35, conserved site",8.804491996765137,3.9236390590667725,4.880852699279785,1.1660436391830444,5.354071981855668e-05
2pkea,24,1869,0.9776875972747803,IPR019979,"Small ribosomal subunit protein uS17, conserved site",9.30946159362793,3.923706531524658,5.3857550621032715,1.2464768886566162,0.0003350299084559083
2pkea,24,1869,0.9766716957092285,IPR001059,"Translation elongation factor P/YeiP, central",9.236719131469727,3.925433874130249,5.311285018920898,1.2345247268676758,0.02396584488451481
2pkea,24,1869,0.9766716957092285,IPR013185,"Translation elongation factor, KOW-like",9.236719131469727,3.925433874130249,5.311285018920898,1.2345247268676758,0.02396584488451481
2pkea,24,1869,0.9766716957092285,IPR015365,"Elongation factor P, C-terminal",9.236719131469727,3.925433874130249,5.311285018920898,1.2345247268676758,0.02396584488451481
2pkea,24,1869,0.9716046452522278,IPR032678,"tRNA synthetases class I, catalytic domain",9.001075744628906,3.924771308898926,5.0763044357299805,1.1974852085113525,0.002455849666148424
2pkea,24,1869,0.9786279797554016,IPR000266,Small ribosomal subunit protein uS17,9.357599258422852,3.921440839767456,5.436158180236816,1.2547509670257568,1.153440621237678e-06
2pkea,24,1869,0.9695065021514893,IPR001706,Large ribosomal subunit protein bL35,8.804491996765137,3.9236390590667725,4.880852699279785,1.1660436391830444,5.354071981855668e-05
2pkea,24,1869,0.9780944585800171,IPR019984,"Small ribosomal subunit protein uS17, bacteria/chloroplast",9.3046875,3.9220974445343018,5.382590293884277,1.246328592300415,4.948290097672725e-06
2pkea,24,1869,0.9766716957092285,IPR020599,Translation elongation factor P/YeiP,9.236719131469727,3.925433874130249,5.311285018920898,1.2345247268676758,0.02396584488451481
2pkea,24,1869,0.9695065021514893,IPR021137,Large ribosomal subunit protein bL35-like,8.804491996765137,3.9236390590667725,4.880852699279785,1.1660436391830444,5.354071981855668e-05
2pkea,24,1869,0.9603679180145264,IPR023016,HisA/PriA,8.447265625,3.9257140159606934,4.521551609039307,1.1055257320404053,0.0073003810830414295
2pkea,24,1869,0.9744904637336731,IPR024909,Cysteinyl-tRNA synthetase/mycothiol ligase,9.105676651000977,3.925111770629883,5.180564880371094,1.2140288352966309,0.007315521594136953
2pkea,24,1869,0.9617645144462585,IPR044524,"Histidine biosynthesis, HisA-like",8.521809577941895,3.9251270294189453,4.596682548522949,1.1184167861938477,0.0017361586214974523
2pkea,24,1869,0.9695065021514893,IPR037229,Large ribosomal subunit protein bL35 superfamily,8.804491996765137,3.9236390590667725,4.880852699279785,1.1660436391830444,5.354071981855668e-05
2pkea,24,1917,0.9512660503387451,IPR020003,"ATPase, alpha/beta subunit, nucleotide-binding domain, active site",3.93208646774292,1.291500449180603,2.6405858993530273,1.6062357425689697,8.784087416864941e-16
2pkea,24,1917,0.9778964519500732,IPR018181,"Heat shock protein 70, conserved site",5.050322532653809,1.294439435005188,3.75588321685791,1.9640369415283203,2.785402557492489e-06
2pkea,24,1917,0.9547214508056641,IPR031157,"Tr-type G domain, conserved site",4.0115885734558105,1.28706955909729,2.7245190143585205,1.6400723457336426,2.3266691148720205e-24
2pkea,24,1917,0.9512660503387451,IPR000194,"ATPase, F1/V1/A1 complex, alpha/beta subunit, nucleotide-binding domain",3.93208646774292,1.291500449180603,2.6405858993530273,1.6062357425689697,8.784087416864941e-16
2pkea,24,1917,0.9509949088096619,IPR000793,"ATP synthase, alpha subunit, C-terminal",3.944751024246216,1.2959697246551514,2.6487812995910645,1.6058911085128784,1.6536213252038579e-06
2pkea,24,1917,0.9559602737426758,IPR000795,Translational (tr)-type GTP-binding domain,4.03469181060791,1.2830653190612793,2.751626491546631,1.6528526544570923,3.2269670918773437e-32
2pkea,24,1917,0.955597460269928,IPR001048,Aspartate/glutamate/uridylate kinase,4.195554256439209,1.292164921760559,2.9033894538879395,1.6990599632263184,6.811436722813091e-13
2pkea,24,1917,0.9509525895118713,IPR004100,"ATPase, F1/V1/A1 complex, alpha/beta subunit, N-terminal domain",3.924301862716675,1.2917966842651367,2.632505178451538,1.6030458211898804,3.2833533899253708e-15
2pkea,24,1917,0.9646725058555603,IPR004160,"Translation elongation factor EFTu/EF1A, C-terminal",4.367648601531982,1.2967993021011353,3.0708494186401367,1.7518904209136963,0.0007929373532533646
2pkea,24,1917,0.9565025568008423,IPR004161,"Translation elongation factor EFTu-like, domain 2",4.065508842468262,1.2870451211929321,2.778463840484619,1.6593620777130127,4.7485766179704685e-24
2pkea,24,1917,0.9650475382804871,IPR005225,Small GTP-binding domain,4.319359302520752,1.263208031654358,3.0561513900756836,1.7737135887145996,0.0
2pkea,24,1917,0.9685606956481934,IPR006073,GTP binding domain,4.550825595855713,1.2820605039596558,3.2687649726867676,1.8276526927947998,9.518890694540685e-30
2pkea,24,1917,0.9508091807365417,IPR019489,"Clp ATPase, C-terminal",3.9510176181793213,1.297284722328186,2.6537327766418457,1.6067179441452026,0.0009302226244471967
2pkea,24,1917,0.9646725058555603,IPR033720,"Elongation factor Tu, domain 2",4.367648601531982,1.2967993021011353,3.0708494186401367,1.7518904209136963,0.0007929373532533646
2pkea,24,1917,0.9509949088096619,IPR033732,"ATP synthase, F1 complex, alpha subunit nucleotide-binding domain",3.944751024246216,1.2959697246551514,2.6487812995910645,1.6058911085128784,1.6536213252038579e-06
2pkea,24,1917,0.9646725058555603,IPR041709,"Elongation factor Tu (EF-Tu), GTP-binding domain",4.367648601531982,1.2967993021011353,3.0708494186401367,1.7518904209136963,0.0007929373532533646
2pkea,24,1917,0.953171968460083,IPR001057,Glutamate/acetylglutamate kinase,4.091634273529053,1.2978568077087402,2.7937774658203125,1.6565349102020264,0.03364776074886322
2pkea,24,1917,0.9663993716239929,IPR001806,Small GTPase,4.56195068359375,1.2971030473709106,3.264847755432129,1.8143465518951416,0.009961442090570927
2pkea,24,1917,0.9646725058555603,IPR004541,"Translation elongation factor EFTu/EF1A, bacterial/organelle",4.367648601531982,1.2967993021011353,3.0708494186401367,1.7518904209136963,0.0007929373532533646
2pkea,24,1917,0.9509949088096619,IPR005294,"ATP synthase, F1 complex, alpha subunit",3.944751024246216,1.2959697246551514,2.6487812995910645,1.6058911085128784,1.6536213252038579e-06
2pkea,24,1917,0.9775597453117371,IPR013126,Heat shock protein 70 family,5.028193473815918,1.294111728668213,3.734081745147705,1.9580668210983276,7.071309369166556e-07
2pkea,24,1917,0.9646725058555603,IPR050055,Elongation factor Tu GTPase,4.367648601531982,1.2967993021011353,3.0708494186401367,1.7518904209136963,0.0007929373532533646
2pkea,24,1917,0.96462082862854,IPR009001,"Translation elongation factor EF1A/initiation factor IF2gamma, C-terminal",4.366147041320801,1.295263648033142,3.070883274078369,1.7531038522720337,9.81473249339615e-07
2pkea,24,1917,0.9908128976821899,IPR017850,"Alkaline-phosphatase-like, core domain superfamily",6.753357410430908,1.294137954711914,5.459219455718994,2.3836023807525635,0.004329402931034565
2pkea,24,1917,0.9880170822143555,IPR023214,HAD superfamily,6.927570343017578,1.288793683052063,5.638776779174805,2.426316976547241,9.37271238399262e-09
2pkea,24,1917,0.968046247959137,IPR029044,Nucleotide-diphospho-sugar transferases,6.043179512023926,1.27850341796875,4.764676094055176,2.240840435028076,1.0373303178046464e-22
2pkea,24,1917,0.9778964519500732,IPR029047,"Heat shock protein 70kD, peptide-binding domain superfamily",5.050322532653809,1.294439435005188,3.75588321685791,1.9640369415283203,2.785402557492489e-06
2pkea,24,1917,0.9780511260032654,IPR029048,"Heat shock protein 70kD, C-terminal domain superfamily",5.059908866882324,1.2947965860366821,3.7651124000549316,1.9663747549057007,1.1270771210547537e-05
2pkea,24,1917,0.9507246017456055,IPR036121,"ATPase, F1/V1/A1 complex, alpha/beta subunit, N-terminal domain superfamily",3.920651912689209,1.2923390865325928,2.628312826156616,1.6010977029800415,4.180024585471141e-14
2pkea,24,1917,0.955597460269928,IPR036393,Acetylglutamate kinase-like superfamily,4.195554256439209,1.292164921760559,2.9033894538879395,1.6990599632263184,6.811436722813091e-13
2pkea,24,1917,0.9885693788528442,IPR036412,HAD-like superfamily,7.016921520233154,1.289152979850769,5.727768421173096,2.4444034099578857,3.782420776587969e-08
2pkea,24,1917,0.9509949088096619,IPR038376,"ATP synthase, alpha subunit, C-terminal domain superfamily",3.944751024246216,1.2959697246551514,2.6487812995910645,1.6058911085128784,1.6536213252038579e-06
2pkea,24,1917,0.9718243479728699,IPR043133,"GTP cyclohydrolase I, C-terminal/NADPH-dependent 7-cyano-7-deazaguanine reductase",4.7805705070495605,1.2943083047866821,3.486262321472168,1.8849903345108032,3.747835535250488e-07
2pkea,24,2050,0.9805121421813965,IPR001236,"Lactate/malate dehydrogenase, N-terminal",14.904802322387695,3.6385185718536377,11.266283988952637,2.0343501567840576,0.0002241714100819081
2pkea,24,2050,0.99705970287323,IPR006131,"Aspartate/ornithine carbamoyltransferase, Asp/Orn-binding domain",17.041820526123047,3.6360082626342773,13.40581226348877,2.2286481857299805,0.00017063198902178556
2pkea,24,2050,0.99705970287323,IPR006132,"Aspartate/ornithine carbamoyltransferase, carbamoyl-P binding",17.041820526123047,3.6360082626342773,13.40581226348877,2.2286481857299805,0.00017063198902178556
2pkea,24,2050,0.9705387353897095,IPR006151,Quinate/shikimate 5-dehydrogenase/glutamyl-tRNA reductase,14.048225402832031,3.6390204429626465,10.409204483032227,1.9487619400024414,0.00016474799485877156
2pkea,24,2050,0.9596428871154785,IPR017926,Glutamine amidotransferase,13.54829216003418,3.632023572921753,9.916268348693848,1.8992615938186646,1.7946543806601767e-08
2pkea,24,2050,0.9893579483032227,IPR020630,"Tetrahydrofolate dehydrogenase/cyclohydrolase, catalytic domain",16.117267608642578,3.6388323307037354,12.478435516357422,2.1470556259155273,0.00163325946778059
2pkea,24,2050,0.9893579483032227,IPR020631,"Tetrahydrofolate dehydrogenase/cyclohydrolase, NAD(P)-binding domain",16.117267608642578,3.6388323307037354,12.478435516357422,2.1470556259155273,0.00163325946778059
2pkea,24,2050,0.9805121421813965,IPR022383,"Lactate/malate dehydrogenase, C-terminal",14.904802322387695,3.6385185718536377,11.266283988952637,2.0343501567840576,0.0002241714100819081
2pkea,24,2050,0.9893579483032227,IPR000672,Tetrahydrofolate dehydrogenase/cyclohydrolase,16.117267608642578,3.6388323307037354,12.478435516357422,2.1470556259155273,0.00163325946778059
2pkea,24,2050,0.9798981547355652,IPR001557,L-lactate/malate dehydrogenase,14.827052116394043,3.6397793292999268,11.187273025512695,2.0263049602508545,0.0009799748659133911
2pkea,24,2050,0.9698818922042847,IPR001980,Phosphopantetheine adenylyltransferase,13.99131965637207,3.6401655673980713,10.351154327392578,1.942452073097229,0.0006837143446318805
2pkea,24,2050,0.997188925743103,IPR002082,Aspartate carbamoyltransferase,17.077007293701172,3.6399857997894287,13.437021255493164,2.230046510696411,0.015884188935160637
2pkea,24,2050,0.99705970287323,IPR006130,Aspartate/ornithine carbamoyltransferase,17.041820526123047,3.6360082626342773,13.40581226348877,2.2286481857299805,0.00017063198902178556
2pkea,24,2050,0.9673147797584534,IPR008927,"6-phosphogluconate dehydrogenase-like, C-terminal domain superfamily",14.486276626586914,3.6251285076141357,10.8611478805542,1.9985787868499756,2.783127894812054e-11
2pkea,24,2050,0.9794425368309021,IPR015955,"Lactate dehydrogenase/glycoside hydrolase, family 4, C-terminal",14.814725875854492,3.637561321258545,11.177164077758789,2.025984525680542,6.155842856969684e-05
2pkea,24,2050,0.9632010459899902,IPR029062,Class I glutamine amidotransferase-like,13.739739418029785,3.6132283210754395,10.126510620117188,1.926990270614624,7.575630242490335e-19
2pkea,24,2050,0.9521573185920715,IPR029063,S-adenosyl-L-methionine-dependent methyltransferase superfamily,12.748592376708984,3.4931249618530273,9.255467414855957,1.8677436113357544,0.0
2pkea,24,2050,0.9713471531867981,IPR036291,NAD(P)-binding domain superfamily,13.836400032043457,3.4447293281555176,10.391670227050781,2.0060019493103027,0.0
2pkea,24,2050,0.99705970287323,IPR036901,Aspartate/ornithine carbamoyltransferase superfamily,17.041820526123047,3.6360082626342773,13.40581226348877,2.2286481857299805,0.00017063198902178556
2pkea,24,2050,0.9732213020324707,IPR046346,"Aminoacid dehydrogenase-like, N-terminal domain superfamily",14.623392105102539,3.6258046627044678,10.997587203979492,2.0119009017944336,3.79571894748576e-11
2pkea,24,2063,0.9712894558906555,IPR020904,"Short-chain dehydrogenase/reductase, conserved site",14.795572280883789,8.706928253173828,6.088644027709961,0.7649281620979309,0.002536965301260352
2pkea,24,2063,0.9629629850387573,IPR000276,"G protein-coupled receptor, rhodopsin-like",13.844703674316406,8.698236465454102,5.146467208862305,0.6705377101898193,3.044695843102546e-14
2pkea,24,2063,0.9676408767700195,IPR002347,Short-chain dehydrogenase/reductase SDR,14.506033897399902,8.702189445495605,5.803844451904297,0.7372012138366699,2.3119275383010063e-08
2pkea,24,2129,0.9730676412582397,IPR008271,"Serine/threonine-protein kinase, active site",8.75693130493164,2.6454124450683594,6.111518859863281,1.7269272804260254,6.105230809346524e-24
2pkea,24,2129,0.9743252396583557,IPR017441,"Protein kinase, ATP binding site",8.857015609741211,2.646761894226074,6.210253715515137,1.7425867319107056,2.396166135568527e-22
2pkea,24,2129,0.9801358580589294,IPR018253,"DnaJ domain, conserved site",9.404541015625,2.6623594760894775,6.742181777954102,1.8206467628479004,9.153368409897666e-07
2pkea,24,2129,0.9736594557762146,IPR000719,Protein kinase domain,8.760570526123047,2.6386239528656006,6.121946334838867,1.7312335968017578,2.0150369300778724e-30
2pkea,24,2129,0.978895366191864,IPR001305,"Heat shock protein DnaJ, cysteine-rich domain",9.163204193115234,2.665496349334717,6.497707843780518,1.7814425230026245,0.0002861145476344973
2pkea,24,2129,0.9820762276649475,IPR001623,DnaJ domain,10.007101058959961,2.6551363468170166,7.351964950561523,1.9141608476638794,9.17064167660353e-12
2pkea,24,2129,0.9554321765899658,IPR002048,EF-hand domain,8.196820259094238,2.6628036499023438,5.5340166091918945,1.6221128702163696,1.3127740317031567e-07
2pkea,24,2129,0.9791234731674194,IPR002939,"Chaperone DnaJ, C-terminal",9.174385070800781,2.6648242473602295,6.509560585021973,1.783565640449524,6.888445932418108e-05
2pkea,24,2129,0.9781758785247803,IPR003599,Immunoglobulin domain subtype,10.544156074523926,2.6590564250946045,7.885099411010742,1.9874519109725952,2.9355254582696944e-07
2pkea,24,2129,0.9750221371650696,IPR007110,Immunoglobulin-like domain,10.340110778808594,2.6518208980560303,7.688289642333984,1.9631909132003784,5.252758948290359e-13
2pkea,24,2129,0.9919627904891968,IPR013106,Immunoglobulin V-set domain,12.385171890258789,2.6606605052948,9.72451114654541,2.218752145767212,0.0003102670598309487
2pkea,24,2129,0.9571585655212402,IPR017452,"GPCR, rhodopsin-like, 7TM",8.043732643127441,2.6561808586120605,5.387551784515381,1.5985063314437866,7.625968067204343e-15
2pkea,24,2129,0.9656906127929688,IPR000276,"G protein-coupled receptor, rhodopsin-like",8.240616798400879,2.65653133392334,5.584085464477539,1.633203148841858,1.623847879620756e-14
2pkea,24,2129,0.978895366191864,IPR012724,Chaperone DnaJ,9.163204193115234,2.665496349334717,6.497707843780518,1.7814425230026245,0.0002861145476344973
2pkea,24,2129,0.9791234731674194,IPR008971,HSP40/DnaJ peptide-binding,9.174385070800781,2.6648242473602295,6.509560585021973,1.783565640449524,6.888445932418108e-05
2pkea,24,2129,0.9539567828178406,IPR011992,EF-hand domain pair,8.099347114562988,2.6619675159454346,5.437379837036133,1.6053072214126587,1.3343834481815975e-08
2pkea,24,2129,0.976570188999176,IPR036179,Immunoglobulin-like domain superfamily,10.40634822845459,2.647709846496582,7.758638381958008,1.9746415615081787,4.1790990960971475e-16
2pkea,24,2129,0.978895366191864,IPR036410,"Heat shock protein DnaJ, cysteine-rich domain superfamily",9.163204193115234,2.665496349334717,6.497707843780518,1.7814425230026245,0.0002861145476344973
2pkea,24,2129,0.9832965731620789,IPR036869,Chaperone J-domain superfamily,10.307682991027832,2.652696371078491,7.654986381530762,1.9581831693649292,4.411153246060978e-13
2pkea,24,2209,0.9742814302444458,IPR018257,"Large ribosomal subunit protein bL19, conserved site",10.490625381469727,3.8889365196228027,6.601688861846924,1.4316493272781372,0.029336504638195038
2pkea,24,2209,0.951607346534729,IPR018260,"Large ribosomal subunit protein uL22, conserved site",9.21875,3.8892459869384766,5.329504013061523,1.2450770139694214,0.004785928409546614
2pkea,24,2209,0.9574129581451416,IPR020809,"Enolase, conserved site",9.40625,3.88724946975708,5.51900053024292,1.2748662233352661,5.829459769302048e-05
2pkea,24,2209,0.9761372804641724,IPR047863,"Small ribosomal subunit protein uS8, conserved site",10.760546684265137,3.8850884437561035,6.875458240509033,1.4697282314300537,2.4700662834220566e-05
2pkea,24,2209,0.9756000638008118,IPR020097,"Pseudouridine synthase I, TruA, alpha/beta domain",10.509896278381348,3.8889076709747314,6.620988845825195,1.4343078136444092,0.026143085211515427
2pkea,24,2209,0.9574129581451416,IPR020810,"Enolase, C-terminal TIM barrel domain",9.40625,3.88724946975708,5.51900053024292,1.2748662233352661,5.829459769302048e-05
2pkea,24,2209,0.9574129581451416,IPR020811,"Enolase, N-terminal",9.40625,3.88724946975708,5.51900053024292,1.2748662233352661,5.829459769302048e-05
2pkea,24,2209,0.9863308668136597,IPR048300,"TACO1/YebC-like, second and third domains",11.495535850524902,3.8881888389587402,7.607347011566162,1.5638998746871948,0.043065011501312256
2pkea,24,2209,0.9863308668136597,IPR049083,"TACO1/YebC-like, N-terminal domain",11.495535850524902,3.8881888389587402,7.607347011566162,1.5638998746871948,0.043065011501312256
2pkea,24,2209,0.9770039319992065,IPR000630,Small ribosomal subunit protein uS8,10.807528495788574,3.8836069107055664,6.923921585083008,1.476563811302185,1.4054404573471402e-06
2pkea,24,2209,0.9574129581451416,IPR000941,Enolase,9.40625,3.88724946975708,5.51900053024292,1.2748662233352661,5.829459769302048e-05
2pkea,24,2209,0.9756000638008118,IPR001406,"Pseudouridine synthase I, TruA",10.509896278381348,3.8889076709747314,6.620988845825195,1.4343078136444092,0.026143085211515427
2pkea,24,2209,0.9739301800727844,IPR001857,Large ribosomal subunit protein bL19,10.4619140625,3.8883213996887207,6.573592662811279,1.4279237985610962,0.007650441490113735
2pkea,24,2209,0.9863308668136597,IPR002876,Transcriptional regulator TACO1-like,11.495535850524902,3.8881888389587402,7.607347011566162,1.5638998746871948,0.043065011501312256
2pkea,24,2209,0.9570310115814209,IPR013025,Large ribosomal subunit protein uL23-like,9.456597328186035,3.888817071914673,5.567780494689941,1.2819859981536865,0.0027809401508420706
2pkea,24,2209,0.9566413164138794,IPR012678,Ribosomal protein uL23/eL15/eS24 core domain superfamily,9.432565689086914,3.8883049488067627,5.5442609786987305,1.2785052061080933,0.0008099398110061884
2pkea,24,2209,0.9626896381378174,IPR016039,Thiolase-like,9.883617401123047,3.887446403503418,5.996170997619629,1.34621262550354,0.00042471959022805095
2pkea,24,2209,0.9863308668136597,IPR017856,"Integrase-like, N-terminal",11.495535850524902,3.8881888389587402,7.607347011566162,1.5638998746871948,0.043065011501312256
2pkea,24,2209,0.9756000638008118,IPR020095,"Pseudouridine synthase I, TruA, C-terminal",10.509896278381348,3.8889076709747314,6.620988845825195,1.4343078136444092,0.026143085211515427
2pkea,24,2209,0.9863308668136597,IPR026564,"Transcriptional regulator TACO1-like, domain 3",11.495535850524902,3.8881888389587402,7.607347011566162,1.5638998746871948,0.043065011501312256
2pkea,24,2209,0.9863308668136597,IPR029072,YebC-like,11.495535850524902,3.8881888389587402,7.607347011566162,1.5638998746871948,0.043065011501312256
2pkea,24,2209,0.9770039319992065,IPR035987,Small ribosomal subunit protein uS8 superfamily,10.807528495788574,3.8836069107055664,6.923921585083008,1.476563811302185,1.4054404573471402e-06
2pkea,24,2209,0.9739301800727844,IPR038657,Large ribosomal subunit protein bL19 superfamily,10.4619140625,3.8883213996887207,6.573592662811279,1.4279237985610962,0.007650441490113735
2pkea,24,2349,0.9641660451889038,IPR018136,"Aconitase family, 4Fe-4S cluster binding site",8.809914588928223,2.8779196739196777,5.931994915008545,1.6140966415405273,0.0012561064213514328
2pkea,24,2349,0.9749301671981812,IPR031157,"Tr-type G domain, conserved site",9.832491874694824,2.8494925498962402,6.982999324798584,1.7868469953536987,1.355639901141216e-26
2pkea,24,2349,0.9623159766197205,IPR000640,"Elongation factor EFG, domain V-like",8.731842041015625,2.8686625957489014,5.8631792068481445,1.6059026718139648,1.4239122034243046e-12
2pkea,24,2349,0.9707128405570984,IPR000795,Translational (tr)-type GTP-binding domain,9.54672622680664,2.8416616916656494,6.70506477355957,1.7482662200927734,4.587758841652572e-34
2pkea,24,2349,0.9641660451889038,IPR001030,"Aconitase/3-isopropylmalate dehydratase large subunit, alpha/beta/alpha domain",8.809914588928223,2.8779196739196777,5.931994915008545,1.6140966415405273,0.0012561064213514328
2pkea,24,2349,0.9899570345878601,IPR001279,Metallo-beta-lactamase,11.433947563171387,2.8594439029693604,8.574503898620605,1.999511957168579,6.2667228618005794e-15
2pkea,24,2349,0.9889801740646362,IPR004160,"Translation elongation factor EFTu/EF1A, C-terminal",11.424028396606445,2.8732056617736816,8.550823211669922,1.991333246231079,9.252376912627369e-05
2pkea,24,2349,0.9712701439857483,IPR004161,"Translation elongation factor EFTu-like, domain 2",9.641341209411621,2.8512520790100098,6.790089130401611,1.757633090019226,1.6506814601541355e-25
2pkea,24,2349,0.9548497200012207,IPR004843,"Calcineurin-like, phosphoesterase domain",8.90480899810791,2.878352642059326,6.026456356048584,1.6293362379074097,0.011495538987219334
2pkea,24,2349,0.97868812084198,IPR005225,Small GTP-binding domain,10.137743949890137,2.794605255126953,7.343138694763184,1.8590151071548462,0.0
2pkea,24,2349,0.9617171883583069,IPR005517,"Translation elongation factor EFG/EF2, domain IV",8.744115829467773,2.878038167953491,5.866077423095703,1.6032217741012573,0.0016133907483890653
2pkea,24,2349,0.9857422709465027,IPR006073,GTP binding domain,11.411473274230957,2.835426092147827,8.57604694366455,2.0088424682617188,8.534813679237089e-32
2pkea,24,2349,0.9985871911048889,IPR024567,Ribonuclease HII/HIII domain,13.864974975585938,2.866600751876831,10.998373985290527,2.274027109146118,1.5684577192587312e-06
2pkea,24,2349,0.9889801740646362,IPR033720,"Elongation factor Tu, domain 2",11.424028396606445,2.8732056617736816,8.550823211669922,1.991333246231079,9.252376912627369e-05
2pkea,24,2349,0.9635698199272156,IPR033941,"3-Isopropylmalate dehydratase, catalytic domain",8.77801513671875,2.879159450531006,5.898855686187744,1.6082420349121094,0.018614251166582108
2pkea,24,2349,0.9617171883583069,IPR041095,"Elongation Factor G, domain II",8.744115829467773,2.878038167953491,5.866077423095703,1.6032217741012573,0.0016133907483890653
2pkea,24,2349,0.9889801740646362,IPR041709,"Elongation factor Tu (EF-Tu), GTP-binding domain",11.424028396606445,2.8732056617736816,8.550823211669922,1.991333246231079,9.252376912627369e-05
2pkea,24,2349,0.9532411098480225,IPR053905,"Elongation factor G-like, domain II",8.425176620483398,2.87916898727417,5.5460076332092285,1.5490494966506958,0.01339104026556015
2pkea,24,2349,0.9985871911048889,IPR001352,Ribonuclease HII/HIII,13.864974975585938,2.866600751876831,10.998373985290527,2.274027109146118,1.5684577192587312e-06
2pkea,24,2349,0.9714167714118958,IPR001806,Small GTPase,9.4794921875,2.878034830093384,6.601457595825195,1.719720721244812,0.009046158753335476
2pkea,24,2349,0.9889801740646362,IPR004541,"Translation elongation factor EFTu/EF1A, bacterial/organelle",11.424028396606445,2.8732056617736816,8.550823211669922,1.991333246231079,9.252376912627369e-05
2pkea,24,2349,0.9985210299491882,IPR022898,Ribonuclease HII,13.907629013061523,2.86983323097229,11.037796020507812,2.2768325805664062,0.0001496230106567964
2pkea,24,2349,0.9889801740646362,IPR050055,Elongation factor Tu GTPase,11.424028396606445,2.8732056617736816,8.550823211669922,1.991333246231079,9.252376912627369e-05
2pkea,24,2349,0.9641660451889038,IPR050067,Isopropylmalate dehydratase and related enzymes,8.809914588928223,2.8779196739196777,5.931994915008545,1.6140966415405273,0.0012561064213514328
2pkea,24,2349,0.9885889887809753,IPR009001,"Translation elongation factor EF1A/initiation factor IF2gamma, C-terminal",11.327982902526855,2.8691420555114746,8.458841323852539,1.9811946153640747,6.689843701224163e-08
2pkea,24,2349,0.9641660451889038,IPR015931,"Aconitase/3-isopropylmalate dehydratase large subunit, alpha/beta/alpha, subdomain 1/3",8.809914588928223,2.8779196739196777,5.931994915008545,1.6140966415405273,0.0012561064213514328
2pkea,24,2349,0.9559401273727417,IPR029052,Metallo-dependent phosphatase-like,8.938562393188477,2.877687931060791,6.0608744621276855,1.6351276636123657,0.00289744115434587
2pkea,24,2349,0.9627869129180908,IPR035647,EF-G domain III/V-like,8.763946533203125,2.8679614067077637,5.895985126495361,1.611549973487854,3.5666562476881214e-13
2pkea,24,2349,0.9641660451889038,IPR036008,"Aconitase, iron-sulfur domain",8.809914588928223,2.8779196739196777,5.931994915008545,1.6140966415405273,0.0012561064213514328
2pkea,24,2349,0.9577417373657227,IPR036188,FAD/NAD(P)-binding domain superfamily,8.548952102661133,2.8458240032196045,5.703127861022949,1.5868960618972778,1.4075617312585697e-34
2pkea,24,2349,0.990134060382843,IPR036866,Ribonuclease Z/Hydroxyacylglutathione hydrolase-like,11.45272445678711,2.858517646789551,8.594206809997559,2.0023467540740967,1.4179036134296633e-15
2pkea,24,2349,0.9638577103614807,IPR043129,"ATPase, nucleotide binding domain",8.991739273071289,2.830061435699463,6.161677837371826,1.6677616834640503,0.0
2pkea,24,2420,0.960280179977417,IPR018171,"Peptidyl-tRNA hydrolase, conserved site",13.0625,3.8141839504241943,9.248315811157227,1.7759809494018555,0.026288768276572227
2pkea,24,2420,0.9701616168022156,IPR020556,"Amidase, conserved site",13.86904239654541,3.8128912448883057,10.056151390075684,1.8629070520401,0.010661638341844082
2pkea,24,2420,0.9912498593330383,IPR006131,"Aspartate/ornithine carbamoyltransferase, Asp/Orn-binding domain",16.163909912109375,3.807976245880127,12.355934143066406,2.0856759548187256,0.00033467370667494833
2pkea,24,2420,0.9912498593330383,IPR006132,"Aspartate/ornithine carbamoyltransferase, carbamoyl-P binding",16.163909912109375,3.807976245880127,12.355934143066406,2.0856759548187256,0.00033467370667494833
2pkea,24,2420,0.9570611715316772,IPR011761,ATP-grasp fold,13.302301406860352,3.80047607421875,9.501825332641602,1.807420015335083,6.607328573160487e-10
2pkea,24,2420,0.9727969169616699,IPR017926,Glutamine amidotransferase,14.228391647338867,3.8008267879486084,10.42756462097168,1.904383659362793,2.6648909745574656e-09
2pkea,24,2420,0.9891044497489929,IPR020630,"Tetrahydrofolate dehydrogenase/cyclohydrolase, catalytic domain",15.949462890625,3.8095576763153076,12.139904975891113,2.0658085346221924,0.001795452437363565
2pkea,24,2420,0.9891044497489929,IPR020631,"Tetrahydrofolate dehydrogenase/cyclohydrolase, NAD(P)-binding domain",15.949462890625,3.8095576763153076,12.139904975891113,2.0658085346221924,0.001795452437363565
2pkea,24,2420,0.9691445827484131,IPR023631,Amidase signature domain,13.797196388244629,3.8120062351226807,9.985190391540527,1.8557488918304443,0.0030457114335149527
2pkea,24,2420,0.9691445827484131,IPR000120,Amidase,13.797196388244629,3.8120062351226807,9.985190391540527,1.8557488918304443,0.0030457114335149527
2pkea,24,2420,0.9891044497489929,IPR000672,Tetrahydrofolate dehydrogenase/cyclohydrolase,15.949462890625,3.8095576763153076,12.139904975891113,2.0658085346221924,0.001795452437363565
2pkea,24,2420,0.960280179977417,IPR001328,Peptidyl-tRNA hydrolase,13.0625,3.8141839504241943,9.248315811157227,1.7759809494018555,0.026288768276572227
2pkea,24,2420,0.9515377879142761,IPR001980,Phosphopantetheine adenylyltransferase,12.53298568725586,3.8132858276367188,8.71969985961914,1.716619849205017,0.004735658876597881
2pkea,24,2420,0.9908013939857483,IPR002082,Aspartate carbamoyltransferase,16.140066146850586,3.8117215633392334,12.328344345092773,2.0821280479431152,0.029117418453097343
2pkea,24,2420,0.9687594175338745,IPR004412,Glutamyl-tRNA(Gln) amidotransferase A subunit,13.767797470092773,3.813053607940674,9.954744338989258,1.8522752523422241,0.012131900526583195
2pkea,24,2420,0.9912498593330383,IPR006130,Aspartate/ornithine carbamoyltransferase,16.163909912109375,3.807976245880127,12.355934143066406,2.0856759548187256,0.00033467370667494833
2pkea,24,2420,0.9765812754631042,IPR016064,NAD kinase/diacylglycerol kinase-like domain superfamily,14.706769943237305,3.811549186706543,10.895220756530762,1.94802725315094,0.005873804911971092
2pkea,24,2420,0.9589574337005615,IPR016185,Pre-ATP-grasp domain superfamily,13.574396133422852,3.8074941635131836,9.766901969909668,1.833970546722412,1.3211083569331095e-05
2pkea,24,2420,0.9765812754631042,IPR017438,"Inorganic polyphosphate/ATP-NAD kinase, N-terminal",14.706769943237305,3.811549186706543,10.895220756530762,1.94802725315094,0.005873804911971092
2pkea,24,2420,0.9503695964813232,IPR023404,"Radical SAM, alpha/beta horseshoe",12.482477188110352,3.8107709884643555,8.671706199645996,1.7117456197738647,0.00012959599553141743
2pkea,24,2420,0.9638115763664246,IPR029062,Class I glutamine amidotransferase-like,14.341870307922363,3.781459093093872,10.56041145324707,1.9232144355773926,7.73724375659518e-19
2pkea,24,2420,0.960280179977417,IPR036416,Peptidyl-tRNA hydrolase superfamily,13.0625,3.8141839504241943,9.248315811157227,1.7759809494018555,0.026288768276572227
2pkea,24,2420,0.9912498593330383,IPR036901,Aspartate/ornithine carbamoyltransferase superfamily,16.163909912109375,3.807976245880127,12.355934143066406,2.0856759548187256,0.00033467370667494833
2pkea,24,2420,0.9691445827484131,IPR036928,Amidase signature (AS) superfamily,13.797196388244629,3.8120062351226807,9.985190391540527,1.8557488918304443,0.0030457114335149527
2pkea,24,2420,0.9576044678688049,IPR046346,"Aminoacid dehydrogenase-like, N-terminal domain superfamily",14.289433479309082,3.7975058555603027,10.491928100585938,1.911820888519287,6.036022792699214e-10
2pkea,24,2435,0.9603192806243896,IPR000629,"ATP-dependent RNA helicase DEAD-box, conserved site",10.325650215148926,3.2903876304626465,7.035262584686279,1.6498987674713135,2.669953702572059e-10
2pkea,24,2435,0.9906812310218811,IPR020904,"Short-chain dehydrogenase/reductase, conserved site",11.599953651428223,3.2973790168762207,8.302574157714844,1.814723014831543,0.00028036462026648223
2pkea,24,2435,0.9600258469581604,IPR000836,Phosphoribosyltransferase domain,10.213268280029297,3.274718761444092,6.938549518585205,1.640997290611267,4.1449623414006965e-23
2pkea,24,2435,0.9544720649719238,IPR004821,Cytidyltransferase-like domain,10.110610961914062,3.286242961883545,6.824368000030518,1.6213546991348267,1.0650621416708958e-13
2pkea,24,2435,0.956902027130127,IPR011545,DEAD/DEAH-box helicase domain,10.222536087036133,3.287219285964966,6.935317039489746,1.6368091106414795,8.191671624878383e-13
2pkea,24,2435,0.9583667516708374,IPR014014,"RNA helicase, DEAD-box type, Q motif",10.298114776611328,3.2904701232910156,7.0076446533203125,1.6460102796554565,3.71169567303653e-10
2pkea,24,2435,0.9689346551895142,IPR020630,"Tetrahydrofolate dehydrogenase/cyclohydrolase, catalytic domain",10.336833000183105,3.30023455619812,7.036598205566406,1.6471494436264038,0.009747355245053768
2pkea,24,2435,0.9689346551895142,IPR020631,"Tetrahydrofolate dehydrogenase/cyclohydrolase, NAD(P)-binding domain",10.336833000183105,3.30023455619812,7.036598205566406,1.6471494436264038,0.009747355245053768
2pkea,24,2435,0.983668863773346,IPR023753,FAD/NAD(P)-binding domain,11.019079208374023,3.299914598464966,7.719164848327637,1.7394987344741821,0.010306538082659245
2pkea,24,2435,0.9689346551895142,IPR000672,Tetrahydrofolate dehydrogenase/cyclohydrolase,10.336833000183105,3.30023455619812,7.036598205566406,1.6471494436264038,0.009747355245053768
2pkea,24,2435,0.9625798463821411,IPR001980,Phosphopantetheine adenylyltransferase,10.218316078186035,3.2990381717681885,6.919278144836426,1.6310356855392456,0.0012474904069676995
2pkea,24,2435,0.9844576716423035,IPR002347,Short-chain dehydrogenase/reductase SDR,11.370267868041992,3.2904856204986572,8.079782485961914,1.7888894081115723,1.2506049529292795e-09
2pkea,24,2435,0.9683291912078857,IPR050054,Uracil phosphoribosyltransferase/Adenine phosphoribosyltransferase,10.492687225341797,3.2927732467651367,7.19991397857666,1.6720046997070312,1.447864494963369e-08
2pkea,24,2435,0.9504824280738831,IPR029044,Nucleotide-diphospho-sugar transferases,10.371319770812988,3.2760167121887207,7.095303058624268,1.6625804901123047,2.7015699418936277e-20
2pkea,24,2435,0.9600258469581604,IPR029057,Phosphoribosyltransferase-like,10.213268280029297,3.274718761444092,6.938549518585205,1.640997290611267,4.1449623414006965e-23
2pkea,24,2435,0.9500417709350586,IPR046346,"Aminoacid dehydrogenase-like, N-terminal domain superfamily",10.0383882522583,3.2912514209747314,6.747137069702148,1.60881507396698,1.4890816357748804e-09
2pkea,24,2531,0.989310622215271,IPR018257,"Large ribosomal subunit protein bL19, conserved site",9.684374809265137,5.132856845855713,4.551517963409424,0.9158940315246582,0.007813872769474983
2pkea,24,2531,0.9801976680755615,IPR018260,"Large ribosomal subunit protein uL22, conserved site",9.26258659362793,5.132249355316162,4.130337238311768,0.8518210649490356,0.00025765917962417006
2pkea,24,2531,0.9532440304756165,IPR013106,Immunoglobulin V-set domain,9.279446601867676,5.13263463973999,4.1468119621276855,0.8543363213539124,0.014396320097148418
2pkea,24,2531,0.9910374283790588,IPR020040,"Large ribosomal subunit protein uL6, alpha-beta domain",9.763951301574707,5.1332011222839355,4.6307501792907715,0.9276034832000732,0.029246224090456963
2pkea,24,2531,0.9961308836936951,IPR020097,"Pseudouridine synthase I, TruA, alpha/beta domain",10.225260734558105,5.132044315338135,5.093216419219971,0.9945293068885803,0.004215279594063759
2pkea,24,2531,0.9910374283790588,IPR000702,Large ribosomal subunit protein uL6-like,9.763951301574707,5.1332011222839355,4.6307501792907715,0.9276034832000732,0.029246224090456963
2pkea,24,2531,0.9775899648666382,IPR001063,Large ribosomal subunit protein uL22,9.201008796691895,5.129913806915283,4.071094989776611,0.8428546190261841,8.301002196731133e-08
2pkea,24,2531,0.9961308836936951,IPR001406,"Pseudouridine synthase I, TruA",10.225260734558105,5.132044315338135,5.093216419219971,0.9945293068885803,0.004215279594063759
2pkea,24,2531,0.9896835088729858,IPR001857,Large ribosomal subunit protein bL19,9.7021484375,5.1323723793029785,4.5697760581970215,0.9186755418777466,0.0017459839582443237
2pkea,24,2531,0.9835696220397949,IPR005727,"Large ribosomal subunit protein uL22, bacterial/chloroplast-type",9.369921684265137,5.131206512451172,4.238715171813965,0.8687360882759094,1.0471737368789036e-05
2pkea,24,2531,0.9835696220397949,IPR047867,"Large ribosomal subunit protein uL22, bacterial/organelle-type",9.369921684265137,5.131206512451172,4.238715171813965,0.8687360882759094,1.0471737368789036e-05
2pkea,24,2531,0.989299476146698,IPR020094,"Pseudouridine synthase TruA/RsuA/RluB/E/F, N-terminal",9.990004539489746,5.131424427032471,4.858580112457275,0.9611231088638306,0.0004203774151392281
2pkea,24,2531,0.9961308836936951,IPR020095,"Pseudouridine synthase I, TruA, C-terminal",10.225260734558105,5.132044315338135,5.093216419219971,0.9945293068885803,0.004215279594063759
2pkea,24,2531,0.9615062475204468,IPR020103,"Pseudouridine synthase, catalytic domain superfamily",9.092827796936035,5.125003337860107,3.9678244590759277,0.8271732926368713,4.1130601935402897e-14
2pkea,24,2531,0.9775899648666382,IPR036394,Ribosomal protein uL22 superfamily,9.201008796691895,5.129913806915283,4.071094989776611,0.8428546190261841,8.301002196731133e-08
2pkea,24,2531,0.9910374283790588,IPR036789,"Large ribosomal subunit protein uL6-like, alpha-beta domain superfamily",9.763951301574707,5.1332011222839355,4.6307501792907715,0.9276034832000732,0.029246224090456963
2pkea,24,2531,0.9896835088729858,IPR038657,Large ribosomal subunit protein bL19 superfamily,9.7021484375,5.1323723793029785,4.5697760581970215,0.9186755418777466,0.0017459839582443237
2pkea,24,2632,0.9916040897369385,IPR020861,"Triosephosphate isomerase, active site",6.502995014190674,1.333701252937317,5.1692938804626465,2.2856578826904297,0.0025365620385855436
2pkea,24,2632,0.9730085134506226,IPR020612,"Methylthiotransferase, conserved site",5.447465896606445,1.3332265615463257,4.11423921585083,2.0306525230407715,1.1600172911130358e-05
2pkea,24,2632,0.9610602259635925,IPR001279,Metallo-beta-lactamase,5.073150634765625,1.3287241458892822,3.7444264888763428,1.93282949924469,3.4375364425624777e-13
2pkea,24,2632,0.9745675921440125,IPR002792,TRAM domain,5.386782646179199,1.3321294784545898,4.054653167724609,2.015678882598877,1.3437689005968423e-07
2pkea,24,2632,0.9705910682678223,IPR006638,"Elp3/MiaA/NifB-like, radical SAM core domain",5.3902506828308105,1.3161962032318115,4.074054718017578,2.0339667797088623,8.31384272302686e-31
2pkea,24,2632,0.961372435092926,IPR007197,Radical SAM,5.190546035766602,1.3143216371536255,3.8762245178222656,1.9815568923950195,6.011546068372335e-34
2pkea,24,2632,0.9749357104301453,IPR010722,Biotin and thiamin synthesis-associated domain,5.325607776641846,1.3354699611663818,3.990137815475464,1.9955878257751465,0.011839495040476322
2pkea,24,2632,0.9798749089241028,IPR013848,"Methylthiotransferase, N-terminal",5.6023077964782715,1.3333443403244019,4.26896333694458,2.0709609985351562,2.173730536014773e-05
2pkea,24,2632,0.9916040897369385,IPR000652,Triosephosphate isomerase,6.502995014190674,1.333701252937317,5.1692938804626465,2.2856578826904297,0.0025365620385855436
2pkea,24,2632,0.9749357104301453,IPR002684,Biotin synthase/Biotin biosynthesis bifunctional protein BioAB,5.325607776641846,1.3354699611663818,3.990137815475464,1.9955878257751465,0.011839495040476322
2pkea,24,2632,0.9854653477668762,IPR004651,"Histidine biosynthesis, HisF",6.0029296875,1.3349199295043945,4.6680097579956055,2.168902635574341,0.020192457363009453
2pkea,24,2632,0.9798749089241028,IPR005839,Methylthiotransferase,5.6023077964782715,1.3333443403244019,4.26896333694458,2.0709609985351562,2.173730536014773e-05
2pkea,24,2632,0.9901920557022095,IPR006062,Histidine biosynthesis protein,6.336181640625,1.32542085647583,5.01076078414917,2.2571523189544678,1.8645575331648935e-14
2pkea,24,2632,0.9917563199996948,IPR022896,"Triosephosphate isomerase, bacterial/eukaryotic",6.520228862762451,1.3341947793960571,5.186034202575684,2.288942575454712,0.0116582615301013
2pkea,24,2632,0.9928378462791443,IPR023016,HisA/PriA,6.630284786224365,1.3324488401412964,5.297835826873779,2.3149797916412354,0.00010323889000574127
2pkea,24,2632,0.9749357104301453,IPR024177,Biotin synthase,5.325607776641846,1.3354699611663818,3.990137815475464,1.9955878257751465,0.011839495040476322
2pkea,24,2632,0.9924948215484619,IPR044524,"Histidine biosynthesis, HisA-like",6.595377445220947,1.3319810628890991,5.263396263122559,2.307870864868164,2.3009486540104263e-05
2pkea,24,2632,0.9844299554824829,IPR050064,Imidazole glycerol phosphate synthase HisA/HisF,5.942708492279053,1.334542989730835,4.608165740966797,2.15476393699646,0.004953756928443909
2pkea,24,2632,0.9797884821891785,IPR011060,Ribulose-phosphate binding barrel,5.719853401184082,1.307924509048462,4.411929130554199,2.128687858581543,0.0
2pkea,24,2632,0.971956193447113,IPR013785,Aldolase-type TIM barrel,5.263853549957275,1.2429428100585938,4.020910739898682,2.082347869873047,0.0
2pkea,24,2632,0.9713708162307739,IPR023404,"Radical SAM, alpha/beta horseshoe",5.379027366638184,1.3329583406448364,4.046069145202637,2.012702703475952,3.459692152318894e-06
2pkea,24,2632,0.9999884366989136,IPR032675,Leucine-rich repeat domain superfamily,23.370811462402344,1.2840296030044556,22.086782455444336,4.185946464538574,3.257491151820169e-11
2pkea,24,2632,0.9916040897369385,IPR035990,Triosephosphate isomerase superfamily,6.502995014190674,1.333701252937317,5.1692938804626465,2.2856578826904297,0.0025365620385855436
2pkea,24,2632,0.9618321061134338,IPR036866,Ribonuclease Z/Hydroxyacylglutathione hydrolase-like,5.099520206451416,1.3282557725906372,3.7712645530700684,1.9408175945281982,7.747430220148357e-14
2pkea,24,2632,0.9798749089241028,IPR038135,"Methylthiotransferase, N-terminal domain superfamily",5.6023077964782715,1.3333443403244019,4.26896333694458,2.0709609985351562,2.173730536014773e-05
2pkea,24,2632,0.962103009223938,IPR001611,Leucine-rich repeat,22.5555362701416,1.294681429862976,21.260854721069336,4.122801303863525,2.8354829737509135e-06
2pkea,24,2632,0.9996379613876343,IPR003591,"Leucine-rich repeat, typical subtype",25.477434158325195,1.3100374937057495,24.167396545410156,4.281528949737549,0.028479117900133133
2pkea,24,2732,0.9592866897583008,IPR016066,"Alpha-D-phosphohexomutase, conserved site",13.75505542755127,5.125463962554932,8.62959098815918,1.4242045879364014,0.008078851737082005
2pkea,24,2732,0.9836065173149109,IPR000836,Phosphoribosyltransferase domain,14.869607925415039,5.088293075561523,9.781314849853516,1.5471100807189941,6.985169798291248e-26
2pkea,24,2732,0.9552381038665771,IPR004101,"Mur ligase, C-terminal",13.576281547546387,5.118990421295166,8.457290649414062,1.4071544408798218,4.918911145068705e-07
2pkea,24,2732,0.9867922067642212,IPR005122,Uracil-DNA glycosylase-like,14.880859375,5.1264777183532715,9.75438117980957,1.5374152660369873,0.04163167625665665
2pkea,24,2732,0.9643953442573547,IPR005843,"Alpha-D-phosphohexomutase, C-terminal",13.897725105285645,5.125221252441406,8.772503852844238,1.4391597509384155,0.004943718668073416
2pkea,24,2732,0.9603703618049622,IPR005844,"Alpha-D-phosphohexomutase, alpha/beta/alpha domain I",13.78526496887207,5.124545097351074,8.660719871520996,1.4276283979415894,0.0019954207818955183
2pkea,24,2732,0.9691537618637085,IPR005845,"Alpha-D-phosphohexomutase, alpha/beta/alpha domain II",14.02902889251709,5.125889301300049,8.903139114379883,1.4525381326675415,0.011957350187003613
2pkea,24,2732,0.9691537618637085,IPR005846,"Alpha-D-phosphohexomutase, alpha/beta/alpha domain III",14.02902889251709,5.125889301300049,8.903139114379883,1.4525381326675415,0.011957350187003613
2pkea,24,2732,0.9835219979286194,IPR006131,"Aspartate/ornithine carbamoyltransferase, Asp/Orn-binding domain",14.556373596191406,5.124099254608154,9.432273864746094,1.5062777996063232,0.0007505695684812963
2pkea,24,2732,0.9835219979286194,IPR006132,"Aspartate/ornithine carbamoyltransferase, carbamoyl-P binding",14.556373596191406,5.124099254608154,9.432273864746094,1.5062777996063232,0.0007505695684812963
2pkea,24,2732,0.9663386940956116,IPR006151,Quinate/shikimate 5-dehydrogenase/glutamyl-tRNA reductase,14.132863998413086,5.123015403747559,9.009848594665527,1.4639859199523926,0.0002882639819290489
2pkea,24,2732,0.9552381038665771,IPR013221,"Mur ligase, central",13.576281547546387,5.118990421295166,8.457290649414062,1.4071544408798218,4.918911145068705e-07
2pkea,24,2732,0.9958746433258057,IPR020630,"Tetrahydrofolate dehydrogenase/cyclohydrolase, catalytic domain",15.695150375366211,5.123219013214111,10.571931838989258,1.615193486213684,0.0009574431460350752
2pkea,24,2732,0.9958746433258057,IPR020631,"Tetrahydrofolate dehydrogenase/cyclohydrolase, NAD(P)-binding domain",15.695150375366211,5.123219013214111,10.571931838989258,1.615193486213684,0.0009574431460350752
2pkea,24,2732,0.9958746433258057,IPR000672,Tetrahydrofolate dehydrogenase/cyclohydrolase,15.695150375366211,5.123219013214111,10.571931838989258,1.615193486213684,0.0009574431460350752
2pkea,24,2732,0.9608060121536255,IPR001057,Glutamate/acetylglutamate kinase,13.833741188049316,5.12620210647583,8.707538604736328,1.432226300239563,0.025600939989089966
2pkea,24,2732,0.9992274641990662,IPR005765,Uracil phosphoribosyl transferase,16.21744728088379,5.124604225158691,11.092843055725098,1.6620315313339233,0.014529264532029629
2pkea,24,2732,0.9691537618637085,IPR005841,Alpha-D-phosphohexomutase superfamily,14.02902889251709,5.125889301300049,8.903139114379883,1.4525381326675415,0.011957350187003613
2pkea,24,2732,0.9835219979286194,IPR006130,Aspartate/ornithine carbamoyltransferase,14.556373596191406,5.124099254608154,9.432273864746094,1.5062777996063232,0.0007505695684812963
2pkea,24,2732,0.9992274641990662,IPR034332,"Uracil phosphoribosyltransferase, bacterial-type",16.21744728088379,5.124604225158691,11.092843055725098,1.6620315313339233,0.014529264532029629
2pkea,24,2732,0.9848876595497131,IPR050054,Uracil phosphoribosyltransferase/Adenine phosphoribosyltransferase,15.150740623474121,5.114038467407227,10.036702156066895,1.5668506622314453,1.72174230428368e-09
2pkea,24,2732,0.9603703618049622,IPR016055,"Alpha-D-phosphohexomutase, alpha/beta/alpha I/II/III",13.78526496887207,5.124545097351074,8.660719871520996,1.4276283979415894,0.0019954207818955183
2pkea,24,2732,0.9836065173149109,IPR029057,Phosphoribosyltransferase-like,14.869607925415039,5.088293075561523,9.781314849853516,1.5471100807189941,6.985169798291248e-26
2pkea,24,2732,0.9521235823631287,IPR036565,"Mur-like, catalytic domain superfamily",13.494681358337402,5.1183552742004395,8.376325607299805,1.398635983467102,2.1887007051191176e-07
2pkea,24,2732,0.9521235823631287,IPR036615,"Mur ligase, C-terminal domain superfamily",13.494681358337402,5.1183552742004395,8.376325607299805,1.398635983467102,2.1887007051191176e-07
2pkea,24,2732,0.9867922067642212,IPR036895,Uracil-DNA glycosylase-like domain superfamily,14.880859375,5.1264777183532715,9.75438117980957,1.5374152660369873,0.04163167625665665
2pkea,24,2732,0.9603703618049622,IPR036900,"Alpha-D-phosphohexomutase, C-terminal domain superfamily",13.78526496887207,5.124545097351074,8.660719871520996,1.4276283979415894,0.0019954207818955183
2pkea,24,2732,0.9835219979286194,IPR036901,Aspartate/ornithine carbamoyltransferase superfamily,14.556373596191406,5.124099254608154,9.432273864746094,1.5062777996063232,0.0007505695684812963
2pkea,24,2732,0.9815881252288818,IPR046346,"Aminoacid dehydrogenase-like, N-terminal domain superfamily",15.047098159790039,5.110323905944824,9.936774253845215,1.5579957962036133,1.0473830136525919e-11
2pkea,24,2732,0.9686492681503296,IPR046348,SIS domain superfamily,13.93822193145752,5.117199420928955,8.821022033691406,1.4456173181533813,1.9803501061232964e-08
2pkea,24,2997,0.9837990999221802,IPR018171,"Peptidyl-tRNA hydrolase, conserved site",9.89251708984375,3.167022943496704,6.725494384765625,1.6432057619094849,0.0030552714597433805
2pkea,24,2997,0.9977253675460815,IPR018480,"Phospho-N-acetylmuramoyl-pentapeptide transferase, conserved site",11.86551570892334,3.1656041145324707,8.699911117553711,1.9062174558639526,0.016563566401600838
2pkea,24,2997,0.9648451805114746,IPR001279,Metallo-beta-lactamase,8.79012393951416,3.1586365699768066,5.6314873695373535,1.4765770435333252,1.018758211471238e-12
2pkea,24,2997,0.9884126782417297,IPR004843,"Calcineurin-like, phosphoesterase domain",10.271842956542969,3.165703535079956,7.106139183044434,1.6980924606323242,0.00045945795136503875
2pkea,24,2997,0.9734129905700684,IPR017452,"GPCR, rhodopsin-like, 7TM",8.721491813659668,3.156078577041626,5.565413475036621,1.4664372205734253,2.3062147526047114e-16
2pkea,24,2997,0.9655961990356445,IPR024567,Ribonuclease HII/HIII domain,7.8970046043396,3.1683263778686523,4.728678226470947,1.317579984664917,8.367429836653173e-05
2pkea,24,2997,0.9758552312850952,IPR000276,"G protein-coupled receptor, rhodopsin-like",8.816446304321289,3.1568431854248047,5.659603118896484,1.4817101955413818,2.0336236153709573e-15
2pkea,24,2997,0.9973269701004028,IPR000715,"Glycosyl transferase, family 4",11.7509765625,3.1640448570251465,8.586931228637695,1.8929342031478882,0.0008338672341778874
2pkea,24,2997,0.9837990999221802,IPR001328,Peptidyl-tRNA hydrolase,9.89251708984375,3.167022943496704,6.725494384765625,1.6432057619094849,0.0030552714597433805
2pkea,24,2997,0.9655961990356445,IPR001352,Ribonuclease HII/HIII,7.8970046043396,3.1683263778686523,4.728678226470947,1.317579984664917,8.367429836653173e-05
2pkea,24,2997,0.9742713570594788,IPR001806,Small GTPase,8.510498046875,3.1692378520965576,5.341259956359863,1.4251030683517456,0.0074693080969154835
2pkea,24,2997,0.9664665460586548,IPR022898,Ribonuclease HII,7.956111907958984,3.169646978378296,4.786464691162109,1.3277368545532227,0.00405607745051384
2pkea,24,2997,0.952735960483551,IPR012337,Ribonuclease H-like superfamily,7.418886661529541,3.148746967315674,4.270139694213867,1.2364202737808228,7.579161010712083e-30
2pkea,24,2997,0.9519388675689697,IPR029001,Inosine triphosphate pyrophosphatase-like,7.965418338775635,3.169631242752075,4.7957868576049805,1.3294305801391602,0.01626553013920784
2pkea,24,2997,0.9881815314292908,IPR029052,Metallo-dependent phosphatase-like,10.206212997436523,3.165109872817993,7.041103363037109,1.6891155242919922,0.00011007384455297142
2pkea,24,2997,0.9815122485160828,IPR036237,Xylose isomerase-like superfamily,9.487607955932617,3.168304920196533,6.319303035736084,1.5823286771774292,0.01565193571150303
2pkea,24,2997,0.9569672346115112,IPR036397,Ribonuclease H superfamily,7.620090007781982,3.154114007949829,4.465975761413574,1.272568702697754,2.0614939791213024e-22
2pkea,24,2997,0.9837990999221802,IPR036416,Peptidyl-tRNA hydrolase superfamily,9.89251708984375,3.167022943496704,6.725494384765625,1.6432057619094849,0.0030552714597433805
2pkea,24,2997,0.9651982188224792,IPR036866,Ribonuclease Z/Hydroxyacylglutathione hydrolase-like,8.778412818908691,3.1581130027770996,5.620299816131592,1.4748927354812622,2.5860021589385607e-13
2pkea,24,3171,0.9546523094177246,IPR000629,"ATP-dependent RNA helicase DEAD-box, conserved site",14.534465789794922,4.6374077796936035,9.897058486938477,1.6480844020843506,9.857823446424163e-10
2pkea,24,3171,0.9645827412605286,IPR018130,"Small ribosomal subunit protein uS2, conserved site",14.932663917541504,4.645496368408203,10.2871675491333,1.6845638751983643,2.4479646526742727e-05
2pkea,24,3171,0.993830680847168,IPR006131,"Aspartate/ornithine carbamoyltransferase, Asp/Orn-binding domain",17.468137741088867,4.645299911499023,12.822837829589844,1.9108790159225464,0.00025703347637318075
2pkea,24,3171,0.993830680847168,IPR006132,"Aspartate/ornithine carbamoyltransferase, carbamoyl-P binding",17.468137741088867,4.645299911499023,12.822837829589844,1.9108790159225464,0.00025703347637318075
2pkea,24,3171,0.9538111686706543,IPR011545,DEAD/DEAH-box helicase domain,14.467933654785156,4.632675647735596,9.835258483886719,1.6429381370544434,2.2541246213342303e-12
2pkea,24,3171,0.9543413519859314,IPR014014,"RNA helicase, DEAD-box type, Q motif",14.525995254516602,4.637433052062988,9.888562202453613,1.6472355127334595,1.0378207182526467e-09
2pkea,24,3171,0.9959529042243958,IPR020630,"Tetrahydrofolate dehydrogenase/cyclohydrolase, catalytic domain",17.77506446838379,4.646092891693115,13.128971099853516,1.93576180934906,0.0009276043274439871
2pkea,24,3171,0.9959529042243958,IPR020631,"Tetrahydrofolate dehydrogenase/cyclohydrolase, NAD(P)-binding domain",17.77506446838379,4.646092891693115,13.128971099853516,1.93576180934906,0.0009276043274439871
2pkea,24,3171,0.9959529042243958,IPR000672,Tetrahydrofolate dehydrogenase/cyclohydrolase,17.77506446838379,4.646092891693115,13.128971099853516,1.93576180934906,0.0009276043274439871
2pkea,24,3171,0.964824914932251,IPR001865,Small ribosomal subunit protein uS2,14.942116737365723,4.644444465637207,10.297672271728516,1.6858035326004028,6.387822395481635e-06
2pkea,24,3171,0.9837374091148376,IPR001980,Phosphopantetheine adenylyltransferase,16.23480987548828,4.646239280700684,11.588570594787598,1.8049520254135132,0.00017188074707519263
2pkea,24,3171,0.9936196208000183,IPR002082,Aspartate carbamoyltransferase,17.456098556518555,4.649169445037842,12.806928634643555,1.908683180809021,0.022945139557123184
2pkea,24,3171,0.9671787619590759,IPR005706,"Small ribosomal subunit protein uS2, bacteria/mitochondria/plastid",15.077392578125,4.650415897369385,10.426977157592773,1.696952223777771,0.014030491933226585
2pkea,24,3171,0.993830680847168,IPR006130,Aspartate/ornithine carbamoyltransferase,17.468137741088867,4.645299911499023,12.822837829589844,1.9108790159225464,0.00025703347637318075
2pkea,24,3171,0.964824914932251,IPR023591,"Small ribosomal subunit protein uS2, flavodoxin-like domain superfamily",14.942116737365723,4.644444465637207,10.297672271728516,1.6858035326004028,6.387822395481635e-06
2pkea,24,3171,0.993830680847168,IPR036901,Aspartate/ornithine carbamoyltransferase superfamily,17.468137741088867,4.645299911499023,12.822837829589844,1.9108790159225464,0.00025703347637318075
2pkea,24,3171,0.9645553231239319,IPR046346,"Aminoacid dehydrogenase-like, N-terminal domain superfamily",16.096477508544922,4.6327080726623535,11.463769912719727,1.796814203262329,1.8811727175993553e-10
2pkea,24,3384,0.9822819828987122,IPR004160,"Translation elongation factor EFTu/EF1A, C-terminal",4.9468674659729,1.381628394126892,3.5652389526367188,1.8401352167129517,0.0001543588296044618
2pkea,24,3384,0.9847370982170105,IPR020097,"Pseudouridine synthase I, TruA, alpha/beta domain",5.1798176765441895,1.3823494911193848,3.7974681854248047,1.9057685136795044,0.00919371284544468
2pkea,24,3384,0.985236644744873,IPR033704,"dUTPase, trimeric",5.318704128265381,1.381352186203003,3.937351942062378,1.9449831247329712,0.0004795913118869066
2pkea,24,3384,0.9822819828987122,IPR033720,"Elongation factor Tu, domain 2",4.9468674659729,1.381628394126892,3.5652389526367188,1.8401352167129517,0.0001543588296044618
2pkea,24,3384,0.9822819828987122,IPR041709,"Elongation factor Tu (EF-Tu), GTP-binding domain",4.9468674659729,1.381628394126892,3.5652389526367188,1.8401352167129517,0.0001543588296044618
2pkea,24,3384,0.9643335342407227,IPR000597,Large ribosomal subunit protein uL3,3.6469523906707764,1.3844258785247803,2.262526512145996,1.3973931074142456,0.01465081050992012
2pkea,24,3384,0.9847370982170105,IPR001406,"Pseudouridine synthase I, TruA",5.1798176765441895,1.3823494911193848,3.7974681854248047,1.9057685136795044,0.00919371284544468
2pkea,24,3384,0.9822819828987122,IPR004541,"Translation elongation factor EFTu/EF1A, bacterial/organelle",4.9468674659729,1.381628394126892,3.5652389526367188,1.8401352167129517,0.0001543588296044618
2pkea,24,3384,0.9685695171356201,IPR019927,"Large ribosomal subunit protein uL3, bacterial/organelle-type",3.721419334411621,1.3845405578613281,2.336878776550293,1.4264352321624756,0.038540422916412354
2pkea,24,3384,0.9822819828987122,IPR050055,Elongation factor Tu GTPase,4.9468674659729,1.381628394126892,3.5652389526367188,1.8401352167129517,0.0001543588296044618
2pkea,24,3384,0.9833987951278687,IPR009001,"Translation elongation factor EF1A/initiation factor IF2gamma, C-terminal",5.056413650512695,1.3795892000198364,3.6768245697021484,1.8738652467727661,1.044040018882697e-07
2pkea,24,3384,0.9664930701255798,IPR009003,"Peptidase S1, PA clan",3.7244579792022705,1.3845360279083252,2.3399219512939453,1.4276174306869507,0.04617355763912201
2pkea,24,3384,0.9968670606613159,IPR013780,"Glycosyl hydrolase, all-beta",9.617767333984375,1.376508116722107,8.241259574890137,2.804678440093994,0.014005019329488277
2pkea,24,3384,0.9623688459396362,IPR014756,Immunoglobulin E-set,6.160982131958008,1.3732037544250488,4.787778377532959,2.1656041145324707,4.949776352680679e-11
2pkea,24,3384,0.9776797294616699,IPR020094,"Pseudouridine synthase TruA/RsuA/RluB/E/F, N-terminal",4.890912055969238,1.3820807933807373,3.508831262588501,1.8232511281967163,0.0010300741996616125
2pkea,24,3384,0.9847370982170105,IPR020095,"Pseudouridine synthase I, TruA, C-terminal",5.1798176765441895,1.3823494911193848,3.7974681854248047,1.9057685136795044,0.00919371284544468
2pkea,24,3384,0.985236644744873,IPR036157,dUTPase-like superfamily,5.318704128265381,1.381352186203003,3.937351942062378,1.9449831247329712,0.0004795913118869066
2pkea,24,3775,0.9916872978210449,IPR018130,"Small ribosomal subunit protein uS2, conserved site",3.896949291229248,0.8710963129997253,3.025852918624878,2.161424398422241,3.840389695142221e-08
2pkea,24,3775,0.9819926619529724,IPR020937,SecA conserved site,3.4553418159484863,0.8738364577293396,2.581505298614502,1.9833767414093018,0.007997807115316391
2pkea,24,3775,0.960590660572052,IPR001048,Aspartate/glutamate/uridylate kinase,3.1004788875579834,0.8696426749229431,2.2308361530303955,1.8339797258377075,6.312486357874835e-15
2pkea,24,3775,0.9524651765823364,IPR004101,"Mur ligase, C-terminal",2.904843807220459,0.8723694682121277,2.0324742794036865,1.7354328632354736,2.9537890355868512e-08
2pkea,24,3775,0.9819605350494385,IPR011115,"SecA DEAD-like, N-terminal",3.4509689807891846,0.8730682134628296,2.5779008865356445,1.9828187227249146,7.368961087195203e-05
2pkea,24,3775,0.9819605350494385,IPR011116,SecA Wing/Scaffold,3.4509689807891846,0.8730682134628296,2.5779008865356445,1.9828187227249146,7.368961087195203e-05
2pkea,24,3775,0.9819605350494385,IPR011130,"SecA, preprotein cross-linking domain",3.4509689807891846,0.8730682134628296,2.5779008865356445,1.9828187227249146,7.368961087195203e-05
2pkea,24,3775,0.9524651765823364,IPR013221,"Mur ligase, central",2.904843807220459,0.8723694682121277,2.0324742794036865,1.7354328632354736,2.9537890355868512e-08
2pkea,24,3775,0.9819605350494385,IPR014018,SecA motor DEAD,3.4509689807891846,0.8730682134628296,2.5779008865356445,1.9828187227249146,7.368961087195203e-05
2pkea,24,3775,0.9727389216423035,IPR015967,"Recombination protein RecR, zinc finger domain",3.253159523010254,0.8734050989151001,2.3797545433044434,1.8971021175384521,0.00020176972611807287
2pkea,24,3775,0.9698770046234131,IPR018484,"Carbohydrate kinase FGGY, N-terminal",3.2206053733825684,0.8729901313781738,2.3476152420043945,1.8832781314849854,1.4168606867315248e-05
2pkea,24,3775,0.9713802337646484,IPR018485,"Carbohydrate kinase FGGY, C-terminal",3.2527832984924316,0.8726903200149536,2.3800930976867676,1.8981164693832397,2.667293301783502e-06
2pkea,24,3775,0.9879494905471802,IPR020630,"Tetrahydrofolate dehydrogenase/cyclohydrolase, catalytic domain",3.62567138671875,0.8730463981628418,2.752624988555908,2.0541012287139893,0.00018774732598103583
2pkea,24,3775,0.9879494905471802,IPR020631,"Tetrahydrofolate dehydrogenase/cyclohydrolase, NAD(P)-binding domain",3.62567138671875,0.8730463981628418,2.752624988555908,2.0541012287139893,0.00018774732598103583
2pkea,24,3775,0.9727389216423035,IPR034137,"RecR, TOPRIM domain",3.253159523010254,0.8734050989151001,2.3797545433044434,1.8971021175384521,0.00020176972611807287
2pkea,24,3775,0.9819605350494385,IPR044722,"SecA, C-terminal helicase domain",3.4509689807891846,0.8730682134628296,2.5779008865356445,1.9828187227249146,7.368961087195203e-05
2pkea,24,3775,0.9727389216423035,IPR000093,DNA recombination protein RecR,3.253159523010254,0.8734050989151001,2.3797545433044434,1.8971021175384521,0.00020176972611807287
2pkea,24,3775,0.9819605350494385,IPR000185,Protein translocase subunit SecA,3.4509689807891846,0.8730682134628296,2.5779008865356445,1.9828187227249146,7.368961087195203e-05
2pkea,24,3775,0.9723919034004211,IPR000577,"Carbohydrate kinase, FGGY",3.2438085079193115,0.8738958239555359,2.369912624359131,1.892138957977295,0.004223801661282778
2pkea,24,3775,0.9879494905471802,IPR000672,Tetrahydrofolate dehydrogenase/cyclohydrolase,3.62567138671875,0.8730463981628418,2.752624988555908,2.0541012287139893,0.00018774732598103583
2pkea,24,3775,0.9689909815788269,IPR001057,Glutamate/acetylglutamate kinase,3.1788532733917236,0.8737624883651733,2.30509090423584,1.8631768226623535,0.0013272690121084452
2pkea,24,3775,0.9917591214179993,IPR001865,Small ribosomal subunit protein uS2,3.8928887844085693,0.870802104473114,3.0220866203308105,2.160407781600952,7.55616191838726e-09
2pkea,24,3775,0.9934739470481873,IPR005706,"Small ribosomal subunit protein uS2, bacteria/mitochondria/plastid",4.0078125,0.8724339604377747,3.13537859916687,2.1996805667877197,0.00010470511188032106
2pkea,24,3775,0.9989182353019714,IPR023214,HAD superfamily,9.80406665802002,0.8559752106666565,8.948091506958008,3.5177226066589355,9.601602846132096e-11
2pkea,24,3775,0.9917591214179993,IPR023591,"Small ribosomal subunit protein uS2, flavodoxin-like domain superfamily",3.8928887844085693,0.870802104473114,3.0220866203308105,2.160407781600952,7.55616191838726e-09
2pkea,24,3775,0.9727389216423035,IPR023627,Recombination protein RecR,3.253159523010254,0.8734050989151001,2.3797545433044434,1.8971021175384521,0.00020176972611807287
2pkea,24,3775,0.9819605350494385,IPR036266,"SecA, Wing/Scaffold superfamily",3.4509689807891846,0.8730682134628296,2.5779008865356445,1.9828187227249146,7.368961087195203e-05
2pkea,24,3775,0.960590660572052,IPR036393,Acetylglutamate kinase-like superfamily,3.1004788875579834,0.8696426749229431,2.2308361530303955,1.8339797258377075,6.312486357874835e-15
2pkea,24,3775,0.9987972378730774,IPR036412,HAD-like superfamily,9.787249565124512,0.8569108247756958,8.930338859558105,3.513669729232788,5.144730197415015e-10
2pkea,24,3775,0.9528620839118958,IPR036565,"Mur-like, catalytic domain superfamily",2.9097657203674316,0.8721528649330139,2.0376129150390625,1.7382335662841797,7.073729602069534e-09
2pkea,24,3775,0.9528620839118958,IPR036615,"Mur ligase, C-terminal domain superfamily",2.9097657203674316,0.8721528649330139,2.0376129150390625,1.7382335662841797,7.073729602069534e-09
2pkea,24,3775,0.9819605350494385,IPR036670,"SecA, preprotein cross-linking domain superfamily",3.4509689807891846,0.8730682134628296,2.5779008865356445,1.9828187227249146,7.368961087195203e-05
2pkea,24,3775,0.9593881368637085,IPR046346,"Aminoacid dehydrogenase-like, N-terminal domain superfamily",3.187143087387085,0.8705007433891296,2.3166422843933105,1.8723297119140625,9.066579084726634e-12
2pkea,24,3959,0.9619989991188049,IPR019972,"Large ribosomal subunit protein uL14, conserved site",4.128515720367432,2.2408831119537354,1.8876326084136963,0.8815492987632751,1.9198881773263565e-07
2pkea,24,3959,0.9736859798431396,IPR001305,"Heat shock protein DnaJ, cysteine-rich domain",4.490075588226318,2.2415549755096436,2.248520612716675,1.0022333860397339,0.0005084461299702525
2pkea,24,3959,0.9741666913032532,IPR002939,"Chaperone DnaJ, C-terminal",4.511978626251221,2.241288185119629,2.270690441131592,1.0094256401062012,0.00012288111611269414
2pkea,24,3959,0.9620276093482971,IPR000218,Large ribosomal subunit protein uL14,4.135323524475098,2.2402963638305664,1.8950271606445312,0.8843041062355042,3.960177963335809e-09
2pkea,24,3959,0.961308479309082,IPR005745,"Large ribosomal subunit protein uL14, bacterial-type",4.111545085906982,2.2405507564544678,1.8709943294525146,0.8758207559585571,1.6063271601751694e-08
2pkea,24,3959,0.9736859798431396,IPR012724,Chaperone DnaJ,4.490075588226318,2.2415549755096436,2.248520612716675,1.0022333860397339,0.0005084461299702525
2pkea,24,3959,0.9741666913032532,IPR008971,HSP40/DnaJ peptide-binding,4.511978626251221,2.241288185119629,2.270690441131592,1.0094256401062012,0.00012288111611269414
2pkea,24,3959,0.9736859798431396,IPR036410,"Heat shock protein DnaJ, cysteine-rich domain superfamily",4.490075588226318,2.2415549755096436,2.248520612716675,1.0022333860397339,0.0005084461299702525
2pkea,24,3959,0.9620276093482971,IPR036853,Large ribosomal subunit protein uL14 superfamily,4.135323524475098,2.2402963638305664,1.8950271606445312,0.8843041062355042,3.960177963335809e-09
2pkea,28,817,0.960261344909668,IPR033690,"Adenylate kinase, conserved site",9.562294006347656,6.29983377456665,3.262460231781006,0.602040708065033,0.0005563640734180808
2pkea,28,817,0.9541727900505066,IPR049704,Aminotransferases class-III pyridoxal-phosphate attachment site,9.4269437789917,6.299464225769043,3.1274795532226562,0.5815587043762207,8.600758155807853e-05
2pkea,28,817,0.9906025528907776,IPR006204,GHMP kinase N-terminal domain,10.901474952697754,6.299129009246826,4.602345943450928,0.7912967801094055,0.006956608034670353
2pkea,28,817,0.9901326298713684,IPR013750,"GHMP kinase, C-terminal domain",10.890810012817383,6.299604415893555,4.591205596923828,0.7897757887840271,0.03156489133834839
2pkea,28,817,0.973388671875,IPR016009,tRNA methyltransferase TRMD/TRM10-type domain,9.83642578125,6.300374507904053,3.5360512733459473,0.6426942944526672,0.008115938864648342
2pkea,28,817,0.9962243437767029,IPR020097,"Pseudouridine synthase I, TruA, alpha/beta domain",11.103906631469727,6.298824787139893,4.805081844329834,0.8179104328155518,0.004179853014647961
2pkea,28,817,0.9604558944702148,IPR000850,Adenylate kinase/UMP-CMP kinase,9.562891006469727,6.299505710601807,3.26338529586792,0.6022058725357056,0.00014974750229157507
2pkea,28,817,0.9962243437767029,IPR001406,"Pseudouridine synthase I, TruA",11.103906631469727,6.298824787139893,4.805081844329834,0.8179104328155518,0.004179853014647961
2pkea,28,817,0.973388671875,IPR002649,tRNA (guanine-N1-)-methyltransferase TrmD,9.83642578125,6.300374507904053,3.5360512733459473,0.6426942944526672,0.008115938864648342
2pkea,28,817,0.9559094905853271,IPR005814,Aminotransferase class-III,9.460980415344238,6.298759460449219,3.1622209548950195,0.5869197249412537,5.613482244370971e-06
2pkea,28,817,0.9627896547317505,IPR006259,Adenylate kinase subfamily,9.58088207244873,6.300455570220947,3.280426502227783,0.6047000288963318,0.005793810356408358
2pkea,28,817,0.9836692810058594,IPR020094,"Pseudouridine synthase TruA/RsuA/RluB/E/F, N-terminal",10.808823585510254,6.298364639282227,4.510458946228027,0.7791580557823181,0.0007425696239806712
2pkea,28,817,0.9962243437767029,IPR020095,"Pseudouridine synthase I, TruA, C-terminal",11.103906631469727,6.298824787139893,4.805081844329834,0.8179104328155518,0.004179853014647961
2pkea,28,817,0.973388671875,IPR023148,"tRNA (guanine-N(1)-)-methyltransferase, C-terminal domain superfamily",9.83642578125,6.300374507904053,3.5360512733459473,0.6426942944526672,0.008115938864648342
2pkea,28,817,0.9519652128219604,IPR029026,"tRNA (guanine-N1-)-methyltransferase, N-terminal",9.46374225616455,6.2936692237854,3.1700730323791504,0.5885071754455566,2.469885732568622e-14
2pkea,28,817,0.9519652128219604,IPR029028,Alpha/beta knot methyltransferases,9.46374225616455,6.2936692237854,3.1700730323791504,0.5885071754455566,2.469885732568622e-14
2pkea,28,817,0.9903376698493958,IPR036554,"GHMP kinase, C-terminal domain superfamily",10.860514640808105,6.298733234405518,4.561781406402588,0.7859565615653992,0.0016399630112573504
2pkea,28,862,0.9530203938484192,IPR018130,"Small ribosomal subunit protein uS2, conserved site",12.952753067016602,5.271970748901367,7.680782318115234,1.2968417406082153,9.562217019265518e-05
2pkea,28,862,0.956845760345459,IPR004821,Cytidyltransferase-like domain,13.3087797164917,5.258313179016113,8.050466537475586,1.3397035598754883,1.0188495826093241e-13
2pkea,28,862,0.9704621434211731,IPR001806,Small GTPase,13.780029296875,5.274491310119629,8.505537986755371,1.3854724168777466,0.010396311990916729
2pkea,28,862,0.9525934457778931,IPR001865,Small ribosomal subunit protein uS2,12.939986228942871,5.271229267120361,7.66875696182251,1.2956219911575317,2.8865177227999084e-05
2pkea,28,862,0.9591681957244873,IPR001980,Phosphopantetheine adenylyltransferase,13.15147590637207,5.273921012878418,7.877554893493652,1.3182741403579712,0.0022073581349104643
2pkea,28,862,0.982482373714447,IPR003742,RNA methyltransferase RlmH,14.001301765441895,5.272387981414795,8.728914260864258,1.4090297222137451,0.00019694006186909974
2pkea,28,862,0.9884771704673767,IPR006062,Histidine biosynthesis protein,14.2803955078125,5.259232521057129,9.021162986755371,1.4411089420318604,1.6815048702392699e-13
2pkea,28,862,0.991229236125946,IPR023016,HisA/PriA,14.499540328979492,5.272413730621338,9.227127075195312,1.4594688415527344,0.0003363605646882206
2pkea,28,862,0.990658164024353,IPR044524,"Histidine biosynthesis, HisA-like",14.461588859558105,5.2715582847595215,9.190031051635742,1.4559218883514404,8.211746899178252e-05
2pkea,28,862,0.9642242789268494,IPR050054,Uracil phosphoribosyltransferase/Adenine phosphoribosyltransferase,13.392228126525879,5.266974449157715,8.125253677368164,1.3463469743728638,3.6855208662700534e-08
2pkea,28,862,0.980313777923584,IPR050064,Imidazole glycerol phosphate synthase HisA/HisF,13.936718940734863,5.275107383728027,8.661611557006836,1.401615858078003,0.017031630501151085
2pkea,28,862,0.9591169357299805,IPR011060,Ribulose-phosphate binding barrel,13.36513614654541,5.2262444496154785,8.138891220092773,1.3546252250671387,2.8394617057089303e-35
2pkea,28,862,0.9525934457778931,IPR023591,"Small ribosomal subunit protein uS2, flavodoxin-like domain superfamily",12.939986228942871,5.271229267120361,7.66875696182251,1.2956219911575317,2.8865177227999084e-05
2pkea,28,896,0.9635949730873108,IPR018130,"Small ribosomal subunit protein uS2, conserved site",14.350818634033203,5.619496822357178,8.731321334838867,1.352617621421814,2.7720434445654973e-05
2pkea,28,896,0.980474054813385,IPR001926,"Tryptophan synthase beta chain-like, PALP domain",15.057063102722168,5.623682498931885,9.433380126953125,1.4208507537841797,0.016843127086758614
2pkea,28,896,0.9526917338371277,IPR004101,"Mur ligase, C-terminal",13.956804275512695,5.616982936859131,8.339820861816406,1.3130987882614136,6.8283537757452e-07
2pkea,28,896,0.9700160622596741,IPR004821,Cytidyltransferase-like domain,14.742233276367188,5.6040215492248535,9.138212203979492,1.3954181671142578,6.689355880063743e-15
2pkea,28,896,0.9526917338371277,IPR013221,"Mur ligase, central",13.956804275512695,5.616982936859131,8.339820861816406,1.3130987882614136,6.8283537757452e-07
2pkea,28,896,0.9566203951835632,IPR001557,L-lactate/malate dehydrogenase,14.075060844421387,5.623465538024902,8.451595306396484,1.3236072063446045,0.0102493055164814
2pkea,28,896,0.9651642441749573,IPR001865,Small ribosomal subunit protein uS2,14.436966896057129,5.618431091308594,8.818535804748535,1.3615258932113647,6.167604624351952e-06
2pkea,28,896,0.9872214198112488,IPR001980,Phosphopantetheine adenylyltransferase,15.187933921813965,5.62061071395874,9.567323684692383,1.434124231338501,0.00011926092702196911
2pkea,28,896,0.9575653076171875,IPR003742,RNA methyltransferase RlmH,14.10763931274414,5.622559070587158,8.48508071899414,1.3271751403808594,0.0026039155200123787
2pkea,28,896,0.9810822606086731,IPR005706,"Small ribosomal subunit protein uS2, bacteria/mitochondria/plastid",14.8427734375,5.623081684112549,9.21969223022461,1.4003251791000366,0.00387209584005177
2pkea,28,896,0.9651642441749573,IPR023591,"Small ribosomal subunit protein uS2, flavodoxin-like domain superfamily",14.436966896057129,5.618431091308594,8.818535804748535,1.3615258932113647,6.167604624351952e-06
2pkea,28,896,0.9521724581718445,IPR029026,"tRNA (guanine-N1-)-methyltransferase, N-terminal",14.009014129638672,5.605057239532471,8.40395736694336,1.3215519189834595,2.261006560742764e-14
2pkea,28,896,0.9521724581718445,IPR029028,Alpha/beta knot methyltransferases,14.009014129638672,5.605057239532471,8.40395736694336,1.3215519189834595,2.261006560742764e-14
2pkea,28,896,0.980474054813385,IPR036052,"Tryptophan synthase beta chain-like, PALP domain superfamily",15.057063102722168,5.623682498931885,9.433380126953125,1.4208507537841797,0.016843127086758614
2pkea,28,896,0.9535735249519348,IPR036565,"Mur-like, catalytic domain superfamily",13.976795196533203,5.616094589233398,8.360700607299805,1.3153918981552124,1.735787833467839e-07
2pkea,28,896,0.9535735249519348,IPR036615,"Mur ligase, C-terminal domain superfamily",13.976795196533203,5.616094589233398,8.360700607299805,1.3153918981552124,1.735787833467839e-07
2pkea,28,2136,0.9578797221183777,IPR004160,"Translation elongation factor EFTu/EF1A, C-terminal",7.44822359085083,4.582247734069824,2.865975856781006,0.7008377909660339,0.002576325787231326
2pkea,28,2136,0.9578797221183777,IPR033720,"Elongation factor Tu, domain 2",7.44822359085083,4.582247734069824,2.865975856781006,0.7008377909660339,0.002576325787231326
2pkea,28,2136,0.9578797221183777,IPR041709,"Elongation factor Tu (EF-Tu), GTP-binding domain",7.44822359085083,4.582247734069824,2.865975856781006,0.7008377909660339,0.002576325787231326
2pkea,28,2136,0.9578797221183777,IPR004541,"Translation elongation factor EFTu/EF1A, bacterial/organelle",7.44822359085083,4.582247734069824,2.865975856781006,0.7008377909660339,0.002576325787231326
2pkea,28,2136,0.9578797221183777,IPR050055,Elongation factor Tu GTPase,7.44822359085083,4.582247734069824,2.865975856781006,0.7008377909660339,0.002576325787231326
2pkea,28,2402,0.9696715474128723,IPR004821,Cytidyltransferase-like domain,13.5588960647583,4.653404712677002,8.90549087524414,1.5428780317306519,7.511503422844186e-15
2pkea,28,2402,0.9524102807044983,IPR005843,"Alpha-D-phosphohexomutase, C-terminal",12.415785789489746,4.673192501068115,7.742593288421631,1.4096921682357788,0.015563529916107655
2pkea,28,2402,0.9600830078125,IPR005845,"Alpha-D-phosphohexomutase, alpha/beta/alpha domain II",12.645532608032227,4.673599720001221,7.971932888031006,1.4360185861587524,0.027404436841607094
2pkea,28,2402,0.9600830078125,IPR005846,"Alpha-D-phosphohexomutase, alpha/beta/alpha domain III",12.645532608032227,4.673599720001221,7.971932888031006,1.4360185861587524,0.027404436841607094
2pkea,28,2402,0.9841436147689819,IPR006131,"Aspartate/ornithine carbamoyltransferase, Asp/Orn-binding domain",13.916360855102539,4.670637130737305,9.245723724365234,1.5750876665115356,0.0007073797169141471
2pkea,28,2402,0.9841436147689819,IPR006132,"Aspartate/ornithine carbamoyltransferase, carbamoyl-P binding",13.916360855102539,4.670637130737305,9.245723724365234,1.5750876665115356,0.0007073797169141471
2pkea,28,2402,0.9761775135993958,IPR020630,"Tetrahydrofolate dehydrogenase/cyclohydrolase, catalytic domain",13.396158218383789,4.672397136688232,8.723760604858398,1.5195814371109009,0.006256488151848316
2pkea,28,2402,0.9761775135993958,IPR020631,"Tetrahydrofolate dehydrogenase/cyclohydrolase, NAD(P)-binding domain",13.396158218383789,4.672397136688232,8.723760604858398,1.5195814371109009,0.006256488151848316
2pkea,28,2402,0.9761775135993958,IPR000672,Tetrahydrofolate dehydrogenase/cyclohydrolase,13.396158218383789,4.672397136688232,8.723760604858398,1.5195814371109009,0.006256488151848316
2pkea,28,2402,0.9816614389419556,IPR001980,Phosphopantetheine adenylyltransferase,13.92795181274414,4.6696906089782715,9.258260726928711,1.5765811204910278,0.0002205487253377214
2pkea,28,2402,0.9600830078125,IPR005841,Alpha-D-phosphohexomutase superfamily,12.645532608032227,4.673599720001221,7.971932888031006,1.4360185861587524,0.027404436841607094
2pkea,28,2402,0.9841436147689819,IPR006130,Aspartate/ornithine carbamoyltransferase,13.916360855102539,4.670637130737305,9.245723724365234,1.5750876665115356,0.0007073797169141471
2pkea,28,2402,0.9841436147689819,IPR036901,Aspartate/ornithine carbamoyltransferase superfamily,13.916360855102539,4.670637130737305,9.245723724365234,1.5750876665115356,0.0007073797169141471
2pkea,28,2402,0.958206295967102,IPR046346,"Aminoacid dehydrogenase-like, N-terminal domain superfamily",12.913717269897461,4.661598205566406,8.252119064331055,1.470004677772522,5.703507111043393e-10
2pkea,28,3139,0.9668751358985901,IPR018171,"Peptidyl-tRNA hydrolase, conserved site",12.076416015625,4.131287574768066,7.945128440856934,1.547525405883789,0.0147746866568923
2pkea,28,3139,0.9674854874610901,IPR020556,"Amidase, conserved site",12.088062286376953,4.13126802444458,7.956794261932373,1.5489228963851929,0.01397133618593216
2pkea,28,3139,0.9578494429588318,IPR004821,Cytidyltransferase-like domain,11.626337051391602,4.116211891174316,7.510125160217285,1.4980039596557617,8.698500497368936e-14
2pkea,28,3139,0.9857699275016785,IPR006131,"Aspartate/ornithine carbamoyltransferase, Asp/Orn-binding domain",13.114277839660645,4.128723621368408,8.985553741455078,1.6673671007156372,0.0006002314621582627
2pkea,28,3139,0.9857699275016785,IPR006132,"Aspartate/ornithine carbamoyltransferase, carbamoyl-P binding",13.114277839660645,4.128723621368408,8.985553741455078,1.6673671007156372,0.0006002314621582627
2pkea,28,3139,0.9581964015960693,IPR017926,Glutamine amidotransferase,11.644733428955078,4.123692512512207,7.521040916442871,1.497665524482727,2.5736699882372704e-08
2pkea,28,3139,0.984666109085083,IPR020630,"Tetrahydrofolate dehydrogenase/cyclohydrolase, catalytic domain",13.048176765441895,4.129729747772217,8.918447494506836,1.659725546836853,0.0028139520436525345
2pkea,28,3139,0.984666109085083,IPR020631,"Tetrahydrofolate dehydrogenase/cyclohydrolase, NAD(P)-binding domain",13.048176765441895,4.129729747772217,8.918447494506836,1.659725546836853,0.0028139520436525345
2pkea,28,3139,0.9661895632743835,IPR023631,Amidase signature domain,12.022311210632324,4.130583763122559,7.891727447509766,1.5412931442260742,0.004166188649833202
2pkea,28,3139,0.9661895632743835,IPR000120,Amidase,12.022311210632324,4.130583763122559,7.891727447509766,1.5412931442260742,0.004166188649833202
2pkea,28,3139,0.984666109085083,IPR000672,Tetrahydrofolate dehydrogenase/cyclohydrolase,13.048176765441895,4.129729747772217,8.918447494506836,1.659725546836853,0.0028139520436525345
2pkea,28,3139,0.9668751358985901,IPR001328,Peptidyl-tRNA hydrolase,12.076416015625,4.131287574768066,7.945128440856934,1.547525405883789,0.0147746866568923
2pkea,28,3139,0.959708034992218,IPR001980,Phosphopantetheine adenylyltransferase,11.71875,4.130340576171875,7.588409423828125,1.5044825077056885,0.002139604650437832
2pkea,28,3139,0.9851899743080139,IPR002082,Aspartate carbamoyltransferase,13.084077835083008,4.131465911865234,8.952611923217773,1.6630830764770508,0.04770264774560928
2pkea,28,3139,0.9665809273719788,IPR004412,Glutamyl-tRNA(Gln) amidotransferase A subunit,12.04079532623291,4.131344318389893,7.909451007843018,1.5432440042495728,0.01517790462821722
2pkea,28,3139,0.9857699275016785,IPR006130,Aspartate/ornithine carbamoyltransferase,13.114277839660645,4.128723621368408,8.985553741455078,1.6673671007156372,0.0006002314621582627
2pkea,28,3139,0.9514068961143494,IPR029062,Class I glutamine amidotransferase-like,11.669821739196777,4.10998010635376,7.559841632843018,1.5055756568908691,1.794199416380595e-17
2pkea,28,3139,0.9668751358985901,IPR036416,Peptidyl-tRNA hydrolase superfamily,12.076416015625,4.131287574768066,7.945128440856934,1.547525405883789,0.0147746866568923
2pkea,28,3139,0.9857699275016785,IPR036901,Aspartate/ornithine carbamoyltransferase superfamily,13.114277839660645,4.128723621368408,8.985553741455078,1.6673671007156372,0.0006002314621582627
2pkea,28,3139,0.9661895632743835,IPR036928,Amidase signature (AS) superfamily,12.022311210632324,4.130583763122559,7.891727447509766,1.5412931442260742,0.004166188649833202
2pkea,28,3755,0.9689913988113403,IPR020625,"Schiff base-forming aldolase, active site",15.056568145751953,4.12684965133667,10.929718017578125,1.867276668548584,0.0007465359522029757
2pkea,28,3755,0.985004186630249,IPR020861,"Triosephosphate isomerase, active site",16.655467987060547,4.127730846405029,12.52773666381836,2.0125715732574463,0.010455229319632053
2pkea,28,3755,0.9787521362304688,IPR006131,"Aspartate/ornithine carbamoyltransferase, Asp/Orn-binding domain",15.921722412109375,4.126470565795898,11.795251846313477,1.9480125904083252,0.001094227540306747
2pkea,28,3755,0.9787521362304688,IPR006132,"Aspartate/ornithine carbamoyltransferase, carbamoyl-P binding",15.921722412109375,4.126470565795898,11.795251846313477,1.9480125904083252,0.001094227540306747
2pkea,28,3755,0.992112398147583,IPR020630,"Tetrahydrofolate dehydrogenase/cyclohydrolase, catalytic domain",18.045818328857422,4.124248027801514,13.92156982421875,2.129457950592041,0.0012469383655115962
2pkea,28,3755,0.992112398147583,IPR020631,"Tetrahydrofolate dehydrogenase/cyclohydrolase, NAD(P)-binding domain",18.045818328857422,4.124248027801514,13.92156982421875,2.129457950592041,0.0012469383655115962
2pkea,28,3755,0.985004186630249,IPR000652,Triosephosphate isomerase,16.655467987060547,4.127730846405029,12.52773666381836,2.0125715732574463,0.010455229319632053
2pkea,28,3755,0.992112398147583,IPR000672,Tetrahydrofolate dehydrogenase/cyclohydrolase,18.045818328857422,4.124248027801514,13.92156982421875,2.129457950592041,0.0012469383655115962
2pkea,28,3755,0.9866315126419067,IPR001980,Phosphopantetheine adenylyltransferase,16.84505271911621,4.123623847961426,12.721428871154785,2.030336856842041,0.00011614444520091638
2pkea,28,3755,0.9681157469749451,IPR002220,DapA-like,14.977932929992676,4.125903606414795,10.852029800415039,1.8600529432296753,0.0002137037954526022
2pkea,28,3755,0.9689913988113403,IPR005263,"4-hydroxy-tetrahydrodipicolinate synthase, DapA",15.056568145751953,4.12684965133667,10.929718017578125,1.867276668548584,0.0007465359522029757
2pkea,28,3755,0.9527315497398376,IPR006062,Histidine biosynthesis protein,13.72119140625,4.115785121917725,9.605405807495117,1.7371625900268555,1.0002260131258822e-10
2pkea,28,3755,0.9787521362304688,IPR006130,Aspartate/ornithine carbamoyltransferase,15.921722412109375,4.126470565795898,11.795251846313477,1.9480125904083252,0.001094227540306747
2pkea,28,3755,0.9857049584388733,IPR022896,"Triosephosphate isomerase, bacterial/eukaryotic",16.732980728149414,4.128876686096191,12.604104042053223,2.018869638442993,0.0418730229139328
2pkea,28,3755,0.9609897136688232,IPR011060,Ribulose-phosphate binding barrel,14.359063148498535,4.068313121795654,10.290750503540039,1.8194555044174194,9.329659890186485e-36
2pkea,28,3755,0.985004186630249,IPR035990,Triosephosphate isomerase superfamily,16.655467987060547,4.127730846405029,12.52773666381836,2.0125715732574463,0.010455229319632053
2pkea,28,3755,0.9787521362304688,IPR036901,Aspartate/ornithine carbamoyltransferase superfamily,15.921722412109375,4.126470565795898,11.795251846313477,1.9480125904083252,0.001094227540306747
2pkea,28,3755,0.9610966444015503,IPR040442,Pyruvate kinase-like domain superfamily,14.929948806762695,4.127077579498291,10.802871704101562,1.8550132513046265,0.001680307905189693
2pkea,28,3755,0.9584804177284241,IPR046346,"Aminoacid dehydrogenase-like, N-terminal domain superfamily",15.976741790771484,4.110925197601318,11.865816116333008,1.9584347009658813,4.61802818207957e-10
2pkea,28,3995,0.9715459942817688,IPR020625,"Schiff base-forming aldolase, active site",12.68771743774414,3.8468799591064453,8.840837478637695,1.7216681241989136,0.0005973734660074115
2pkea,28,3995,0.9752461910247803,IPR020861,"Triosephosphate isomerase, active site",12.870312690734863,3.84926176071167,9.021051406860352,1.7413896322250366,0.025745155289769173
2pkea,28,3995,0.9670881628990173,IPR006131,"Aspartate/ornithine carbamoyltransferase, Asp/Orn-binding domain",12.484949111938477,3.8481109142303467,8.63683795928955,1.6979639530181885,0.0036013098433613777
2pkea,28,3995,0.9670881628990173,IPR006132,"Aspartate/ornithine carbamoyltransferase, carbamoyl-P binding",12.484949111938477,3.8481109142303467,8.63683795928955,1.6979639530181885,0.0036013098433613777
2pkea,28,3995,0.9714762568473816,IPR006137,"NADH:ubiquinone oxidoreductase-like, 20kDa subunit",13.253011703491211,3.847745418548584,9.405265808105469,1.7842313051223755,0.00914873369038105
2pkea,28,3995,0.9967854619026184,IPR020630,"Tetrahydrofolate dehydrogenase/cyclohydrolase, catalytic domain",16.10587501525879,3.8431732654571533,12.262701988220215,2.067213535308838,0.0008258786401711404
2pkea,28,3995,0.9967854619026184,IPR020631,"Tetrahydrofolate dehydrogenase/cyclohydrolase, NAD(P)-binding domain",16.10587501525879,3.8431732654571533,12.262701988220215,2.067213535308838,0.0008258786401711404
2pkea,28,3995,0.9752461910247803,IPR000652,Triosephosphate isomerase,12.870312690734863,3.84926176071167,9.021051406860352,1.7413896322250366,0.025745155289769173
2pkea,28,3995,0.9967854619026184,IPR000672,Tetrahydrofolate dehydrogenase/cyclohydrolase,16.10587501525879,3.8431732654571533,12.262701988220215,2.067213535308838,0.0008258786401711404
2pkea,28,3995,0.9808182716369629,IPR001980,Phosphopantetheine adenylyltransferase,13.17361068725586,3.846003770828247,9.327607154846191,1.7762149572372437,0.000225745519855991
2pkea,28,3995,0.9706996083259583,IPR002220,DapA-like,12.64809513092041,3.846069574356079,8.80202579498291,1.7174595594406128,0.00016846066864673048
2pkea,28,3995,0.9715459942817688,IPR005263,"4-hydroxy-tetrahydrodipicolinate synthase, DapA",12.68771743774414,3.8468799591064453,8.840837478637695,1.7216681241989136,0.0005973734660074115
2pkea,28,3995,0.9621163010597229,IPR006062,Histidine biosynthesis protein,12.22705078125,3.835941791534424,8.391109466552734,1.6724199056625366,2.022674215618192e-11
2pkea,28,3995,0.9670881628990173,IPR006130,Aspartate/ornithine carbamoyltransferase,12.484949111938477,3.8481109142303467,8.63683795928955,1.6979639530181885,0.0036013098433613777
2pkea,28,3995,0.9545079469680786,IPR023016,HisA/PriA,11.902573585510254,3.84910249710083,8.053470611572266,1.6286758184432983,0.012073441408574581
2pkea,28,3995,0.953427255153656,IPR044524,"Histidine biosynthesis, HisA-like",11.857421875,3.848376989364624,8.009044647216797,1.623464584350586,0.003795214928686619
2pkea,28,3995,0.9706292748451233,IPR050064,Imidazole glycerol phosphate synthase HisA/HisF,12.654687881469727,3.849585771560669,8.805102348327637,1.7168930768966675,0.03851350396871567
2pkea,28,3995,0.9619390368461609,IPR011060,Ribulose-phosphate binding barrel,12.15110969543457,3.7993197441101074,8.351789474487305,1.6772712469100952,7.301472957537249e-36
2pkea,28,3995,0.9752461910247803,IPR035990,Triosephosphate isomerase superfamily,12.870312690734863,3.84926176071167,9.021051406860352,1.7413896322250366,0.025745155289769173
2pkea,28,3995,0.9670881628990173,IPR036901,Aspartate/ornithine carbamoyltransferase superfamily,12.484949111938477,3.8481109142303467,8.63683795928955,1.6979639530181885,0.0036013098433613777
2pkea,28,3995,0.985120415687561,IPR040442,Pyruvate kinase-like domain superfamily,14.412555694580078,3.8437700271606445,10.568785667419434,1.9067285060882568,0.00014283503696788102
2pkea,28,3995,0.958893358707428,IPR046346,"Aminoacid dehydrogenase-like, N-terminal domain superfamily",14.022500991821289,3.8322224617004395,10.190279006958008,1.8714866638183594,4.605637815568997e-10
2pkea,28,4021,0.9751051664352417,IPR004160,"Translation elongation factor EFTu/EF1A, C-terminal",19.69502067565918,14.247976303100586,5.447044372558594,0.46707287430763245,0.0004398311721161008
2pkea,28,4021,0.957403302192688,IPR013848,"Methylthiotransferase, N-terminal",19.424341201782227,14.247945785522461,5.176395416259766,0.44711074233055115,0.0007543107494711876
2pkea,28,4021,0.9751051664352417,IPR033720,"Elongation factor Tu, domain 2",19.69502067565918,14.247976303100586,5.447044372558594,0.46707287430763245,0.0004398311721161008
2pkea,28,4021,0.9751051664352417,IPR041709,"Elongation factor Tu (EF-Tu), GTP-binding domain",19.69502067565918,14.247976303100586,5.447044372558594,0.46707287430763245,0.0004398311721161008
2pkea,28,4021,0.9751051664352417,IPR004541,"Translation elongation factor EFTu/EF1A, bacterial/organelle",19.69502067565918,14.247976303100586,5.447044372558594,0.46707287430763245,0.0004398311721161008
2pkea,28,4021,0.957403302192688,IPR005839,Methylthiotransferase,19.424341201782227,14.247945785522461,5.176395416259766,0.44711074233055115,0.0007543107494711876
2pkea,28,4021,0.9541161060333252,IPR023016,HisA/PriA,19.319852828979492,14.249160766601562,5.07069206237793,0.43920621275901794,0.013258461840450764
2pkea,28,4021,0.9751051664352417,IPR050055,Elongation factor Tu GTPase,19.69502067565918,14.247976303100586,5.447044372558594,0.46707287430763245,0.0004398311721161008
2pkea,28,4021,0.957403302192688,IPR038135,"Methylthiotransferase, N-terminal domain superfamily",19.424341201782227,14.247945785522461,5.176395416259766,0.44711074233055115,0.0007543107494711876
